ISO-10303-21;
HEADER;
FILE_DESCRIPTION(('KiCad electronic assembly'),'2;1');
FILE_NAME('BLARE_ALARM.step','2026-09-25T18:31:24',('Pcbnew'),('Kicad'),
  'Open CASCADE STEP processor 7.9','KiCad to STEP converter','Unknown'
  );
FILE_SCHEMA(('AUTOMOTIVE_DESIGN { 1 0 10303 214 1 1 1 1 }'));
ENDSEC;
DATA;
#1 = APPLICATION_PROTOCOL_DEFINITION('international standard',
  'automotive_design',2000,#2);
#2 = APPLICATION_CONTEXT(
  'core data for automotive mechanical design processes');
#3 = SHAPE_DEFINITION_REPRESENTATION(#4,#10);
#4 = PRODUCT_DEFINITION_SHAPE('','',#5);
#5 = PRODUCT_DEFINITION('design','',#6,#9);
#6 = PRODUCT_DEFINITION_FORMATION('','',#7);
#7 = PRODUCT('BLARE_ALARM 1','BLARE_ALARM 1','',(#8));
#8 = PRODUCT_CONTEXT('',#2,'mechanical');
#9 = PRODUCT_DEFINITION_CONTEXT('part definition',#2,'design');
#10 = SHAPE_REPRESENTATION('',(#11,#15,#19,#23),#27);
#11 = AXIS2_PLACEMENT_3D('',#12,#13,#14);
#12 = CARTESIAN_POINT('',(0.,0.,0.));
#13 = DIRECTION('',(0.,0.,1.));
#14 = DIRECTION('',(1.,0.,-0.));
#15 = AXIS2_PLACEMENT_3D('',#16,#17,#18);
#16 = CARTESIAN_POINT('',(68.,-108.,1.595));
#17 = DIRECTION('',(0.,0.,1.));
#18 = DIRECTION('',(1.,0.,0.));
#19 = AXIS2_PLACEMENT_3D('',#20,#21,#22);
#20 = CARTESIAN_POINT('',(86.76,-122.,-8.5E-02));
#21 = DIRECTION('',(-1.224646799147E-16,-1.359631073447E-32,-1.));
#22 = DIRECTION('',(1.110223024625E-16,-1.,0.));
#23 = AXIS2_PLACEMENT_3D('',#24,#25,#26);
#24 = CARTESIAN_POINT('',(0.,0.,0.));
#25 = DIRECTION('',(0.,0.,1.));
#26 = DIRECTION('',(1.,0.,-0.));
#27 = ( GEOMETRIC_REPRESENTATION_CONTEXT(3) 
GLOBAL_UNCERTAINTY_ASSIGNED_CONTEXT((#31)) GLOBAL_UNIT_ASSIGNED_CONTEXT(
(#28,#29,#30)) REPRESENTATION_CONTEXT('Context #1',
  '3D Context with UNIT and UNCERTAINTY') );
#28 = ( LENGTH_UNIT() NAMED_UNIT(*) SI_UNIT(.MILLI.,.METRE.) );
#29 = ( NAMED_UNIT(*) PLANE_ANGLE_UNIT() SI_UNIT($,.RADIAN.) );
#30 = ( NAMED_UNIT(*) SI_UNIT($,.STERADIAN.) SOLID_ANGLE_UNIT() );
#31 = UNCERTAINTY_MEASURE_WITH_UNIT(LENGTH_MEASURE(1.E-07),#28,
  'distance_accuracy_value','confusion accuracy');
#32 = PRODUCT_RELATED_PRODUCT_CATEGORY('part',$,(#7));
#33 = SHAPE_DEFINITION_REPRESENTATION(#34,#40);
#34 = PRODUCT_DEFINITION_SHAPE('','',#35);
#35 = PRODUCT_DEFINITION('design','',#36,#39);
#36 = PRODUCT_DEFINITION_FORMATION('','',#37);
#37 = PRODUCT('Buzzer_12x9.5RM7.6','Buzzer_12x9.5RM7.6','',(#38));
#38 = PRODUCT_CONTEXT('',#2,'mechanical');
#39 = PRODUCT_DEFINITION_CONTEXT('part definition',#2,'design');
#40 = SHAPE_REPRESENTATION('',(#11,#41),#45);
#41 = AXIS2_PLACEMENT_3D('',#42,#43,#44);
#42 = CARTESIAN_POINT('',(0.,0.,0.));
#43 = DIRECTION('',(0.,0.,1.));
#44 = DIRECTION('',(1.,0.,-0.));
#45 = ( GEOMETRIC_REPRESENTATION_CONTEXT(3) 
GLOBAL_UNCERTAINTY_ASSIGNED_CONTEXT((#49)) GLOBAL_UNIT_ASSIGNED_CONTEXT(
(#46,#47,#48)) REPRESENTATION_CONTEXT('Context #1',
  '3D Context with UNIT and UNCERTAINTY') );
#46 = ( LENGTH_UNIT() NAMED_UNIT(*) SI_UNIT(.MILLI.,.METRE.) );
#47 = ( NAMED_UNIT(*) PLANE_ANGLE_UNIT() SI_UNIT($,.RADIAN.) );
#48 = ( NAMED_UNIT(*) SI_UNIT($,.STERADIAN.) SOLID_ANGLE_UNIT() );
#49 = UNCERTAINTY_MEASURE_WITH_UNIT(LENGTH_MEASURE(1.E-07),#46,
  'distance_accuracy_value','confusion accuracy');
#50 = CONTEXT_DEPENDENT_SHAPE_REPRESENTATION(#51,#53);
#51 = ( REPRESENTATION_RELATIONSHIP('','',#40,#10) 
REPRESENTATION_RELATIONSHIP_WITH_TRANSFORMATION(#52) 
SHAPE_REPRESENTATION_RELATIONSHIP() );
#52 = ITEM_DEFINED_TRANSFORMATION('','',#11,#15);
#53 = PRODUCT_DEFINITION_SHAPE('Placement','Placement of an item',#54);
#54 = NEXT_ASSEMBLY_USAGE_OCCURRENCE('2','BZ1','',#5,#35,$);
#55 = PRODUCT_RELATED_PRODUCT_CATEGORY('part',$,(#37));
#56 = SHAPE_DEFINITION_REPRESENTATION(#57,#63);
#57 = PRODUCT_DEFINITION_SHAPE('','',#58);
#58 = PRODUCT_DEFINITION('design','',#59,#62);
#59 = PRODUCT_DEFINITION_FORMATION('','',#60);
#60 = PRODUCT('Buzzer_12x95RM76','Buzzer_12x95RM76','',(#61));
#61 = PRODUCT_CONTEXT('',#2,'mechanical');
#62 = PRODUCT_DEFINITION_CONTEXT('part definition',#2,'design');
#63 = ADVANCED_BREP_SHAPE_REPRESENTATION('',(#11,#64),#356);
#64 = MANIFOLD_SOLID_BREP('',#65);
#65 = CLOSED_SHELL('',(#66,#99,#125,#151,#182,#202,#227,#252,#277,#303,
    #329,#338,#347));
#66 = ADVANCED_FACE('',(#67),#94,.T.);
#67 = FACE_BOUND('',#68,.T.);
#68 = EDGE_LOOP('',(#69,#78,#86,#93));
#69 = ORIENTED_EDGE('',*,*,#70,.T.);
#70 = EDGE_CURVE('',#71,#71,#73,.T.);
#71 = VERTEX_POINT('',#72);
#72 = CARTESIAN_POINT('',(9.8,1.804356723968E-35,0.33));
#73 = CIRCLE('',#74,6.);
#74 = AXIS2_PLACEMENT_3D('',#75,#76,#77);
#75 = CARTESIAN_POINT('',(3.8,1.804356723968E-35,0.33));
#76 = DIRECTION('',(-8.559688641721E-35,6.014522413226E-35,1.));
#77 = DIRECTION('',(1.,6.690258951221E-52,8.559688641721E-35));
#78 = ORIENTED_EDGE('',*,*,#79,.T.);
#79 = EDGE_CURVE('',#71,#80,#82,.T.);
#80 = VERTEX_POINT('',#81);
#81 = CARTESIAN_POINT('',(9.8,-8.91040357515E-35,8.048518518519));
#82 = LINE('',#83,#84);
#83 = CARTESIAN_POINT('',(9.8,0.,3.E-02));
#84 = VECTOR('',#85,1.);
#85 = DIRECTION('',(0.,0.,1.));
#86 = ORIENTED_EDGE('',*,*,#87,.F.);
#87 = EDGE_CURVE('',#80,#80,#88,.T.);
#88 = CIRCLE('',#89,6.);
#89 = AXIS2_PLACEMENT_3D('',#90,#91,#92);
#90 = CARTESIAN_POINT('',(3.8,-8.91040357515E-35,8.048518518519));
#91 = DIRECTION('',(-8.559688641721E-35,6.014522413226E-35,1.));
#92 = DIRECTION('',(1.,8.259101077374E-51,8.559688641721E-35));
#93 = ORIENTED_EDGE('',*,*,#79,.F.);
#94 = CYLINDRICAL_SURFACE('',#95,6.);
#95 = AXIS2_PLACEMENT_3D('',#96,#97,#98);
#96 = CARTESIAN_POINT('',(3.8,0.,3.E-02));
#97 = DIRECTION('',(-0.,-0.,-1.));
#98 = DIRECTION('',(1.,0.,0.));
#99 = ADVANCED_FACE('',(#100),#120,.T.);
#100 = FACE_BOUND('',#101,.T.);
#101 = EDGE_LOOP('',(#102,#111,#118,#119));
#102 = ORIENTED_EDGE('',*,*,#103,.T.);
#103 = EDGE_CURVE('',#104,#104,#106,.T.);
#104 = VERTEX_POINT('',#105);
#105 = CARTESIAN_POINT('',(9.5,2.672764710092E-51,3.E-02));
#106 = CIRCLE('',#107,5.7);
#107 = AXIS2_PLACEMENT_3D('',#108,#109,#110);
#108 = CARTESIAN_POINT('',(3.8,0.,3.E-02));
#109 = DIRECTION('',(-8.559688641721E-35,6.014522413226E-35,1.));
#110 = DIRECTION('',(1.,6.690258951221E-52,8.559688641721E-35));
#111 = ORIENTED_EDGE('',*,*,#112,.F.);
#112 = EDGE_CURVE('',#71,#104,#113,.T.);
#113 = CIRCLE('',#114,0.3);
#114 = AXIS2_PLACEMENT_3D('',#115,#116,#117);
#115 = CARTESIAN_POINT('',(9.5,9.021783619839E-37,0.33));
#116 = DIRECTION('',(3.007261206613E-36,1.,-6.014522413226E-35));
#117 = DIRECTION('',(1.,-3.007261206613E-36,8.559688641721E-35));
#118 = ORIENTED_EDGE('',*,*,#70,.F.);
#119 = ORIENTED_EDGE('',*,*,#112,.T.);
#120 = TOROIDAL_SURFACE('',#121,5.7,0.3);
#121 = AXIS2_PLACEMENT_3D('',#122,#123,#124);
#122 = CARTESIAN_POINT('',(3.8,1.804356723968E-35,0.33));
#123 = DIRECTION('',(8.559688641721E-35,-6.014522413226E-35,-1.));
#124 = DIRECTION('',(1.,6.690258951221E-52,8.559688641721E-35));
#125 = ADVANCED_FACE('',(#126),#146,.T.);
#126 = FACE_BOUND('',#127,.T.);
#127 = EDGE_LOOP('',(#128,#137,#138,#139));
#128 = ORIENTED_EDGE('',*,*,#129,.F.);
#129 = EDGE_CURVE('',#80,#130,#132,.T.);
#130 = VERTEX_POINT('',#131);
#131 = CARTESIAN_POINT('',(8.318518518519,3.207317652111E-50,9.53));
#132 = CIRCLE('',#133,1.481481481481);
#133 = AXIS2_PLACEMENT_3D('',#134,#135,#136);
#134 = CARTESIAN_POINT('',(8.318518518519,-8.91040357515E-35,
    8.048518518519));
#135 = DIRECTION('',(8.259101077374E-51,-1.,6.014522413226E-35));
#136 = DIRECTION('',(1.,8.259101077374E-51,8.559688641721E-35));
#137 = ORIENTED_EDGE('',*,*,#87,.T.);
#138 = ORIENTED_EDGE('',*,*,#129,.T.);
#139 = ORIENTED_EDGE('',*,*,#140,.F.);
#140 = EDGE_CURVE('',#130,#130,#141,.T.);
#141 = CIRCLE('',#142,4.518518518519);
#142 = AXIS2_PLACEMENT_3D('',#143,#144,#145);
#143 = CARTESIAN_POINT('',(3.8,0.,9.53));
#144 = DIRECTION('',(-8.559688641721E-35,6.014522413226E-35,1.));
#145 = DIRECTION('',(1.,8.259101077374E-51,8.559688641721E-35));
#146 = TOROIDAL_SURFACE('',#147,4.518518518519,1.481481481481);
#147 = AXIS2_PLACEMENT_3D('',#148,#149,#150);
#148 = CARTESIAN_POINT('',(3.8,-8.91040357515E-35,8.048518518519));
#149 = DIRECTION('',(-8.559688641721E-35,6.014522413226E-35,1.));
#150 = DIRECTION('',(1.,8.259101077374E-51,8.559688641721E-35));
#151 = ADVANCED_FACE('',(#152,#155,#166),#177,.F.);
#152 = FACE_BOUND('',#153,.F.);
#153 = EDGE_LOOP('',(#154));
#154 = ORIENTED_EDGE('',*,*,#103,.T.);
#155 = FACE_BOUND('',#156,.F.);
#156 = EDGE_LOOP('',(#157));
#157 = ORIENTED_EDGE('',*,*,#158,.F.);
#158 = EDGE_CURVE('',#159,#159,#161,.T.);
#159 = VERTEX_POINT('',#160);
#160 = CARTESIAN_POINT('',(0.45,0.,3.E-02));
#161 = CIRCLE('',#162,0.45);
#162 = AXIS2_PLACEMENT_3D('',#163,#164,#165);
#163 = CARTESIAN_POINT('',(0.,0.,3.E-02));
#164 = DIRECTION('',(0.,0.,1.));
#165 = DIRECTION('',(1.,0.,-0.));
#166 = FACE_BOUND('',#167,.F.);
#167 = EDGE_LOOP('',(#168));
#168 = ORIENTED_EDGE('',*,*,#169,.F.);
#169 = EDGE_CURVE('',#170,#170,#172,.T.);
#170 = VERTEX_POINT('',#171);
#171 = CARTESIAN_POINT('',(8.05,0.,3.E-02));
#172 = CIRCLE('',#173,0.45);
#173 = AXIS2_PLACEMENT_3D('',#174,#175,#176);
#174 = CARTESIAN_POINT('',(7.6,0.,3.E-02));
#175 = DIRECTION('',(0.,0.,1.));
#176 = DIRECTION('',(1.,0.,-0.));
#177 = PLANE('',#178);
#178 = AXIS2_PLACEMENT_3D('',#179,#180,#181);
#179 = CARTESIAN_POINT('',(3.8,2.108840176837E-16,3.E-02));
#180 = DIRECTION('',(-8.559688641721E-35,6.014522413226E-35,1.));
#181 = DIRECTION('',(1.,0.,8.559688641721E-35));
#182 = ADVANCED_FACE('',(#183,#186),#197,.T.);
#183 = FACE_BOUND('',#184,.T.);
#184 = EDGE_LOOP('',(#185));
#185 = ORIENTED_EDGE('',*,*,#140,.T.);
#186 = FACE_BOUND('',#187,.T.);
#187 = EDGE_LOOP('',(#188));
#188 = ORIENTED_EDGE('',*,*,#189,.T.);
#189 = EDGE_CURVE('',#190,#190,#192,.T.);
#190 = VERTEX_POINT('',#191);
#191 = CARTESIAN_POINT('',(4.8,0.,9.53));
#192 = CIRCLE('',#193,1.);
#193 = AXIS2_PLACEMENT_3D('',#194,#195,#196);
#194 = CARTESIAN_POINT('',(3.8,0.,9.53));
#195 = DIRECTION('',(0.,0.,-1.));
#196 = DIRECTION('',(1.,0.,0.));
#197 = PLANE('',#198);
#198 = AXIS2_PLACEMENT_3D('',#199,#200,#201);
#199 = CARTESIAN_POINT('',(3.8,2.108840176837E-16,9.53));
#200 = DIRECTION('',(-8.559688641721E-35,6.014522413226E-35,1.));
#201 = DIRECTION('',(1.,0.,8.559688641721E-35));
#202 = ADVANCED_FACE('',(#203),#222,.T.);
#203 = FACE_BOUND('',#204,.T.);
#204 = EDGE_LOOP('',(#205,#206,#214,#221));
#205 = ORIENTED_EDGE('',*,*,#158,.F.);
#206 = ORIENTED_EDGE('',*,*,#207,.T.);
#207 = EDGE_CURVE('',#159,#208,#210,.T.);
#208 = VERTEX_POINT('',#209);
#209 = CARTESIAN_POINT('',(0.45,0.,-2.82));
#210 = LINE('',#211,#212);
#211 = CARTESIAN_POINT('',(0.45,0.,1.03));
#212 = VECTOR('',#213,1.);
#213 = DIRECTION('',(-0.,-0.,-1.));
#214 = ORIENTED_EDGE('',*,*,#215,.T.);
#215 = EDGE_CURVE('',#208,#208,#216,.T.);
#216 = CIRCLE('',#217,0.45);
#217 = AXIS2_PLACEMENT_3D('',#218,#219,#220);
#218 = CARTESIAN_POINT('',(0.,0.,-2.82));
#219 = DIRECTION('',(0.,0.,1.));
#220 = DIRECTION('',(1.,0.,-0.));
#221 = ORIENTED_EDGE('',*,*,#207,.F.);
#222 = CYLINDRICAL_SURFACE('',#223,0.45);
#223 = AXIS2_PLACEMENT_3D('',#224,#225,#226);
#224 = CARTESIAN_POINT('',(0.,0.,1.03));
#225 = DIRECTION('',(0.,0.,1.));
#226 = DIRECTION('',(1.,0.,-0.));
#227 = ADVANCED_FACE('',(#228),#247,.T.);
#228 = FACE_BOUND('',#229,.T.);
#229 = EDGE_LOOP('',(#230,#231,#239,#246));
#230 = ORIENTED_EDGE('',*,*,#169,.F.);
#231 = ORIENTED_EDGE('',*,*,#232,.T.);
#232 = EDGE_CURVE('',#170,#233,#235,.T.);
#233 = VERTEX_POINT('',#234);
#234 = CARTESIAN_POINT('',(8.05,6.042804770876E-33,-2.82));
#235 = LINE('',#236,#237);
#236 = CARTESIAN_POINT('',(8.05,0.,1.03));
#237 = VECTOR('',#238,1.);
#238 = DIRECTION('',(-0.,-0.,-1.));
#239 = ORIENTED_EDGE('',*,*,#240,.T.);
#240 = EDGE_CURVE('',#233,#233,#241,.T.);
#241 = CIRCLE('',#242,0.45);
#242 = AXIS2_PLACEMENT_3D('',#243,#244,#245);
#243 = CARTESIAN_POINT('',(7.6,-1.29542663314E-31,-2.82));
#244 = DIRECTION('',(-1.19708830782E-30,3.357113761597E-32,1.));
#245 = DIRECTION('',(1.,3.013010401886E-31,1.19708830782E-30));
#246 = ORIENTED_EDGE('',*,*,#232,.F.);
#247 = CYLINDRICAL_SURFACE('',#248,0.45);
#248 = AXIS2_PLACEMENT_3D('',#249,#250,#251);
#249 = CARTESIAN_POINT('',(7.6,0.,1.03));
#250 = DIRECTION('',(0.,0.,1.));
#251 = DIRECTION('',(1.,0.,-0.));
#252 = ADVANCED_FACE('',(#253),#272,.F.);
#253 = FACE_BOUND('',#254,.F.);
#254 = EDGE_LOOP('',(#255,#263,#264,#265));
#255 = ORIENTED_EDGE('',*,*,#256,.T.);
#256 = EDGE_CURVE('',#257,#190,#259,.T.);
#257 = VERTEX_POINT('',#258);
#258 = CARTESIAN_POINT('',(4.8,0.,9.33));
#259 = LINE('',#260,#261);
#260 = CARTESIAN_POINT('',(4.8,0.,1.93));
#261 = VECTOR('',#262,1.);
#262 = DIRECTION('',(0.,0.,1.));
#263 = ORIENTED_EDGE('',*,*,#189,.T.);
#264 = ORIENTED_EDGE('',*,*,#256,.F.);
#265 = ORIENTED_EDGE('',*,*,#266,.T.);
#266 = EDGE_CURVE('',#257,#257,#267,.T.);
#267 = CIRCLE('',#268,1.);
#268 = AXIS2_PLACEMENT_3D('',#269,#270,#271);
#269 = CARTESIAN_POINT('',(3.8,0.,9.33));
#270 = DIRECTION('',(0.,0.,1.));
#271 = DIRECTION('',(1.,0.,-0.));
#272 = CYLINDRICAL_SURFACE('',#273,1.);
#273 = AXIS2_PLACEMENT_3D('',#274,#275,#276);
#274 = CARTESIAN_POINT('',(3.8,0.,1.93));
#275 = DIRECTION('',(-0.,-0.,-1.));
#276 = DIRECTION('',(1.,0.,0.));
#277 = ADVANCED_FACE('',(#278),#298,.T.);
#278 = FACE_BOUND('',#279,.T.);
#279 = EDGE_LOOP('',(#280,#289,#296,#297));
#280 = ORIENTED_EDGE('',*,*,#281,.T.);
#281 = EDGE_CURVE('',#282,#282,#284,.T.);
#282 = VERTEX_POINT('',#283);
#283 = CARTESIAN_POINT('',(0.27,0.,-3.));
#284 = CIRCLE('',#285,0.27);
#285 = AXIS2_PLACEMENT_3D('',#286,#287,#288);
#286 = CARTESIAN_POINT('',(0.,0.,-3.));
#287 = DIRECTION('',(0.,0.,1.));
#288 = DIRECTION('',(1.,0.,-0.));
#289 = ORIENTED_EDGE('',*,*,#290,.F.);
#290 = EDGE_CURVE('',#208,#282,#291,.T.);
#291 = CIRCLE('',#292,0.18);
#292 = AXIS2_PLACEMENT_3D('',#293,#294,#295);
#293 = CARTESIAN_POINT('',(0.27,0.,-2.82));
#294 = DIRECTION('',(-0.,1.,0.));
#295 = DIRECTION('',(1.,0.,0.));
#296 = ORIENTED_EDGE('',*,*,#215,.F.);
#297 = ORIENTED_EDGE('',*,*,#290,.T.);
#298 = TOROIDAL_SURFACE('',#299,0.27,0.18);
#299 = AXIS2_PLACEMENT_3D('',#300,#301,#302);
#300 = CARTESIAN_POINT('',(0.,0.,-2.82));
#301 = DIRECTION('',(-0.,-0.,-1.));
#302 = DIRECTION('',(1.,0.,0.));
#303 = ADVANCED_FACE('',(#304),#324,.T.);
#304 = FACE_BOUND('',#305,.T.);
#305 = EDGE_LOOP('',(#306,#315,#322,#323));
#306 = ORIENTED_EDGE('',*,*,#307,.T.);
#307 = EDGE_CURVE('',#308,#308,#310,.T.);
#308 = VERTEX_POINT('',#309);
#309 = CARTESIAN_POINT('',(7.87,-5.423418723394E-32,-3.));
#310 = CIRCLE('',#311,0.27);
#311 = AXIS2_PLACEMENT_3D('',#312,#313,#314);
#312 = CARTESIAN_POINT('',(7.6,-1.355854680849E-31,-3.));
#313 = DIRECTION('',(-1.19708830782E-30,3.357113761597E-32,1.));
#314 = DIRECTION('',(1.,3.013010401886E-31,1.19708830782E-30));
#315 = ORIENTED_EDGE('',*,*,#316,.F.);
#316 = EDGE_CURVE('',#233,#308,#317,.T.);
#317 = CIRCLE('',#318,0.18);
#318 = AXIS2_PLACEMENT_3D('',#319,#320,#321);
#319 = CARTESIAN_POINT('',(7.87,-5.181706532559E-32,-2.82));
#320 = DIRECTION('',(-2.878725851422E-31,1.,-3.357113761597E-32));
#321 = DIRECTION('',(1.,2.878725851422E-31,1.19708830782E-30));
#322 = ORIENTED_EDGE('',*,*,#240,.F.);
#323 = ORIENTED_EDGE('',*,*,#316,.T.);
#324 = TOROIDAL_SURFACE('',#325,0.27,0.18);
#325 = AXIS2_PLACEMENT_3D('',#326,#327,#328);
#326 = CARTESIAN_POINT('',(7.6,-1.29542663314E-31,-2.82));
#327 = DIRECTION('',(1.19708830782E-30,-3.357113761597E-32,-1.));
#328 = DIRECTION('',(1.,3.013010401886E-31,1.19708830782E-30));
#329 = ADVANCED_FACE('',(#330),#333,.T.);
#330 = FACE_BOUND('',#331,.T.);
#331 = EDGE_LOOP('',(#332));
#332 = ORIENTED_EDGE('',*,*,#266,.T.);
#333 = PLANE('',#334);
#334 = AXIS2_PLACEMENT_3D('',#335,#336,#337);
#335 = CARTESIAN_POINT('',(3.8,8.737595245399E-17,9.33));
#336 = DIRECTION('',(-4.930380657631E-31,-1.632186346944E-32,1.));
#337 = DIRECTION('',(1.,0.,4.930380657631E-31));
#338 = ADVANCED_FACE('',(#339),#342,.F.);
#339 = FACE_BOUND('',#340,.F.);
#340 = EDGE_LOOP('',(#341));
#341 = ORIENTED_EDGE('',*,*,#281,.T.);
#342 = PLANE('',#343);
#343 = AXIS2_PLACEMENT_3D('',#344,#345,#346);
#344 = CARTESIAN_POINT('',(-1.18701400394E-17,2.911085817041E-17,-3.));
#345 = DIRECTION('',(0.,0.,1.));
#346 = DIRECTION('',(1.,0.,-0.));
#347 = ADVANCED_FACE('',(#348),#351,.F.);
#348 = FACE_BOUND('',#349,.F.);
#349 = EDGE_LOOP('',(#350));
#350 = ORIENTED_EDGE('',*,*,#307,.T.);
#351 = PLANE('',#352);
#352 = AXIS2_PLACEMENT_3D('',#353,#354,#355);
#353 = CARTESIAN_POINT('',(7.6,-1.836970198721E-17,-3.));
#354 = DIRECTION('',(-1.19708830782E-30,3.357113761597E-32,1.));
#355 = DIRECTION('',(1.,0.,1.19708830782E-30));
#356 = ( GEOMETRIC_REPRESENTATION_CONTEXT(3) 
GLOBAL_UNCERTAINTY_ASSIGNED_CONTEXT((#360)) GLOBAL_UNIT_ASSIGNED_CONTEXT
((#357,#358,#359)) REPRESENTATION_CONTEXT('Context #1',
  '3D Context with UNIT and UNCERTAINTY') );
#357 = ( LENGTH_UNIT() NAMED_UNIT(*) SI_UNIT(.MILLI.,.METRE.) );
#358 = ( NAMED_UNIT(*) PLANE_ANGLE_UNIT() SI_UNIT($,.RADIAN.) );
#359 = ( NAMED_UNIT(*) SI_UNIT($,.STERADIAN.) SOLID_ANGLE_UNIT() );
#360 = UNCERTAINTY_MEASURE_WITH_UNIT(LENGTH_MEASURE(1.E-07),#357,
  'distance_accuracy_value','confusion accuracy');
#361 = CONTEXT_DEPENDENT_SHAPE_REPRESENTATION(#362,#364);
#362 = ( REPRESENTATION_RELATIONSHIP('','',#63,#40) 
REPRESENTATION_RELATIONSHIP_WITH_TRANSFORMATION(#363) 
SHAPE_REPRESENTATION_RELATIONSHIP() );
#363 = ITEM_DEFINED_TRANSFORMATION('','',#11,#41);
#364 = PRODUCT_DEFINITION_SHAPE('Placement','Placement of an item',#365
  );
#365 = NEXT_ASSEMBLY_USAGE_OCCURRENCE('1','=>[0:1:1:3]','',#35,#58,$);
#366 = PRODUCT_RELATED_PRODUCT_CATEGORY('part',$,(#60));
#367 = SHAPE_DEFINITION_REPRESENTATION(#368,#374);
#368 = PRODUCT_DEFINITION_SHAPE('','',#369);
#369 = PRODUCT_DEFINITION('design','',#370,#373);
#370 = PRODUCT_DEFINITION_FORMATION('','',#371);
#371 = PRODUCT('PinSocket_1x08_P2.54mm_Vertical',
  'PinSocket_1x08_P2.54mm_Vertical','',(#372));
#372 = PRODUCT_CONTEXT('',#2,'mechanical');
#373 = PRODUCT_DEFINITION_CONTEXT('part definition',#2,'design');
#374 = SHAPE_REPRESENTATION('',(#11,#375),#379);
#375 = AXIS2_PLACEMENT_3D('',#376,#377,#378);
#376 = CARTESIAN_POINT('',(0.,0.,0.));
#377 = DIRECTION('',(0.,0.,1.));
#378 = DIRECTION('',(1.,0.,-0.));
#379 = ( GEOMETRIC_REPRESENTATION_CONTEXT(3) 
GLOBAL_UNCERTAINTY_ASSIGNED_CONTEXT((#383)) GLOBAL_UNIT_ASSIGNED_CONTEXT
((#380,#381,#382)) REPRESENTATION_CONTEXT('Context #1',
  '3D Context with UNIT and UNCERTAINTY') );
#380 = ( LENGTH_UNIT() NAMED_UNIT(*) SI_UNIT(.MILLI.,.METRE.) );
#381 = ( NAMED_UNIT(*) PLANE_ANGLE_UNIT() SI_UNIT($,.RADIAN.) );
#382 = ( NAMED_UNIT(*) SI_UNIT($,.STERADIAN.) SOLID_ANGLE_UNIT() );
#383 = UNCERTAINTY_MEASURE_WITH_UNIT(LENGTH_MEASURE(1.E-07),#380,
  'distance_accuracy_value','confusion accuracy');
#384 = CONTEXT_DEPENDENT_SHAPE_REPRESENTATION(#385,#387);
#385 = ( REPRESENTATION_RELATIONSHIP('','',#374,#10) 
REPRESENTATION_RELATIONSHIP_WITH_TRANSFORMATION(#386) 
SHAPE_REPRESENTATION_RELATIONSHIP() );
#386 = ITEM_DEFINED_TRANSFORMATION('','',#11,#19);
#387 = PRODUCT_DEFINITION_SHAPE('Placement','Placement of an item',#388
  );
#388 = NEXT_ASSEMBLY_USAGE_OCCURRENCE('4','J1','',#5,#369,$);
#389 = PRODUCT_RELATED_PRODUCT_CATEGORY('part',$,(#371));
#390 = SHAPE_DEFINITION_REPRESENTATION(#391,#397);
#391 = PRODUCT_DEFINITION_SHAPE('','',#392);
#392 = PRODUCT_DEFINITION('design','',#393,#396);
#393 = PRODUCT_DEFINITION_FORMATION('','',#394);
#394 = PRODUCT('PinSocket_1x08_P2.54mm_Vertical',
  'PinSocket_1x08_P2.54mm_Vertical','',(#395));
#395 = PRODUCT_CONTEXT('',#2,'mechanical');
#396 = PRODUCT_DEFINITION_CONTEXT('part definition',#2,'design');
#397 = ADVANCED_BREP_SHAPE_REPRESENTATION('',(#11,#398),#6888);
#398 = MANIFOLD_SOLID_BREP('',#399);
#399 = CLOSED_SHELL('',(#400,#440,#503,#566,#583,#872,#894,#911,#1456,
    #1468,#1480,#1511,#1535,#1559,#1576,#1607,#1631,#1655,#1672,#1703,
    #1727,#1751,#1768,#1799,#1823,#1847,#1864,#1895,#1919,#1943,#1960,
    #1991,#2015,#2039,#2056,#2087,#2111,#2135,#2152,#2183,#2207,#2231,
    #2248,#2265,#2312,#2329,#2376,#2393,#2440,#2457,#2504,#2521,#2568,
    #2585,#2632,#2649,#2696,#2713,#2760,#2777,#2824,#2841,#2888,#2905,
    #2952,#2969,#3016,#3033,#3080,#3097,#3144,#3161,#3208,#3225,#3272,
    #3303,#3359,#3383,#3432,#3463,#3519,#3543,#3592,#3623,#3679,#3703,
    #3752,#3783,#3839,#3863,#3912,#3943,#3999,#4023,#4072,#4103,#4159,
    #4183,#4232,#4263,#4319,#4343,#4392,#4423,#4479,#4503,#4552,#4569,
    #4586,#4603,#4620,#4632,#4649,#4666,#4683,#4700,#4712,#4729,#4746,
    #4763,#4780,#4792,#4809,#4826,#4843,#4860,#4872,#4889,#4906,#4923,
    #4940,#4952,#4969,#4986,#5003,#5020,#5032,#5049,#5066,#5083,#5100,
    #5112,#5129,#5146,#5163,#5180,#5192,#5209,#5226,#5275,#5299,#5341,
    #5358,#5375,#5392,#5441,#5465,#5507,#5524,#5541,#5558,#5607,#5631,
    #5673,#5690,#5707,#5724,#5773,#5797,#5839,#5856,#5873,#5890,#5939,
    #5963,#6005,#6022,#6039,#6056,#6105,#6129,#6171,#6188,#6205,#6222,
    #6271,#6295,#6337,#6354,#6371,#6388,#6437,#6461,#6503,#6520,#6537,
    #6554,#6566,#6583,#6600,#6612,#6629,#6646,#6658,#6675,#6692,#6704,
    #6721,#6738,#6750,#6767,#6784,#6796,#6813,#6830,#6842,#6859,#6876));
#400 = ADVANCED_FACE('',(#401),#435,.F.);
#401 = FACE_BOUND('',#402,.F.);
#402 = EDGE_LOOP('',(#403,#413,#421,#429));
#403 = ORIENTED_EDGE('',*,*,#404,.T.);
#404 = EDGE_CURVE('',#405,#407,#409,.T.);
#405 = VERTEX_POINT('',#406);
#406 = CARTESIAN_POINT('',(1.27,-19.05,0.));
#407 = VERTEX_POINT('',#408);
#408 = CARTESIAN_POINT('',(1.27,-19.05,8.5));
#409 = LINE('',#410,#411);
#410 = CARTESIAN_POINT('',(1.27,-19.05,0.));
#411 = VECTOR('',#412,1.);
#412 = DIRECTION('',(0.,0.,1.));
#413 = ORIENTED_EDGE('',*,*,#414,.T.);
#414 = EDGE_CURVE('',#407,#415,#417,.T.);
#415 = VERTEX_POINT('',#416);
#416 = CARTESIAN_POINT('',(1.27,1.27,8.5));
#417 = LINE('',#418,#419);
#418 = CARTESIAN_POINT('',(1.27,-19.05,8.5));
#419 = VECTOR('',#420,1.);
#420 = DIRECTION('',(1.110223024625E-16,1.,0.));
#421 = ORIENTED_EDGE('',*,*,#422,.F.);
#422 = EDGE_CURVE('',#423,#415,#425,.T.);
#423 = VERTEX_POINT('',#424);
#424 = CARTESIAN_POINT('',(1.27,1.27,0.));
#425 = LINE('',#426,#427);
#426 = CARTESIAN_POINT('',(1.27,1.27,0.));
#427 = VECTOR('',#428,1.);
#428 = DIRECTION('',(0.,0.,1.));
#429 = ORIENTED_EDGE('',*,*,#430,.F.);
#430 = EDGE_CURVE('',#405,#423,#431,.T.);
#431 = LINE('',#432,#433);
#432 = CARTESIAN_POINT('',(1.27,-19.05,0.));
#433 = VECTOR('',#434,1.);
#434 = DIRECTION('',(1.110223024625E-16,1.,0.));
#435 = PLANE('',#436);
#436 = AXIS2_PLACEMENT_3D('',#437,#438,#439);
#437 = CARTESIAN_POINT('',(1.27,-19.05,0.));
#438 = DIRECTION('',(-1.,1.110223024625E-16,0.));
#439 = DIRECTION('',(1.110223024625E-16,1.,0.));
#440 = ADVANCED_FACE('',(#441),#498,.F.);
#441 = FACE_BOUND('',#442,.F.);
#442 = EDGE_LOOP('',(#443,#453,#461,#467,#468,#476,#484,#492));
#443 = ORIENTED_EDGE('',*,*,#444,.F.);
#444 = EDGE_CURVE('',#445,#447,#449,.T.);
#445 = VERTEX_POINT('',#446);
#446 = CARTESIAN_POINT('',(-1.27,-19.05,0.));
#447 = VERTEX_POINT('',#448);
#448 = CARTESIAN_POINT('',(-0.846666666667,-19.05,0.));
#449 = LINE('',#450,#451);
#450 = CARTESIAN_POINT('',(-1.27,-19.05,0.));
#451 = VECTOR('',#452,1.);
#452 = DIRECTION('',(1.,-1.110223024625E-16,0.));
#453 = ORIENTED_EDGE('',*,*,#454,.T.);
#454 = EDGE_CURVE('',#445,#455,#457,.T.);
#455 = VERTEX_POINT('',#456);
#456 = CARTESIAN_POINT('',(-1.27,-19.05,8.5));
#457 = LINE('',#458,#459);
#458 = CARTESIAN_POINT('',(-1.27,-19.05,0.));
#459 = VECTOR('',#460,1.);
#460 = DIRECTION('',(0.,0.,1.));
#461 = ORIENTED_EDGE('',*,*,#462,.T.);
#462 = EDGE_CURVE('',#455,#407,#463,.T.);
#463 = LINE('',#464,#465);
#464 = CARTESIAN_POINT('',(-1.27,-19.05,8.5));
#465 = VECTOR('',#466,1.);
#466 = DIRECTION('',(1.,-1.110223024625E-16,0.));
#467 = ORIENTED_EDGE('',*,*,#404,.F.);
#468 = ORIENTED_EDGE('',*,*,#469,.F.);
#469 = EDGE_CURVE('',#470,#405,#472,.T.);
#470 = VERTEX_POINT('',#471);
#471 = CARTESIAN_POINT('',(0.846666666667,-19.05,0.));
#472 = LINE('',#473,#474);
#473 = CARTESIAN_POINT('',(-1.27,-19.05,0.));
#474 = VECTOR('',#475,1.);
#475 = DIRECTION('',(1.,-1.110223024625E-16,0.));
#476 = ORIENTED_EDGE('',*,*,#477,.T.);
#477 = EDGE_CURVE('',#470,#478,#480,.T.);
#478 = VERTEX_POINT('',#479);
#479 = CARTESIAN_POINT('',(0.846666666667,-19.05,0.2));
#480 = LINE('',#481,#482);
#481 = CARTESIAN_POINT('',(0.846666666667,-19.05,0.));
#482 = VECTOR('',#483,1.);
#483 = DIRECTION('',(0.,0.,1.));
#484 = ORIENTED_EDGE('',*,*,#485,.F.);
#485 = EDGE_CURVE('',#486,#478,#488,.T.);
#486 = VERTEX_POINT('',#487);
#487 = CARTESIAN_POINT('',(-0.846666666667,-19.05,0.2));
#488 = LINE('',#489,#490);
#489 = CARTESIAN_POINT('',(-0.846666666667,-19.05,0.2));
#490 = VECTOR('',#491,1.);
#491 = DIRECTION('',(1.,-1.110223024625E-16,0.));
#492 = ORIENTED_EDGE('',*,*,#493,.F.);
#493 = EDGE_CURVE('',#447,#486,#494,.T.);
#494 = LINE('',#495,#496);
#495 = CARTESIAN_POINT('',(-0.846666666667,-19.05,0.));
#496 = VECTOR('',#497,1.);
#497 = DIRECTION('',(0.,0.,1.));
#498 = PLANE('',#499);
#499 = AXIS2_PLACEMENT_3D('',#500,#501,#502);
#500 = CARTESIAN_POINT('',(-1.27,-19.05,0.));
#501 = DIRECTION('',(1.110223024625E-16,1.,0.));
#502 = DIRECTION('',(1.,-1.110223024625E-16,0.));
#503 = ADVANCED_FACE('',(#504),#561,.F.);
#504 = FACE_BOUND('',#505,.F.);
#505 = EDGE_LOOP('',(#506,#514,#515,#523,#531,#539,#547,#555));
#506 = ORIENTED_EDGE('',*,*,#507,.F.);
#507 = EDGE_CURVE('',#423,#508,#510,.T.);
#508 = VERTEX_POINT('',#509);
#509 = CARTESIAN_POINT('',(0.846666666667,1.27,0.));
#510 = LINE('',#511,#512);
#511 = CARTESIAN_POINT('',(1.27,1.27,0.));
#512 = VECTOR('',#513,1.);
#513 = DIRECTION('',(-1.,1.110223024625E-16,0.));
#514 = ORIENTED_EDGE('',*,*,#422,.T.);
#515 = ORIENTED_EDGE('',*,*,#516,.T.);
#516 = EDGE_CURVE('',#415,#517,#519,.T.);
#517 = VERTEX_POINT('',#518);
#518 = CARTESIAN_POINT('',(-1.27,1.27,8.5));
#519 = LINE('',#520,#521);
#520 = CARTESIAN_POINT('',(1.27,1.27,8.5));
#521 = VECTOR('',#522,1.);
#522 = DIRECTION('',(-1.,1.110223024625E-16,0.));
#523 = ORIENTED_EDGE('',*,*,#524,.F.);
#524 = EDGE_CURVE('',#525,#517,#527,.T.);
#525 = VERTEX_POINT('',#526);
#526 = CARTESIAN_POINT('',(-1.27,1.27,0.));
#527 = LINE('',#528,#529);
#528 = CARTESIAN_POINT('',(-1.27,1.27,0.));
#529 = VECTOR('',#530,1.);
#530 = DIRECTION('',(0.,0.,1.));
#531 = ORIENTED_EDGE('',*,*,#532,.F.);
#532 = EDGE_CURVE('',#533,#525,#535,.T.);
#533 = VERTEX_POINT('',#534);
#534 = CARTESIAN_POINT('',(-0.846666666667,1.27,0.));
#535 = LINE('',#536,#537);
#536 = CARTESIAN_POINT('',(1.27,1.27,0.));
#537 = VECTOR('',#538,1.);
#538 = DIRECTION('',(-1.,1.110223024625E-16,0.));
#539 = ORIENTED_EDGE('',*,*,#540,.T.);
#540 = EDGE_CURVE('',#533,#541,#543,.T.);
#541 = VERTEX_POINT('',#542);
#542 = CARTESIAN_POINT('',(-0.846666666667,1.27,0.2));
#543 = LINE('',#544,#545);
#544 = CARTESIAN_POINT('',(-0.846666666667,1.27,0.));
#545 = VECTOR('',#546,1.);
#546 = DIRECTION('',(0.,0.,1.));
#547 = ORIENTED_EDGE('',*,*,#548,.F.);
#548 = EDGE_CURVE('',#549,#541,#551,.T.);
#549 = VERTEX_POINT('',#550);
#550 = CARTESIAN_POINT('',(0.846666666667,1.27,0.2));
#551 = LINE('',#552,#553);
#552 = CARTESIAN_POINT('',(0.846666666667,1.27,0.2));
#553 = VECTOR('',#554,1.);
#554 = DIRECTION('',(-1.,1.110223024625E-16,0.));
#555 = ORIENTED_EDGE('',*,*,#556,.F.);
#556 = EDGE_CURVE('',#508,#549,#557,.T.);
#557 = LINE('',#558,#559);
#558 = CARTESIAN_POINT('',(0.846666666667,1.27,0.));
#559 = VECTOR('',#560,1.);
#560 = DIRECTION('',(0.,0.,1.));
#561 = PLANE('',#562);
#562 = AXIS2_PLACEMENT_3D('',#563,#564,#565);
#563 = CARTESIAN_POINT('',(1.27,1.27,0.));
#564 = DIRECTION('',(-1.110223024625E-16,-1.,0.));
#565 = DIRECTION('',(-1.,1.110223024625E-16,0.));
#566 = ADVANCED_FACE('',(#567),#578,.F.);
#567 = FACE_BOUND('',#568,.F.);
#568 = EDGE_LOOP('',(#569,#570,#571,#572));
#569 = ORIENTED_EDGE('',*,*,#469,.T.);
#570 = ORIENTED_EDGE('',*,*,#430,.T.);
#571 = ORIENTED_EDGE('',*,*,#507,.T.);
#572 = ORIENTED_EDGE('',*,*,#573,.F.);
#573 = EDGE_CURVE('',#470,#508,#574,.T.);
#574 = LINE('',#575,#576);
#575 = CARTESIAN_POINT('',(0.846666666667,-19.05,0.));
#576 = VECTOR('',#577,1.);
#577 = DIRECTION('',(1.110223024625E-16,1.,0.));
#578 = PLANE('',#579);
#579 = AXIS2_PLACEMENT_3D('',#580,#581,#582);
#580 = CARTESIAN_POINT('',(-9.592326932761E-16,-8.89,0.));
#581 = DIRECTION('',(0.,0.,1.));
#582 = DIRECTION('',(1.110223024625E-16,1.,-0.));
#583 = ADVANCED_FACE('',(#584,#595,#629,#663,#697,#731,#765,#799,#833),
  #867,.T.);
#584 = FACE_BOUND('',#585,.T.);
#585 = EDGE_LOOP('',(#586,#587,#588,#594));
#586 = ORIENTED_EDGE('',*,*,#414,.T.);
#587 = ORIENTED_EDGE('',*,*,#516,.T.);
#588 = ORIENTED_EDGE('',*,*,#589,.T.);
#589 = EDGE_CURVE('',#517,#455,#590,.T.);
#590 = LINE('',#591,#592);
#591 = CARTESIAN_POINT('',(-1.27,1.27,8.5));
#592 = VECTOR('',#593,1.);
#593 = DIRECTION('',(-1.110223024625E-16,-1.,0.));
#594 = ORIENTED_EDGE('',*,*,#462,.T.);
#595 = FACE_BOUND('',#596,.T.);
#596 = EDGE_LOOP('',(#597,#607,#615,#623));
#597 = ORIENTED_EDGE('',*,*,#598,.F.);
#598 = EDGE_CURVE('',#599,#601,#603,.T.);
#599 = VERTEX_POINT('',#600);
#600 = CARTESIAN_POINT('',(0.6,-18.38,8.5));
#601 = VERTEX_POINT('',#602);
#602 = CARTESIAN_POINT('',(0.6,-17.18,8.5));
#603 = LINE('',#604,#605);
#604 = CARTESIAN_POINT('',(0.6,-18.38,8.5));
#605 = VECTOR('',#606,1.);
#606 = DIRECTION('',(1.110223024625E-16,1.,0.));
#607 = ORIENTED_EDGE('',*,*,#608,.F.);
#608 = EDGE_CURVE('',#609,#599,#611,.T.);
#609 = VERTEX_POINT('',#610);
#610 = CARTESIAN_POINT('',(-0.6,-18.38,8.5));
#611 = LINE('',#612,#613);
#612 = CARTESIAN_POINT('',(-0.6,-18.38,8.5));
#613 = VECTOR('',#614,1.);
#614 = DIRECTION('',(1.,-1.110223024625E-16,0.));
#615 = ORIENTED_EDGE('',*,*,#616,.F.);
#616 = EDGE_CURVE('',#617,#609,#619,.T.);
#617 = VERTEX_POINT('',#618);
#618 = CARTESIAN_POINT('',(-0.6,-17.18,8.5));
#619 = LINE('',#620,#621);
#620 = CARTESIAN_POINT('',(-0.6,-17.18,8.5));
#621 = VECTOR('',#622,1.);
#622 = DIRECTION('',(-1.110223024625E-16,-1.,0.));
#623 = ORIENTED_EDGE('',*,*,#624,.F.);
#624 = EDGE_CURVE('',#601,#617,#625,.T.);
#625 = LINE('',#626,#627);
#626 = CARTESIAN_POINT('',(0.6,-17.18,8.5));
#627 = VECTOR('',#628,1.);
#628 = DIRECTION('',(-1.,1.110223024625E-16,0.));
#629 = FACE_BOUND('',#630,.T.);
#630 = EDGE_LOOP('',(#631,#641,#649,#657));
#631 = ORIENTED_EDGE('',*,*,#632,.F.);
#632 = EDGE_CURVE('',#633,#635,#637,.T.);
#633 = VERTEX_POINT('',#634);
#634 = CARTESIAN_POINT('',(0.6,-15.84,8.5));
#635 = VERTEX_POINT('',#636);
#636 = CARTESIAN_POINT('',(0.6,-14.64,8.5));
#637 = LINE('',#638,#639);
#638 = CARTESIAN_POINT('',(0.6,-15.84,8.5));
#639 = VECTOR('',#640,1.);
#640 = DIRECTION('',(1.110223024625E-16,1.,0.));
#641 = ORIENTED_EDGE('',*,*,#642,.F.);
#642 = EDGE_CURVE('',#643,#633,#645,.T.);
#643 = VERTEX_POINT('',#644);
#644 = CARTESIAN_POINT('',(-0.6,-15.84,8.5));
#645 = LINE('',#646,#647);
#646 = CARTESIAN_POINT('',(-0.6,-15.84,8.5));
#647 = VECTOR('',#648,1.);
#648 = DIRECTION('',(1.,-1.110223024625E-16,0.));
#649 = ORIENTED_EDGE('',*,*,#650,.F.);
#650 = EDGE_CURVE('',#651,#643,#653,.T.);
#651 = VERTEX_POINT('',#652);
#652 = CARTESIAN_POINT('',(-0.6,-14.64,8.5));
#653 = LINE('',#654,#655);
#654 = CARTESIAN_POINT('',(-0.6,-14.64,8.5));
#655 = VECTOR('',#656,1.);
#656 = DIRECTION('',(-1.110223024625E-16,-1.,0.));
#657 = ORIENTED_EDGE('',*,*,#658,.F.);
#658 = EDGE_CURVE('',#635,#651,#659,.T.);
#659 = LINE('',#660,#661);
#660 = CARTESIAN_POINT('',(0.6,-14.64,8.5));
#661 = VECTOR('',#662,1.);
#662 = DIRECTION('',(-1.,1.110223024625E-16,0.));
#663 = FACE_BOUND('',#664,.T.);
#664 = EDGE_LOOP('',(#665,#675,#683,#691));
#665 = ORIENTED_EDGE('',*,*,#666,.F.);
#666 = EDGE_CURVE('',#667,#669,#671,.T.);
#667 = VERTEX_POINT('',#668);
#668 = CARTESIAN_POINT('',(0.6,-13.3,8.5));
#669 = VERTEX_POINT('',#670);
#670 = CARTESIAN_POINT('',(0.6,-12.1,8.5));
#671 = LINE('',#672,#673);
#672 = CARTESIAN_POINT('',(0.6,-13.3,8.5));
#673 = VECTOR('',#674,1.);
#674 = DIRECTION('',(1.110223024625E-16,1.,0.));
#675 = ORIENTED_EDGE('',*,*,#676,.F.);
#676 = EDGE_CURVE('',#677,#667,#679,.T.);
#677 = VERTEX_POINT('',#678);
#678 = CARTESIAN_POINT('',(-0.6,-13.3,8.5));
#679 = LINE('',#680,#681);
#680 = CARTESIAN_POINT('',(-0.6,-13.3,8.5));
#681 = VECTOR('',#682,1.);
#682 = DIRECTION('',(1.,-1.110223024625E-16,0.));
#683 = ORIENTED_EDGE('',*,*,#684,.F.);
#684 = EDGE_CURVE('',#685,#677,#687,.T.);
#685 = VERTEX_POINT('',#686);
#686 = CARTESIAN_POINT('',(-0.6,-12.1,8.5));
#687 = LINE('',#688,#689);
#688 = CARTESIAN_POINT('',(-0.6,-12.1,8.5));
#689 = VECTOR('',#690,1.);
#690 = DIRECTION('',(-1.110223024625E-16,-1.,0.));
#691 = ORIENTED_EDGE('',*,*,#692,.F.);
#692 = EDGE_CURVE('',#669,#685,#693,.T.);
#693 = LINE('',#694,#695);
#694 = CARTESIAN_POINT('',(0.6,-12.1,8.5));
#695 = VECTOR('',#696,1.);
#696 = DIRECTION('',(-1.,1.110223024625E-16,0.));
#697 = FACE_BOUND('',#698,.T.);
#698 = EDGE_LOOP('',(#699,#709,#717,#725));
#699 = ORIENTED_EDGE('',*,*,#700,.F.);
#700 = EDGE_CURVE('',#701,#703,#705,.T.);
#701 = VERTEX_POINT('',#702);
#702 = CARTESIAN_POINT('',(0.6,-10.76,8.5));
#703 = VERTEX_POINT('',#704);
#704 = CARTESIAN_POINT('',(0.6,-9.56,8.5));
#705 = LINE('',#706,#707);
#706 = CARTESIAN_POINT('',(0.6,-10.76,8.5));
#707 = VECTOR('',#708,1.);
#708 = DIRECTION('',(1.110223024625E-16,1.,0.));
#709 = ORIENTED_EDGE('',*,*,#710,.F.);
#710 = EDGE_CURVE('',#711,#701,#713,.T.);
#711 = VERTEX_POINT('',#712);
#712 = CARTESIAN_POINT('',(-0.6,-10.76,8.5));
#713 = LINE('',#714,#715);
#714 = CARTESIAN_POINT('',(-0.6,-10.76,8.5));
#715 = VECTOR('',#716,1.);
#716 = DIRECTION('',(1.,-1.110223024625E-16,0.));
#717 = ORIENTED_EDGE('',*,*,#718,.F.);
#718 = EDGE_CURVE('',#719,#711,#721,.T.);
#719 = VERTEX_POINT('',#720);
#720 = CARTESIAN_POINT('',(-0.6,-9.56,8.5));
#721 = LINE('',#722,#723);
#722 = CARTESIAN_POINT('',(-0.6,-9.56,8.5));
#723 = VECTOR('',#724,1.);
#724 = DIRECTION('',(-1.110223024625E-16,-1.,0.));
#725 = ORIENTED_EDGE('',*,*,#726,.F.);
#726 = EDGE_CURVE('',#703,#719,#727,.T.);
#727 = LINE('',#728,#729);
#728 = CARTESIAN_POINT('',(0.6,-9.56,8.5));
#729 = VECTOR('',#730,1.);
#730 = DIRECTION('',(-1.,1.110223024625E-16,0.));
#731 = FACE_BOUND('',#732,.T.);
#732 = EDGE_LOOP('',(#733,#743,#751,#759));
#733 = ORIENTED_EDGE('',*,*,#734,.F.);
#734 = EDGE_CURVE('',#735,#737,#739,.T.);
#735 = VERTEX_POINT('',#736);
#736 = CARTESIAN_POINT('',(0.6,-8.22,8.5));
#737 = VERTEX_POINT('',#738);
#738 = CARTESIAN_POINT('',(0.6,-7.02,8.5));
#739 = LINE('',#740,#741);
#740 = CARTESIAN_POINT('',(0.6,-8.22,8.5));
#741 = VECTOR('',#742,1.);
#742 = DIRECTION('',(1.110223024625E-16,1.,0.));
#743 = ORIENTED_EDGE('',*,*,#744,.F.);
#744 = EDGE_CURVE('',#745,#735,#747,.T.);
#745 = VERTEX_POINT('',#746);
#746 = CARTESIAN_POINT('',(-0.6,-8.22,8.5));
#747 = LINE('',#748,#749);
#748 = CARTESIAN_POINT('',(-0.6,-8.22,8.5));
#749 = VECTOR('',#750,1.);
#750 = DIRECTION('',(1.,-1.110223024625E-16,0.));
#751 = ORIENTED_EDGE('',*,*,#752,.F.);
#752 = EDGE_CURVE('',#753,#745,#755,.T.);
#753 = VERTEX_POINT('',#754);
#754 = CARTESIAN_POINT('',(-0.6,-7.02,8.5));
#755 = LINE('',#756,#757);
#756 = CARTESIAN_POINT('',(-0.6,-7.02,8.5));
#757 = VECTOR('',#758,1.);
#758 = DIRECTION('',(-1.110223024625E-16,-1.,0.));
#759 = ORIENTED_EDGE('',*,*,#760,.F.);
#760 = EDGE_CURVE('',#737,#753,#761,.T.);
#761 = LINE('',#762,#763);
#762 = CARTESIAN_POINT('',(0.6,-7.02,8.5));
#763 = VECTOR('',#764,1.);
#764 = DIRECTION('',(-1.,1.110223024625E-16,0.));
#765 = FACE_BOUND('',#766,.T.);
#766 = EDGE_LOOP('',(#767,#777,#785,#793));
#767 = ORIENTED_EDGE('',*,*,#768,.F.);
#768 = EDGE_CURVE('',#769,#771,#773,.T.);
#769 = VERTEX_POINT('',#770);
#770 = CARTESIAN_POINT('',(0.6,-5.68,8.5));
#771 = VERTEX_POINT('',#772);
#772 = CARTESIAN_POINT('',(0.6,-4.48,8.5));
#773 = LINE('',#774,#775);
#774 = CARTESIAN_POINT('',(0.6,-5.68,8.5));
#775 = VECTOR('',#776,1.);
#776 = DIRECTION('',(1.110223024625E-16,1.,0.));
#777 = ORIENTED_EDGE('',*,*,#778,.F.);
#778 = EDGE_CURVE('',#779,#769,#781,.T.);
#779 = VERTEX_POINT('',#780);
#780 = CARTESIAN_POINT('',(-0.6,-5.68,8.5));
#781 = LINE('',#782,#783);
#782 = CARTESIAN_POINT('',(-0.6,-5.68,8.5));
#783 = VECTOR('',#784,1.);
#784 = DIRECTION('',(1.,-1.110223024625E-16,0.));
#785 = ORIENTED_EDGE('',*,*,#786,.F.);
#786 = EDGE_CURVE('',#787,#779,#789,.T.);
#787 = VERTEX_POINT('',#788);
#788 = CARTESIAN_POINT('',(-0.6,-4.48,8.5));
#789 = LINE('',#790,#791);
#790 = CARTESIAN_POINT('',(-0.6,-4.48,8.5));
#791 = VECTOR('',#792,1.);
#792 = DIRECTION('',(-1.110223024625E-16,-1.,0.));
#793 = ORIENTED_EDGE('',*,*,#794,.F.);
#794 = EDGE_CURVE('',#771,#787,#795,.T.);
#795 = LINE('',#796,#797);
#796 = CARTESIAN_POINT('',(0.6,-4.48,8.5));
#797 = VECTOR('',#798,1.);
#798 = DIRECTION('',(-1.,1.110223024625E-16,0.));
#799 = FACE_BOUND('',#800,.T.);
#800 = EDGE_LOOP('',(#801,#811,#819,#827));
#801 = ORIENTED_EDGE('',*,*,#802,.F.);
#802 = EDGE_CURVE('',#803,#805,#807,.T.);
#803 = VERTEX_POINT('',#804);
#804 = CARTESIAN_POINT('',(0.6,-3.14,8.5));
#805 = VERTEX_POINT('',#806);
#806 = CARTESIAN_POINT('',(0.6,-1.94,8.5));
#807 = LINE('',#808,#809);
#808 = CARTESIAN_POINT('',(0.6,-3.14,8.5));
#809 = VECTOR('',#810,1.);
#810 = DIRECTION('',(1.110223024625E-16,1.,0.));
#811 = ORIENTED_EDGE('',*,*,#812,.F.);
#812 = EDGE_CURVE('',#813,#803,#815,.T.);
#813 = VERTEX_POINT('',#814);
#814 = CARTESIAN_POINT('',(-0.6,-3.14,8.5));
#815 = LINE('',#816,#817);
#816 = CARTESIAN_POINT('',(-0.6,-3.14,8.5));
#817 = VECTOR('',#818,1.);
#818 = DIRECTION('',(1.,-1.110223024625E-16,0.));
#819 = ORIENTED_EDGE('',*,*,#820,.F.);
#820 = EDGE_CURVE('',#821,#813,#823,.T.);
#821 = VERTEX_POINT('',#822);
#822 = CARTESIAN_POINT('',(-0.6,-1.94,8.5));
#823 = LINE('',#824,#825);
#824 = CARTESIAN_POINT('',(-0.6,-1.94,8.5));
#825 = VECTOR('',#826,1.);
#826 = DIRECTION('',(-1.110223024625E-16,-1.,0.));
#827 = ORIENTED_EDGE('',*,*,#828,.F.);
#828 = EDGE_CURVE('',#805,#821,#829,.T.);
#829 = LINE('',#830,#831);
#830 = CARTESIAN_POINT('',(0.6,-1.94,8.5));
#831 = VECTOR('',#832,1.);
#832 = DIRECTION('',(-1.,1.110223024625E-16,0.));
#833 = FACE_BOUND('',#834,.T.);
#834 = EDGE_LOOP('',(#835,#845,#853,#861));
#835 = ORIENTED_EDGE('',*,*,#836,.F.);
#836 = EDGE_CURVE('',#837,#839,#841,.T.);
#837 = VERTEX_POINT('',#838);
#838 = CARTESIAN_POINT('',(0.6,-0.6,8.5));
#839 = VERTEX_POINT('',#840);
#840 = CARTESIAN_POINT('',(0.6,0.6,8.5));
#841 = LINE('',#842,#843);
#842 = CARTESIAN_POINT('',(0.6,-0.6,8.5));
#843 = VECTOR('',#844,1.);
#844 = DIRECTION('',(1.110223024625E-16,1.,0.));
#845 = ORIENTED_EDGE('',*,*,#846,.F.);
#846 = EDGE_CURVE('',#847,#837,#849,.T.);
#847 = VERTEX_POINT('',#848);
#848 = CARTESIAN_POINT('',(-0.6,-0.6,8.5));
#849 = LINE('',#850,#851);
#850 = CARTESIAN_POINT('',(-0.6,-0.6,8.5));
#851 = VECTOR('',#852,1.);
#852 = DIRECTION('',(1.,-1.110223024625E-16,0.));
#853 = ORIENTED_EDGE('',*,*,#854,.F.);
#854 = EDGE_CURVE('',#855,#847,#857,.T.);
#855 = VERTEX_POINT('',#856);
#856 = CARTESIAN_POINT('',(-0.6,0.6,8.5));
#857 = LINE('',#858,#859);
#858 = CARTESIAN_POINT('',(-0.6,0.6,8.5));
#859 = VECTOR('',#860,1.);
#860 = DIRECTION('',(-1.110223024625E-16,-1.,0.));
#861 = ORIENTED_EDGE('',*,*,#862,.F.);
#862 = EDGE_CURVE('',#839,#855,#863,.T.);
#863 = LINE('',#864,#865);
#864 = CARTESIAN_POINT('',(0.6,0.6,8.5));
#865 = VECTOR('',#866,1.);
#866 = DIRECTION('',(-1.,1.110223024625E-16,0.));
#867 = PLANE('',#868);
#868 = AXIS2_PLACEMENT_3D('',#869,#870,#871);
#869 = CARTESIAN_POINT('',(-9.592326932761E-16,-8.89,8.5));
#870 = DIRECTION('',(0.,0.,1.));
#871 = DIRECTION('',(1.110223024625E-16,1.,-0.));
#872 = ADVANCED_FACE('',(#873),#889,.F.);
#873 = FACE_BOUND('',#874,.F.);
#874 = EDGE_LOOP('',(#875,#876,#882,#883));
#875 = ORIENTED_EDGE('',*,*,#444,.T.);
#876 = ORIENTED_EDGE('',*,*,#877,.F.);
#877 = EDGE_CURVE('',#533,#447,#878,.T.);
#878 = LINE('',#879,#880);
#879 = CARTESIAN_POINT('',(-0.846666666667,1.27,0.));
#880 = VECTOR('',#881,1.);
#881 = DIRECTION('',(-1.110223024625E-16,-1.,0.));
#882 = ORIENTED_EDGE('',*,*,#532,.T.);
#883 = ORIENTED_EDGE('',*,*,#884,.T.);
#884 = EDGE_CURVE('',#525,#445,#885,.T.);
#885 = LINE('',#886,#887);
#886 = CARTESIAN_POINT('',(-1.27,1.27,0.));
#887 = VECTOR('',#888,1.);
#888 = DIRECTION('',(-1.110223024625E-16,-1.,0.));
#889 = PLANE('',#890);
#890 = AXIS2_PLACEMENT_3D('',#891,#892,#893);
#891 = CARTESIAN_POINT('',(-9.592326932761E-16,-8.89,0.));
#892 = DIRECTION('',(0.,0.,1.));
#893 = DIRECTION('',(1.110223024625E-16,1.,-0.));
#894 = ADVANCED_FACE('',(#895),#906,.T.);
#895 = FACE_BOUND('',#896,.T.);
#896 = EDGE_LOOP('',(#897,#898,#904,#905));
#897 = ORIENTED_EDGE('',*,*,#540,.T.);
#898 = ORIENTED_EDGE('',*,*,#899,.T.);
#899 = EDGE_CURVE('',#541,#486,#900,.T.);
#900 = LINE('',#901,#902);
#901 = CARTESIAN_POINT('',(-0.846666666667,1.27,0.2));
#902 = VECTOR('',#903,1.);
#903 = DIRECTION('',(-1.110223024625E-16,-1.,0.));
#904 = ORIENTED_EDGE('',*,*,#493,.F.);
#905 = ORIENTED_EDGE('',*,*,#877,.F.);
#906 = PLANE('',#907);
#907 = AXIS2_PLACEMENT_3D('',#908,#909,#910);
#908 = CARTESIAN_POINT('',(-0.846666666667,1.27,0.));
#909 = DIRECTION('',(1.,-1.110223024625E-16,0.));
#910 = DIRECTION('',(-1.110223024625E-16,-1.,0.));
#911 = ADVANCED_FACE('',(#912,#923,#989,#1055,#1121,#1187,#1253,#1319,
    #1385),#1451,.F.);
#912 = FACE_BOUND('',#913,.F.);
#913 = EDGE_LOOP('',(#914,#920,#921,#922));
#914 = ORIENTED_EDGE('',*,*,#915,.T.);
#915 = EDGE_CURVE('',#478,#549,#916,.T.);
#916 = LINE('',#917,#918);
#917 = CARTESIAN_POINT('',(0.846666666667,-19.05,0.2));
#918 = VECTOR('',#919,1.);
#919 = DIRECTION('',(1.110223024625E-16,1.,0.));
#920 = ORIENTED_EDGE('',*,*,#548,.T.);
#921 = ORIENTED_EDGE('',*,*,#899,.T.);
#922 = ORIENTED_EDGE('',*,*,#485,.T.);
#923 = FACE_BOUND('',#924,.F.);
#924 = EDGE_LOOP('',(#925,#935,#943,#951,#959,#967,#975,#983));
#925 = ORIENTED_EDGE('',*,*,#926,.F.);
#926 = EDGE_CURVE('',#927,#929,#931,.T.);
#927 = VERTEX_POINT('',#928);
#928 = CARTESIAN_POINT('',(-0.1,-18.23,0.2));
#929 = VERTEX_POINT('',#930);
#930 = CARTESIAN_POINT('',(0.1,-18.23,0.2));
#931 = LINE('',#932,#933);
#932 = CARTESIAN_POINT('',(-0.1,-18.23,0.2));
#933 = VECTOR('',#934,1.);
#934 = DIRECTION('',(1.,-1.110223024625E-16,0.));
#935 = ORIENTED_EDGE('',*,*,#936,.T.);
#936 = EDGE_CURVE('',#927,#937,#939,.T.);
#937 = VERTEX_POINT('',#938);
#938 = CARTESIAN_POINT('',(-0.1,-18.08,0.2));
#939 = LINE('',#940,#941);
#940 = CARTESIAN_POINT('',(-0.1,-18.23,0.2));
#941 = VECTOR('',#942,1.);
#942 = DIRECTION('',(1.110223024625E-16,1.,0.));
#943 = ORIENTED_EDGE('',*,*,#944,.F.);
#944 = EDGE_CURVE('',#945,#937,#947,.T.);
#945 = VERTEX_POINT('',#946);
#946 = CARTESIAN_POINT('',(-0.1,-17.48,0.2));
#947 = LINE('',#948,#949);
#948 = CARTESIAN_POINT('',(-0.1,-13.335,0.2));
#949 = VECTOR('',#950,1.);
#950 = DIRECTION('',(-1.110223024625E-16,-1.,0.));
#951 = ORIENTED_EDGE('',*,*,#952,.T.);
#952 = EDGE_CURVE('',#945,#953,#955,.T.);
#953 = VERTEX_POINT('',#954);
#954 = CARTESIAN_POINT('',(-0.1,-17.33,0.2));
#955 = LINE('',#956,#957);
#956 = CARTESIAN_POINT('',(-0.1,-18.23,0.2));
#957 = VECTOR('',#958,1.);
#958 = DIRECTION('',(1.110223024625E-16,1.,0.));
#959 = ORIENTED_EDGE('',*,*,#960,.T.);
#960 = EDGE_CURVE('',#953,#961,#963,.T.);
#961 = VERTEX_POINT('',#962);
#962 = CARTESIAN_POINT('',(0.1,-17.33,0.2));
#963 = LINE('',#964,#965);
#964 = CARTESIAN_POINT('',(-0.1,-17.33,0.2));
#965 = VECTOR('',#966,1.);
#966 = DIRECTION('',(1.,-1.110223024625E-16,0.));
#967 = ORIENTED_EDGE('',*,*,#968,.T.);
#968 = EDGE_CURVE('',#961,#969,#971,.T.);
#969 = VERTEX_POINT('',#970);
#970 = CARTESIAN_POINT('',(0.1,-17.48,0.2));
#971 = LINE('',#972,#973);
#972 = CARTESIAN_POINT('',(0.1,-17.33,0.2));
#973 = VECTOR('',#974,1.);
#974 = DIRECTION('',(-1.110223024625E-16,-1.,0.));
#975 = ORIENTED_EDGE('',*,*,#976,.T.);
#976 = EDGE_CURVE('',#969,#977,#979,.T.);
#977 = VERTEX_POINT('',#978);
#978 = CARTESIAN_POINT('',(0.1,-18.08,0.2));
#979 = LINE('',#980,#981);
#980 = CARTESIAN_POINT('',(0.1,-13.335,0.2));
#981 = VECTOR('',#982,1.);
#982 = DIRECTION('',(-1.110223024625E-16,-1.,0.));
#983 = ORIENTED_EDGE('',*,*,#984,.T.);
#984 = EDGE_CURVE('',#977,#929,#985,.T.);
#985 = LINE('',#986,#987);
#986 = CARTESIAN_POINT('',(0.1,-17.33,0.2));
#987 = VECTOR('',#988,1.);
#988 = DIRECTION('',(-1.110223024625E-16,-1.,0.));
#989 = FACE_BOUND('',#990,.F.);
#990 = EDGE_LOOP('',(#991,#1001,#1009,#1017,#1025,#1033,#1041,#1049));
#991 = ORIENTED_EDGE('',*,*,#992,.F.);
#992 = EDGE_CURVE('',#993,#995,#997,.T.);
#993 = VERTEX_POINT('',#994);
#994 = CARTESIAN_POINT('',(-0.1,-15.69,0.2));
#995 = VERTEX_POINT('',#996);
#996 = CARTESIAN_POINT('',(0.1,-15.69,0.2));
#997 = LINE('',#998,#999);
#998 = CARTESIAN_POINT('',(-0.1,-15.69,0.2));
#999 = VECTOR('',#1000,1.);
#1000 = DIRECTION('',(1.,-1.110223024625E-16,0.));
#1001 = ORIENTED_EDGE('',*,*,#1002,.T.);
#1002 = EDGE_CURVE('',#993,#1003,#1005,.T.);
#1003 = VERTEX_POINT('',#1004);
#1004 = CARTESIAN_POINT('',(-0.1,-15.54,0.2));
#1005 = LINE('',#1006,#1007);
#1006 = CARTESIAN_POINT('',(-0.1,-15.69,0.2));
#1007 = VECTOR('',#1008,1.);
#1008 = DIRECTION('',(1.110223024625E-16,1.,0.));
#1009 = ORIENTED_EDGE('',*,*,#1010,.F.);
#1010 = EDGE_CURVE('',#1011,#1003,#1013,.T.);
#1011 = VERTEX_POINT('',#1012);
#1012 = CARTESIAN_POINT('',(-0.1,-14.94,0.2));
#1013 = LINE('',#1014,#1015);
#1014 = CARTESIAN_POINT('',(-0.1,-12.065,0.2));
#1015 = VECTOR('',#1016,1.);
#1016 = DIRECTION('',(-1.110223024625E-16,-1.,0.));
#1017 = ORIENTED_EDGE('',*,*,#1018,.T.);
#1018 = EDGE_CURVE('',#1011,#1019,#1021,.T.);
#1019 = VERTEX_POINT('',#1020);
#1020 = CARTESIAN_POINT('',(-0.1,-14.79,0.2));
#1021 = LINE('',#1022,#1023);
#1022 = CARTESIAN_POINT('',(-0.1,-15.69,0.2));
#1023 = VECTOR('',#1024,1.);
#1024 = DIRECTION('',(1.110223024625E-16,1.,0.));
#1025 = ORIENTED_EDGE('',*,*,#1026,.T.);
#1026 = EDGE_CURVE('',#1019,#1027,#1029,.T.);
#1027 = VERTEX_POINT('',#1028);
#1028 = CARTESIAN_POINT('',(0.1,-14.79,0.2));
#1029 = LINE('',#1030,#1031);
#1030 = CARTESIAN_POINT('',(-0.1,-14.79,0.2));
#1031 = VECTOR('',#1032,1.);
#1032 = DIRECTION('',(1.,-1.110223024625E-16,0.));
#1033 = ORIENTED_EDGE('',*,*,#1034,.T.);
#1034 = EDGE_CURVE('',#1027,#1035,#1037,.T.);
#1035 = VERTEX_POINT('',#1036);
#1036 = CARTESIAN_POINT('',(0.1,-14.94,0.2));
#1037 = LINE('',#1038,#1039);
#1038 = CARTESIAN_POINT('',(0.1,-14.79,0.2));
#1039 = VECTOR('',#1040,1.);
#1040 = DIRECTION('',(-1.110223024625E-16,-1.,0.));
#1041 = ORIENTED_EDGE('',*,*,#1042,.T.);
#1042 = EDGE_CURVE('',#1035,#1043,#1045,.T.);
#1043 = VERTEX_POINT('',#1044);
#1044 = CARTESIAN_POINT('',(0.1,-15.54,0.2));
#1045 = LINE('',#1046,#1047);
#1046 = CARTESIAN_POINT('',(0.1,-12.065,0.2));
#1047 = VECTOR('',#1048,1.);
#1048 = DIRECTION('',(-1.110223024625E-16,-1.,0.));
#1049 = ORIENTED_EDGE('',*,*,#1050,.T.);
#1050 = EDGE_CURVE('',#1043,#995,#1051,.T.);
#1051 = LINE('',#1052,#1053);
#1052 = CARTESIAN_POINT('',(0.1,-14.79,0.2));
#1053 = VECTOR('',#1054,1.);
#1054 = DIRECTION('',(-1.110223024625E-16,-1.,0.));
#1055 = FACE_BOUND('',#1056,.F.);
#1056 = EDGE_LOOP('',(#1057,#1067,#1075,#1083,#1091,#1099,#1107,#1115));
#1057 = ORIENTED_EDGE('',*,*,#1058,.F.);
#1058 = EDGE_CURVE('',#1059,#1061,#1063,.T.);
#1059 = VERTEX_POINT('',#1060);
#1060 = CARTESIAN_POINT('',(-0.1,-13.15,0.2));
#1061 = VERTEX_POINT('',#1062);
#1062 = CARTESIAN_POINT('',(0.1,-13.15,0.2));
#1063 = LINE('',#1064,#1065);
#1064 = CARTESIAN_POINT('',(-0.1,-13.15,0.2));
#1065 = VECTOR('',#1066,1.);
#1066 = DIRECTION('',(1.,-1.110223024625E-16,0.));
#1067 = ORIENTED_EDGE('',*,*,#1068,.T.);
#1068 = EDGE_CURVE('',#1059,#1069,#1071,.T.);
#1069 = VERTEX_POINT('',#1070);
#1070 = CARTESIAN_POINT('',(-0.1,-13.,0.2));
#1071 = LINE('',#1072,#1073);
#1072 = CARTESIAN_POINT('',(-0.1,-13.15,0.2));
#1073 = VECTOR('',#1074,1.);
#1074 = DIRECTION('',(1.110223024625E-16,1.,0.));
#1075 = ORIENTED_EDGE('',*,*,#1076,.F.);
#1076 = EDGE_CURVE('',#1077,#1069,#1079,.T.);
#1077 = VERTEX_POINT('',#1078);
#1078 = CARTESIAN_POINT('',(-0.1,-12.4,0.2));
#1079 = LINE('',#1080,#1081);
#1080 = CARTESIAN_POINT('',(-0.1,-10.795,0.2));
#1081 = VECTOR('',#1082,1.);
#1082 = DIRECTION('',(-1.110223024625E-16,-1.,0.));
#1083 = ORIENTED_EDGE('',*,*,#1084,.T.);
#1084 = EDGE_CURVE('',#1077,#1085,#1087,.T.);
#1085 = VERTEX_POINT('',#1086);
#1086 = CARTESIAN_POINT('',(-0.1,-12.25,0.2));
#1087 = LINE('',#1088,#1089);
#1088 = CARTESIAN_POINT('',(-0.1,-13.15,0.2));
#1089 = VECTOR('',#1090,1.);
#1090 = DIRECTION('',(1.110223024625E-16,1.,0.));
#1091 = ORIENTED_EDGE('',*,*,#1092,.T.);
#1092 = EDGE_CURVE('',#1085,#1093,#1095,.T.);
#1093 = VERTEX_POINT('',#1094);
#1094 = CARTESIAN_POINT('',(0.1,-12.25,0.2));
#1095 = LINE('',#1096,#1097);
#1096 = CARTESIAN_POINT('',(-0.1,-12.25,0.2));
#1097 = VECTOR('',#1098,1.);
#1098 = DIRECTION('',(1.,-1.110223024625E-16,0.));
#1099 = ORIENTED_EDGE('',*,*,#1100,.T.);
#1100 = EDGE_CURVE('',#1093,#1101,#1103,.T.);
#1101 = VERTEX_POINT('',#1102);
#1102 = CARTESIAN_POINT('',(0.1,-12.4,0.2));
#1103 = LINE('',#1104,#1105);
#1104 = CARTESIAN_POINT('',(0.1,-12.25,0.2));
#1105 = VECTOR('',#1106,1.);
#1106 = DIRECTION('',(-1.110223024625E-16,-1.,0.));
#1107 = ORIENTED_EDGE('',*,*,#1108,.T.);
#1108 = EDGE_CURVE('',#1101,#1109,#1111,.T.);
#1109 = VERTEX_POINT('',#1110);
#1110 = CARTESIAN_POINT('',(0.1,-13.,0.2));
#1111 = LINE('',#1112,#1113);
#1112 = CARTESIAN_POINT('',(0.1,-10.795,0.2));
#1113 = VECTOR('',#1114,1.);
#1114 = DIRECTION('',(-1.110223024625E-16,-1.,0.));
#1115 = ORIENTED_EDGE('',*,*,#1116,.T.);
#1116 = EDGE_CURVE('',#1109,#1061,#1117,.T.);
#1117 = LINE('',#1118,#1119);
#1118 = CARTESIAN_POINT('',(0.1,-12.25,0.2));
#1119 = VECTOR('',#1120,1.);
#1120 = DIRECTION('',(-1.110223024625E-16,-1.,0.));
#1121 = FACE_BOUND('',#1122,.F.);
#1122 = EDGE_LOOP('',(#1123,#1133,#1141,#1149,#1157,#1165,#1173,#1181));
#1123 = ORIENTED_EDGE('',*,*,#1124,.F.);
#1124 = EDGE_CURVE('',#1125,#1127,#1129,.T.);
#1125 = VERTEX_POINT('',#1126);
#1126 = CARTESIAN_POINT('',(-0.1,-10.61,0.2));
#1127 = VERTEX_POINT('',#1128);
#1128 = CARTESIAN_POINT('',(0.1,-10.61,0.2));
#1129 = LINE('',#1130,#1131);
#1130 = CARTESIAN_POINT('',(-0.1,-10.61,0.2));
#1131 = VECTOR('',#1132,1.);
#1132 = DIRECTION('',(1.,-1.110223024625E-16,0.));
#1133 = ORIENTED_EDGE('',*,*,#1134,.T.);
#1134 = EDGE_CURVE('',#1125,#1135,#1137,.T.);
#1135 = VERTEX_POINT('',#1136);
#1136 = CARTESIAN_POINT('',(-0.1,-10.46,0.2));
#1137 = LINE('',#1138,#1139);
#1138 = CARTESIAN_POINT('',(-0.1,-10.61,0.2));
#1139 = VECTOR('',#1140,1.);
#1140 = DIRECTION('',(1.110223024625E-16,1.,0.));
#1141 = ORIENTED_EDGE('',*,*,#1142,.F.);
#1142 = EDGE_CURVE('',#1143,#1135,#1145,.T.);
#1143 = VERTEX_POINT('',#1144);
#1144 = CARTESIAN_POINT('',(-0.1,-9.86,0.2));
#1145 = LINE('',#1146,#1147);
#1146 = CARTESIAN_POINT('',(-0.1,-9.525,0.2));
#1147 = VECTOR('',#1148,1.);
#1148 = DIRECTION('',(-1.110223024625E-16,-1.,0.));
#1149 = ORIENTED_EDGE('',*,*,#1150,.T.);
#1150 = EDGE_CURVE('',#1143,#1151,#1153,.T.);
#1151 = VERTEX_POINT('',#1152);
#1152 = CARTESIAN_POINT('',(-0.1,-9.71,0.2));
#1153 = LINE('',#1154,#1155);
#1154 = CARTESIAN_POINT('',(-0.1,-10.61,0.2));
#1155 = VECTOR('',#1156,1.);
#1156 = DIRECTION('',(1.110223024625E-16,1.,0.));
#1157 = ORIENTED_EDGE('',*,*,#1158,.T.);
#1158 = EDGE_CURVE('',#1151,#1159,#1161,.T.);
#1159 = VERTEX_POINT('',#1160);
#1160 = CARTESIAN_POINT('',(0.1,-9.71,0.2));
#1161 = LINE('',#1162,#1163);
#1162 = CARTESIAN_POINT('',(-0.1,-9.71,0.2));
#1163 = VECTOR('',#1164,1.);
#1164 = DIRECTION('',(1.,-1.110223024625E-16,0.));
#1165 = ORIENTED_EDGE('',*,*,#1166,.T.);
#1166 = EDGE_CURVE('',#1159,#1167,#1169,.T.);
#1167 = VERTEX_POINT('',#1168);
#1168 = CARTESIAN_POINT('',(0.1,-9.86,0.2));
#1169 = LINE('',#1170,#1171);
#1170 = CARTESIAN_POINT('',(0.1,-9.71,0.2));
#1171 = VECTOR('',#1172,1.);
#1172 = DIRECTION('',(-1.110223024625E-16,-1.,0.));
#1173 = ORIENTED_EDGE('',*,*,#1174,.T.);
#1174 = EDGE_CURVE('',#1167,#1175,#1177,.T.);
#1175 = VERTEX_POINT('',#1176);
#1176 = CARTESIAN_POINT('',(0.1,-10.46,0.2));
#1177 = LINE('',#1178,#1179);
#1178 = CARTESIAN_POINT('',(0.1,-9.525,0.2));
#1179 = VECTOR('',#1180,1.);
#1180 = DIRECTION('',(-1.110223024625E-16,-1.,0.));
#1181 = ORIENTED_EDGE('',*,*,#1182,.T.);
#1182 = EDGE_CURVE('',#1175,#1127,#1183,.T.);
#1183 = LINE('',#1184,#1185);
#1184 = CARTESIAN_POINT('',(0.1,-9.71,0.2));
#1185 = VECTOR('',#1186,1.);
#1186 = DIRECTION('',(-1.110223024625E-16,-1.,0.));
#1187 = FACE_BOUND('',#1188,.F.);
#1188 = EDGE_LOOP('',(#1189,#1199,#1207,#1215,#1223,#1231,#1239,#1247));
#1189 = ORIENTED_EDGE('',*,*,#1190,.F.);
#1190 = EDGE_CURVE('',#1191,#1193,#1195,.T.);
#1191 = VERTEX_POINT('',#1192);
#1192 = CARTESIAN_POINT('',(-0.1,-8.07,0.2));
#1193 = VERTEX_POINT('',#1194);
#1194 = CARTESIAN_POINT('',(0.1,-8.07,0.2));
#1195 = LINE('',#1196,#1197);
#1196 = CARTESIAN_POINT('',(-0.1,-8.07,0.2));
#1197 = VECTOR('',#1198,1.);
#1198 = DIRECTION('',(1.,-1.110223024625E-16,0.));
#1199 = ORIENTED_EDGE('',*,*,#1200,.T.);
#1200 = EDGE_CURVE('',#1191,#1201,#1203,.T.);
#1201 = VERTEX_POINT('',#1202);
#1202 = CARTESIAN_POINT('',(-0.1,-7.92,0.2));
#1203 = LINE('',#1204,#1205);
#1204 = CARTESIAN_POINT('',(-0.1,-8.07,0.2));
#1205 = VECTOR('',#1206,1.);
#1206 = DIRECTION('',(1.110223024625E-16,1.,0.));
#1207 = ORIENTED_EDGE('',*,*,#1208,.F.);
#1208 = EDGE_CURVE('',#1209,#1201,#1211,.T.);
#1209 = VERTEX_POINT('',#1210);
#1210 = CARTESIAN_POINT('',(-0.1,-7.32,0.2));
#1211 = LINE('',#1212,#1213);
#1212 = CARTESIAN_POINT('',(-0.1,-8.255,0.2));
#1213 = VECTOR('',#1214,1.);
#1214 = DIRECTION('',(-1.110223024625E-16,-1.,0.));
#1215 = ORIENTED_EDGE('',*,*,#1216,.T.);
#1216 = EDGE_CURVE('',#1209,#1217,#1219,.T.);
#1217 = VERTEX_POINT('',#1218);
#1218 = CARTESIAN_POINT('',(-0.1,-7.17,0.2));
#1219 = LINE('',#1220,#1221);
#1220 = CARTESIAN_POINT('',(-0.1,-8.07,0.2));
#1221 = VECTOR('',#1222,1.);
#1222 = DIRECTION('',(1.110223024625E-16,1.,0.));
#1223 = ORIENTED_EDGE('',*,*,#1224,.T.);
#1224 = EDGE_CURVE('',#1217,#1225,#1227,.T.);
#1225 = VERTEX_POINT('',#1226);
#1226 = CARTESIAN_POINT('',(0.1,-7.17,0.2));
#1227 = LINE('',#1228,#1229);
#1228 = CARTESIAN_POINT('',(-0.1,-7.17,0.2));
#1229 = VECTOR('',#1230,1.);
#1230 = DIRECTION('',(1.,-1.110223024625E-16,0.));
#1231 = ORIENTED_EDGE('',*,*,#1232,.T.);
#1232 = EDGE_CURVE('',#1225,#1233,#1235,.T.);
#1233 = VERTEX_POINT('',#1234);
#1234 = CARTESIAN_POINT('',(0.1,-7.32,0.2));
#1235 = LINE('',#1236,#1237);
#1236 = CARTESIAN_POINT('',(0.1,-7.17,0.2));
#1237 = VECTOR('',#1238,1.);
#1238 = DIRECTION('',(-1.110223024625E-16,-1.,0.));
#1239 = ORIENTED_EDGE('',*,*,#1240,.T.);
#1240 = EDGE_CURVE('',#1233,#1241,#1243,.T.);
#1241 = VERTEX_POINT('',#1242);
#1242 = CARTESIAN_POINT('',(0.1,-7.92,0.2));
#1243 = LINE('',#1244,#1245);
#1244 = CARTESIAN_POINT('',(0.1,-8.255,0.2));
#1245 = VECTOR('',#1246,1.);
#1246 = DIRECTION('',(-1.110223024625E-16,-1.,0.));
#1247 = ORIENTED_EDGE('',*,*,#1248,.T.);
#1248 = EDGE_CURVE('',#1241,#1193,#1249,.T.);
#1249 = LINE('',#1250,#1251);
#1250 = CARTESIAN_POINT('',(0.1,-7.17,0.2));
#1251 = VECTOR('',#1252,1.);
#1252 = DIRECTION('',(-1.110223024625E-16,-1.,0.));
#1253 = FACE_BOUND('',#1254,.F.);
#1254 = EDGE_LOOP('',(#1255,#1265,#1273,#1281,#1289,#1297,#1305,#1313));
#1255 = ORIENTED_EDGE('',*,*,#1256,.F.);
#1256 = EDGE_CURVE('',#1257,#1259,#1261,.T.);
#1257 = VERTEX_POINT('',#1258);
#1258 = CARTESIAN_POINT('',(-0.1,-5.53,0.2));
#1259 = VERTEX_POINT('',#1260);
#1260 = CARTESIAN_POINT('',(0.1,-5.53,0.2));
#1261 = LINE('',#1262,#1263);
#1262 = CARTESIAN_POINT('',(-0.1,-5.53,0.2));
#1263 = VECTOR('',#1264,1.);
#1264 = DIRECTION('',(1.,-1.110223024625E-16,0.));
#1265 = ORIENTED_EDGE('',*,*,#1266,.T.);
#1266 = EDGE_CURVE('',#1257,#1267,#1269,.T.);
#1267 = VERTEX_POINT('',#1268);
#1268 = CARTESIAN_POINT('',(-0.1,-5.38,0.2));
#1269 = LINE('',#1270,#1271);
#1270 = CARTESIAN_POINT('',(-0.1,-5.53,0.2));
#1271 = VECTOR('',#1272,1.);
#1272 = DIRECTION('',(1.110223024625E-16,1.,0.));
#1273 = ORIENTED_EDGE('',*,*,#1274,.F.);
#1274 = EDGE_CURVE('',#1275,#1267,#1277,.T.);
#1275 = VERTEX_POINT('',#1276);
#1276 = CARTESIAN_POINT('',(-0.1,-4.78,0.2));
#1277 = LINE('',#1278,#1279);
#1278 = CARTESIAN_POINT('',(-0.1,-6.985,0.2));
#1279 = VECTOR('',#1280,1.);
#1280 = DIRECTION('',(-1.110223024625E-16,-1.,0.));
#1281 = ORIENTED_EDGE('',*,*,#1282,.T.);
#1282 = EDGE_CURVE('',#1275,#1283,#1285,.T.);
#1283 = VERTEX_POINT('',#1284);
#1284 = CARTESIAN_POINT('',(-0.1,-4.63,0.2));
#1285 = LINE('',#1286,#1287);
#1286 = CARTESIAN_POINT('',(-0.1,-5.53,0.2));
#1287 = VECTOR('',#1288,1.);
#1288 = DIRECTION('',(1.110223024625E-16,1.,0.));
#1289 = ORIENTED_EDGE('',*,*,#1290,.T.);
#1290 = EDGE_CURVE('',#1283,#1291,#1293,.T.);
#1291 = VERTEX_POINT('',#1292);
#1292 = CARTESIAN_POINT('',(0.1,-4.63,0.2));
#1293 = LINE('',#1294,#1295);
#1294 = CARTESIAN_POINT('',(-0.1,-4.63,0.2));
#1295 = VECTOR('',#1296,1.);
#1296 = DIRECTION('',(1.,-1.110223024625E-16,0.));
#1297 = ORIENTED_EDGE('',*,*,#1298,.T.);
#1298 = EDGE_CURVE('',#1291,#1299,#1301,.T.);
#1299 = VERTEX_POINT('',#1300);
#1300 = CARTESIAN_POINT('',(0.1,-4.78,0.2));
#1301 = LINE('',#1302,#1303);
#1302 = CARTESIAN_POINT('',(0.1,-4.63,0.2));
#1303 = VECTOR('',#1304,1.);
#1304 = DIRECTION('',(-1.110223024625E-16,-1.,0.));
#1305 = ORIENTED_EDGE('',*,*,#1306,.T.);
#1306 = EDGE_CURVE('',#1299,#1307,#1309,.T.);
#1307 = VERTEX_POINT('',#1308);
#1308 = CARTESIAN_POINT('',(0.1,-5.38,0.2));
#1309 = LINE('',#1310,#1311);
#1310 = CARTESIAN_POINT('',(0.1,-6.985,0.2));
#1311 = VECTOR('',#1312,1.);
#1312 = DIRECTION('',(-1.110223024625E-16,-1.,0.));
#1313 = ORIENTED_EDGE('',*,*,#1314,.T.);
#1314 = EDGE_CURVE('',#1307,#1259,#1315,.T.);
#1315 = LINE('',#1316,#1317);
#1316 = CARTESIAN_POINT('',(0.1,-4.63,0.2));
#1317 = VECTOR('',#1318,1.);
#1318 = DIRECTION('',(-1.110223024625E-16,-1.,0.));
#1319 = FACE_BOUND('',#1320,.F.);
#1320 = EDGE_LOOP('',(#1321,#1331,#1339,#1347,#1355,#1363,#1371,#1379));
#1321 = ORIENTED_EDGE('',*,*,#1322,.F.);
#1322 = EDGE_CURVE('',#1323,#1325,#1327,.T.);
#1323 = VERTEX_POINT('',#1324);
#1324 = CARTESIAN_POINT('',(-0.1,-2.99,0.2));
#1325 = VERTEX_POINT('',#1326);
#1326 = CARTESIAN_POINT('',(0.1,-2.99,0.2));
#1327 = LINE('',#1328,#1329);
#1328 = CARTESIAN_POINT('',(-0.1,-2.99,0.2));
#1329 = VECTOR('',#1330,1.);
#1330 = DIRECTION('',(1.,-1.110223024625E-16,0.));
#1331 = ORIENTED_EDGE('',*,*,#1332,.T.);
#1332 = EDGE_CURVE('',#1323,#1333,#1335,.T.);
#1333 = VERTEX_POINT('',#1334);
#1334 = CARTESIAN_POINT('',(-0.1,-2.84,0.2));
#1335 = LINE('',#1336,#1337);
#1336 = CARTESIAN_POINT('',(-0.1,-2.99,0.2));
#1337 = VECTOR('',#1338,1.);
#1338 = DIRECTION('',(1.110223024625E-16,1.,0.));
#1339 = ORIENTED_EDGE('',*,*,#1340,.F.);
#1340 = EDGE_CURVE('',#1341,#1333,#1343,.T.);
#1341 = VERTEX_POINT('',#1342);
#1342 = CARTESIAN_POINT('',(-0.1,-2.24,0.2));
#1343 = LINE('',#1344,#1345);
#1344 = CARTESIAN_POINT('',(-0.1,-5.715,0.2));
#1345 = VECTOR('',#1346,1.);
#1346 = DIRECTION('',(-1.110223024625E-16,-1.,0.));
#1347 = ORIENTED_EDGE('',*,*,#1348,.T.);
#1348 = EDGE_CURVE('',#1341,#1349,#1351,.T.);
#1349 = VERTEX_POINT('',#1350);
#1350 = CARTESIAN_POINT('',(-0.1,-2.09,0.2));
#1351 = LINE('',#1352,#1353);
#1352 = CARTESIAN_POINT('',(-0.1,-2.99,0.2));
#1353 = VECTOR('',#1354,1.);
#1354 = DIRECTION('',(1.110223024625E-16,1.,0.));
#1355 = ORIENTED_EDGE('',*,*,#1356,.T.);
#1356 = EDGE_CURVE('',#1349,#1357,#1359,.T.);
#1357 = VERTEX_POINT('',#1358);
#1358 = CARTESIAN_POINT('',(0.1,-2.09,0.2));
#1359 = LINE('',#1360,#1361);
#1360 = CARTESIAN_POINT('',(-0.1,-2.09,0.2));
#1361 = VECTOR('',#1362,1.);
#1362 = DIRECTION('',(1.,-1.110223024625E-16,0.));
#1363 = ORIENTED_EDGE('',*,*,#1364,.T.);
#1364 = EDGE_CURVE('',#1357,#1365,#1367,.T.);
#1365 = VERTEX_POINT('',#1366);
#1366 = CARTESIAN_POINT('',(0.1,-2.24,0.2));
#1367 = LINE('',#1368,#1369);
#1368 = CARTESIAN_POINT('',(0.1,-2.09,0.2));
#1369 = VECTOR('',#1370,1.);
#1370 = DIRECTION('',(-1.110223024625E-16,-1.,0.));
#1371 = ORIENTED_EDGE('',*,*,#1372,.T.);
#1372 = EDGE_CURVE('',#1365,#1373,#1375,.T.);
#1373 = VERTEX_POINT('',#1374);
#1374 = CARTESIAN_POINT('',(0.1,-2.84,0.2));
#1375 = LINE('',#1376,#1377);
#1376 = CARTESIAN_POINT('',(0.1,-5.715,0.2));
#1377 = VECTOR('',#1378,1.);
#1378 = DIRECTION('',(-1.110223024625E-16,-1.,0.));
#1379 = ORIENTED_EDGE('',*,*,#1380,.T.);
#1380 = EDGE_CURVE('',#1373,#1325,#1381,.T.);
#1381 = LINE('',#1382,#1383);
#1382 = CARTESIAN_POINT('',(0.1,-2.09,0.2));
#1383 = VECTOR('',#1384,1.);
#1384 = DIRECTION('',(-1.110223024625E-16,-1.,0.));
#1385 = FACE_BOUND('',#1386,.F.);
#1386 = EDGE_LOOP('',(#1387,#1397,#1405,#1413,#1421,#1429,#1437,#1445));
#1387 = ORIENTED_EDGE('',*,*,#1388,.F.);
#1388 = EDGE_CURVE('',#1389,#1391,#1393,.T.);
#1389 = VERTEX_POINT('',#1390);
#1390 = CARTESIAN_POINT('',(-0.1,-0.45,0.2));
#1391 = VERTEX_POINT('',#1392);
#1392 = CARTESIAN_POINT('',(0.1,-0.45,0.2));
#1393 = LINE('',#1394,#1395);
#1394 = CARTESIAN_POINT('',(-0.1,-0.45,0.2));
#1395 = VECTOR('',#1396,1.);
#1396 = DIRECTION('',(1.,-1.110223024625E-16,0.));
#1397 = ORIENTED_EDGE('',*,*,#1398,.T.);
#1398 = EDGE_CURVE('',#1389,#1399,#1401,.T.);
#1399 = VERTEX_POINT('',#1400);
#1400 = CARTESIAN_POINT('',(-0.1,-0.3,0.2));
#1401 = LINE('',#1402,#1403);
#1402 = CARTESIAN_POINT('',(-0.1,-0.45,0.2));
#1403 = VECTOR('',#1404,1.);
#1404 = DIRECTION('',(1.110223024625E-16,1.,0.));
#1405 = ORIENTED_EDGE('',*,*,#1406,.F.);
#1406 = EDGE_CURVE('',#1407,#1399,#1409,.T.);
#1407 = VERTEX_POINT('',#1408);
#1408 = CARTESIAN_POINT('',(-0.1,0.3,0.2));
#1409 = LINE('',#1410,#1411);
#1410 = CARTESIAN_POINT('',(-0.1,-4.445,0.2));
#1411 = VECTOR('',#1412,1.);
#1412 = DIRECTION('',(-1.110223024625E-16,-1.,0.));
#1413 = ORIENTED_EDGE('',*,*,#1414,.T.);
#1414 = EDGE_CURVE('',#1407,#1415,#1417,.T.);
#1415 = VERTEX_POINT('',#1416);
#1416 = CARTESIAN_POINT('',(-0.1,0.45,0.2));
#1417 = LINE('',#1418,#1419);
#1418 = CARTESIAN_POINT('',(-0.1,-0.45,0.2));
#1419 = VECTOR('',#1420,1.);
#1420 = DIRECTION('',(1.110223024625E-16,1.,0.));
#1421 = ORIENTED_EDGE('',*,*,#1422,.T.);
#1422 = EDGE_CURVE('',#1415,#1423,#1425,.T.);
#1423 = VERTEX_POINT('',#1424);
#1424 = CARTESIAN_POINT('',(0.1,0.45,0.2));
#1425 = LINE('',#1426,#1427);
#1426 = CARTESIAN_POINT('',(-0.1,0.45,0.2));
#1427 = VECTOR('',#1428,1.);
#1428 = DIRECTION('',(1.,-1.110223024625E-16,0.));
#1429 = ORIENTED_EDGE('',*,*,#1430,.T.);
#1430 = EDGE_CURVE('',#1423,#1431,#1433,.T.);
#1431 = VERTEX_POINT('',#1432);
#1432 = CARTESIAN_POINT('',(0.1,0.3,0.2));
#1433 = LINE('',#1434,#1435);
#1434 = CARTESIAN_POINT('',(0.1,0.45,0.2));
#1435 = VECTOR('',#1436,1.);
#1436 = DIRECTION('',(-1.110223024625E-16,-1.,0.));
#1437 = ORIENTED_EDGE('',*,*,#1438,.T.);
#1438 = EDGE_CURVE('',#1431,#1439,#1441,.T.);
#1439 = VERTEX_POINT('',#1440);
#1440 = CARTESIAN_POINT('',(0.1,-0.3,0.2));
#1441 = LINE('',#1442,#1443);
#1442 = CARTESIAN_POINT('',(0.1,-4.445,0.2));
#1443 = VECTOR('',#1444,1.);
#1444 = DIRECTION('',(-1.110223024625E-16,-1.,0.));
#1445 = ORIENTED_EDGE('',*,*,#1446,.T.);
#1446 = EDGE_CURVE('',#1439,#1391,#1447,.T.);
#1447 = LINE('',#1448,#1449);
#1448 = CARTESIAN_POINT('',(0.1,0.45,0.2));
#1449 = VECTOR('',#1450,1.);
#1450 = DIRECTION('',(-1.110223024625E-16,-1.,0.));
#1451 = PLANE('',#1452);
#1452 = AXIS2_PLACEMENT_3D('',#1453,#1454,#1455);
#1453 = CARTESIAN_POINT('',(-9.592326932761E-16,-8.89,0.2));
#1454 = DIRECTION('',(0.,0.,1.));
#1455 = DIRECTION('',(1.110223024625E-16,1.,-0.));
#1456 = ADVANCED_FACE('',(#1457),#1463,.T.);
#1457 = FACE_BOUND('',#1458,.T.);
#1458 = EDGE_LOOP('',(#1459,#1460,#1461,#1462));
#1459 = ORIENTED_EDGE('',*,*,#477,.T.);
#1460 = ORIENTED_EDGE('',*,*,#915,.T.);
#1461 = ORIENTED_EDGE('',*,*,#556,.F.);
#1462 = ORIENTED_EDGE('',*,*,#573,.F.);
#1463 = PLANE('',#1464);
#1464 = AXIS2_PLACEMENT_3D('',#1465,#1466,#1467);
#1465 = CARTESIAN_POINT('',(0.846666666667,-19.05,0.));
#1466 = DIRECTION('',(-1.,1.110223024625E-16,0.));
#1467 = DIRECTION('',(1.110223024625E-16,1.,0.));
#1468 = ADVANCED_FACE('',(#1469),#1475,.F.);
#1469 = FACE_BOUND('',#1470,.F.);
#1470 = EDGE_LOOP('',(#1471,#1472,#1473,#1474));
#1471 = ORIENTED_EDGE('',*,*,#524,.T.);
#1472 = ORIENTED_EDGE('',*,*,#589,.T.);
#1473 = ORIENTED_EDGE('',*,*,#454,.F.);
#1474 = ORIENTED_EDGE('',*,*,#884,.F.);
#1475 = PLANE('',#1476);
#1476 = AXIS2_PLACEMENT_3D('',#1477,#1478,#1479);
#1477 = CARTESIAN_POINT('',(-1.27,1.27,0.));
#1478 = DIRECTION('',(1.,-1.110223024625E-16,0.));
#1479 = DIRECTION('',(-1.110223024625E-16,-1.,0.));
#1480 = ADVANCED_FACE('',(#1481),#1506,.T.);
#1481 = FACE_BOUND('',#1482,.T.);
#1482 = EDGE_LOOP('',(#1483,#1491,#1492,#1500));
#1483 = ORIENTED_EDGE('',*,*,#1484,.F.);
#1484 = EDGE_CURVE('',#599,#1485,#1487,.T.);
#1485 = VERTEX_POINT('',#1486);
#1486 = CARTESIAN_POINT('',(0.3,-18.08,8.2));
#1487 = LINE('',#1488,#1489);
#1488 = CARTESIAN_POINT('',(0.3,-18.08,8.2));
#1489 = VECTOR('',#1490,1.);
#1490 = DIRECTION('',(-0.57735026919,0.57735026919,-0.57735026919));
#1491 = ORIENTED_EDGE('',*,*,#598,.T.);
#1492 = ORIENTED_EDGE('',*,*,#1493,.T.);
#1493 = EDGE_CURVE('',#601,#1494,#1496,.T.);
#1494 = VERTEX_POINT('',#1495);
#1495 = CARTESIAN_POINT('',(0.3,-17.48,8.2));
#1496 = LINE('',#1497,#1498);
#1497 = CARTESIAN_POINT('',(0.3,-17.48,8.2));
#1498 = VECTOR('',#1499,1.);
#1499 = DIRECTION('',(-0.57735026919,-0.57735026919,-0.57735026919));
#1500 = ORIENTED_EDGE('',*,*,#1501,.F.);
#1501 = EDGE_CURVE('',#1485,#1494,#1502,.T.);
#1502 = LINE('',#1503,#1504);
#1503 = CARTESIAN_POINT('',(0.3,-18.38,8.2));
#1504 = VECTOR('',#1505,1.);
#1505 = DIRECTION('',(1.110223024625E-16,1.,0.));
#1506 = PLANE('',#1507);
#1507 = AXIS2_PLACEMENT_3D('',#1508,#1509,#1510);
#1508 = CARTESIAN_POINT('',(0.45,-18.38,8.35));
#1509 = DIRECTION('',(-0.707106781187,7.850462293414E-17,0.707106781187)
  );
#1510 = DIRECTION('',(1.110223024625E-16,1.,2.680278185005E-29));
#1511 = ADVANCED_FACE('',(#1512),#1530,.T.);
#1512 = FACE_BOUND('',#1513,.T.);
#1513 = EDGE_LOOP('',(#1514,#1515,#1516,#1524));
#1514 = ORIENTED_EDGE('',*,*,#1493,.F.);
#1515 = ORIENTED_EDGE('',*,*,#624,.T.);
#1516 = ORIENTED_EDGE('',*,*,#1517,.T.);
#1517 = EDGE_CURVE('',#617,#1518,#1520,.T.);
#1518 = VERTEX_POINT('',#1519);
#1519 = CARTESIAN_POINT('',(-0.3,-17.48,8.2));
#1520 = LINE('',#1521,#1522);
#1521 = CARTESIAN_POINT('',(-0.3,-17.48,8.2));
#1522 = VECTOR('',#1523,1.);
#1523 = DIRECTION('',(0.57735026919,-0.57735026919,-0.57735026919));
#1524 = ORIENTED_EDGE('',*,*,#1525,.F.);
#1525 = EDGE_CURVE('',#1494,#1518,#1526,.T.);
#1526 = LINE('',#1527,#1528);
#1527 = CARTESIAN_POINT('',(0.6,-17.48,8.2));
#1528 = VECTOR('',#1529,1.);
#1529 = DIRECTION('',(-1.,1.110223024625E-16,0.));
#1530 = PLANE('',#1531);
#1531 = AXIS2_PLACEMENT_3D('',#1532,#1533,#1534);
#1532 = CARTESIAN_POINT('',(0.6,-17.33,8.35));
#1533 = DIRECTION('',(-7.850462293414E-17,-0.707106781187,0.707106781187
    ));
#1534 = DIRECTION('',(-1.,1.110223024625E-16,2.680278185005E-29));
#1535 = ADVANCED_FACE('',(#1536),#1554,.T.);
#1536 = FACE_BOUND('',#1537,.T.);
#1537 = EDGE_LOOP('',(#1538,#1539,#1540,#1548));
#1538 = ORIENTED_EDGE('',*,*,#1517,.F.);
#1539 = ORIENTED_EDGE('',*,*,#616,.T.);
#1540 = ORIENTED_EDGE('',*,*,#1541,.T.);
#1541 = EDGE_CURVE('',#609,#1542,#1544,.T.);
#1542 = VERTEX_POINT('',#1543);
#1543 = CARTESIAN_POINT('',(-0.3,-18.08,8.2));
#1544 = LINE('',#1545,#1546);
#1545 = CARTESIAN_POINT('',(-0.3,-18.08,8.2));
#1546 = VECTOR('',#1547,1.);
#1547 = DIRECTION('',(0.57735026919,0.57735026919,-0.57735026919));
#1548 = ORIENTED_EDGE('',*,*,#1549,.F.);
#1549 = EDGE_CURVE('',#1518,#1542,#1550,.T.);
#1550 = LINE('',#1551,#1552);
#1551 = CARTESIAN_POINT('',(-0.3,-17.18,8.2));
#1552 = VECTOR('',#1553,1.);
#1553 = DIRECTION('',(-1.110223024625E-16,-1.,0.));
#1554 = PLANE('',#1555);
#1555 = AXIS2_PLACEMENT_3D('',#1556,#1557,#1558);
#1556 = CARTESIAN_POINT('',(-0.45,-17.18,8.35));
#1557 = DIRECTION('',(0.707106781187,-7.850462293414E-17,0.707106781187)
  );
#1558 = DIRECTION('',(-1.110223024625E-16,-1.,2.680278185005E-29));
#1559 = ADVANCED_FACE('',(#1560),#1571,.T.);
#1560 = FACE_BOUND('',#1561,.T.);
#1561 = EDGE_LOOP('',(#1562,#1563,#1564,#1565));
#1562 = ORIENTED_EDGE('',*,*,#1541,.F.);
#1563 = ORIENTED_EDGE('',*,*,#608,.T.);
#1564 = ORIENTED_EDGE('',*,*,#1484,.T.);
#1565 = ORIENTED_EDGE('',*,*,#1566,.F.);
#1566 = EDGE_CURVE('',#1542,#1485,#1567,.T.);
#1567 = LINE('',#1568,#1569);
#1568 = CARTESIAN_POINT('',(-0.6,-18.08,8.2));
#1569 = VECTOR('',#1570,1.);
#1570 = DIRECTION('',(1.,-1.110223024625E-16,0.));
#1571 = PLANE('',#1572);
#1572 = AXIS2_PLACEMENT_3D('',#1573,#1574,#1575);
#1573 = CARTESIAN_POINT('',(-0.6,-18.23,8.35));
#1574 = DIRECTION('',(7.850462293414E-17,0.707106781187,0.707106781187)
  );
#1575 = DIRECTION('',(1.,-1.110223024625E-16,2.680278185005E-29));
#1576 = ADVANCED_FACE('',(#1577),#1602,.T.);
#1577 = FACE_BOUND('',#1578,.T.);
#1578 = EDGE_LOOP('',(#1579,#1587,#1588,#1596));
#1579 = ORIENTED_EDGE('',*,*,#1580,.F.);
#1580 = EDGE_CURVE('',#633,#1581,#1583,.T.);
#1581 = VERTEX_POINT('',#1582);
#1582 = CARTESIAN_POINT('',(0.3,-15.54,8.2));
#1583 = LINE('',#1584,#1585);
#1584 = CARTESIAN_POINT('',(0.3,-15.54,8.2));
#1585 = VECTOR('',#1586,1.);
#1586 = DIRECTION('',(-0.57735026919,0.57735026919,-0.57735026919));
#1587 = ORIENTED_EDGE('',*,*,#632,.T.);
#1588 = ORIENTED_EDGE('',*,*,#1589,.T.);
#1589 = EDGE_CURVE('',#635,#1590,#1592,.T.);
#1590 = VERTEX_POINT('',#1591);
#1591 = CARTESIAN_POINT('',(0.3,-14.94,8.2));
#1592 = LINE('',#1593,#1594);
#1593 = CARTESIAN_POINT('',(0.3,-14.94,8.2));
#1594 = VECTOR('',#1595,1.);
#1595 = DIRECTION('',(-0.57735026919,-0.57735026919,-0.57735026919));
#1596 = ORIENTED_EDGE('',*,*,#1597,.F.);
#1597 = EDGE_CURVE('',#1581,#1590,#1598,.T.);
#1598 = LINE('',#1599,#1600);
#1599 = CARTESIAN_POINT('',(0.3,-15.84,8.2));
#1600 = VECTOR('',#1601,1.);
#1601 = DIRECTION('',(1.110223024625E-16,1.,0.));
#1602 = PLANE('',#1603);
#1603 = AXIS2_PLACEMENT_3D('',#1604,#1605,#1606);
#1604 = CARTESIAN_POINT('',(0.45,-15.84,8.35));
#1605 = DIRECTION('',(-0.707106781187,7.850462293414E-17,0.707106781187)
  );
#1606 = DIRECTION('',(1.110223024625E-16,1.,2.680278185005E-29));
#1607 = ADVANCED_FACE('',(#1608),#1626,.T.);
#1608 = FACE_BOUND('',#1609,.T.);
#1609 = EDGE_LOOP('',(#1610,#1611,#1612,#1620));
#1610 = ORIENTED_EDGE('',*,*,#1589,.F.);
#1611 = ORIENTED_EDGE('',*,*,#658,.T.);
#1612 = ORIENTED_EDGE('',*,*,#1613,.T.);
#1613 = EDGE_CURVE('',#651,#1614,#1616,.T.);
#1614 = VERTEX_POINT('',#1615);
#1615 = CARTESIAN_POINT('',(-0.3,-14.94,8.2));
#1616 = LINE('',#1617,#1618);
#1617 = CARTESIAN_POINT('',(-0.3,-14.94,8.2));
#1618 = VECTOR('',#1619,1.);
#1619 = DIRECTION('',(0.57735026919,-0.57735026919,-0.57735026919));
#1620 = ORIENTED_EDGE('',*,*,#1621,.F.);
#1621 = EDGE_CURVE('',#1590,#1614,#1622,.T.);
#1622 = LINE('',#1623,#1624);
#1623 = CARTESIAN_POINT('',(0.6,-14.94,8.2));
#1624 = VECTOR('',#1625,1.);
#1625 = DIRECTION('',(-1.,1.110223024625E-16,0.));
#1626 = PLANE('',#1627);
#1627 = AXIS2_PLACEMENT_3D('',#1628,#1629,#1630);
#1628 = CARTESIAN_POINT('',(0.6,-14.79,8.35));
#1629 = DIRECTION('',(-7.850462293414E-17,-0.707106781187,0.707106781187
    ));
#1630 = DIRECTION('',(-1.,1.110223024625E-16,2.680278185005E-29));
#1631 = ADVANCED_FACE('',(#1632),#1650,.T.);
#1632 = FACE_BOUND('',#1633,.T.);
#1633 = EDGE_LOOP('',(#1634,#1635,#1636,#1644));
#1634 = ORIENTED_EDGE('',*,*,#1613,.F.);
#1635 = ORIENTED_EDGE('',*,*,#650,.T.);
#1636 = ORIENTED_EDGE('',*,*,#1637,.T.);
#1637 = EDGE_CURVE('',#643,#1638,#1640,.T.);
#1638 = VERTEX_POINT('',#1639);
#1639 = CARTESIAN_POINT('',(-0.3,-15.54,8.2));
#1640 = LINE('',#1641,#1642);
#1641 = CARTESIAN_POINT('',(-0.3,-15.54,8.2));
#1642 = VECTOR('',#1643,1.);
#1643 = DIRECTION('',(0.57735026919,0.57735026919,-0.57735026919));
#1644 = ORIENTED_EDGE('',*,*,#1645,.F.);
#1645 = EDGE_CURVE('',#1614,#1638,#1646,.T.);
#1646 = LINE('',#1647,#1648);
#1647 = CARTESIAN_POINT('',(-0.3,-14.64,8.2));
#1648 = VECTOR('',#1649,1.);
#1649 = DIRECTION('',(-1.110223024625E-16,-1.,0.));
#1650 = PLANE('',#1651);
#1651 = AXIS2_PLACEMENT_3D('',#1652,#1653,#1654);
#1652 = CARTESIAN_POINT('',(-0.45,-14.64,8.35));
#1653 = DIRECTION('',(0.707106781187,-7.850462293414E-17,0.707106781187)
  );
#1654 = DIRECTION('',(-1.110223024625E-16,-1.,2.680278185005E-29));
#1655 = ADVANCED_FACE('',(#1656),#1667,.T.);
#1656 = FACE_BOUND('',#1657,.T.);
#1657 = EDGE_LOOP('',(#1658,#1659,#1660,#1661));
#1658 = ORIENTED_EDGE('',*,*,#1637,.F.);
#1659 = ORIENTED_EDGE('',*,*,#642,.T.);
#1660 = ORIENTED_EDGE('',*,*,#1580,.T.);
#1661 = ORIENTED_EDGE('',*,*,#1662,.F.);
#1662 = EDGE_CURVE('',#1638,#1581,#1663,.T.);
#1663 = LINE('',#1664,#1665);
#1664 = CARTESIAN_POINT('',(-0.6,-15.54,8.2));
#1665 = VECTOR('',#1666,1.);
#1666 = DIRECTION('',(1.,-1.110223024625E-16,0.));
#1667 = PLANE('',#1668);
#1668 = AXIS2_PLACEMENT_3D('',#1669,#1670,#1671);
#1669 = CARTESIAN_POINT('',(-0.6,-15.69,8.35));
#1670 = DIRECTION('',(7.850462293414E-17,0.707106781187,0.707106781187)
  );
#1671 = DIRECTION('',(1.,-1.110223024625E-16,2.680278185005E-29));
#1672 = ADVANCED_FACE('',(#1673),#1698,.T.);
#1673 = FACE_BOUND('',#1674,.T.);
#1674 = EDGE_LOOP('',(#1675,#1683,#1684,#1692));
#1675 = ORIENTED_EDGE('',*,*,#1676,.F.);
#1676 = EDGE_CURVE('',#667,#1677,#1679,.T.);
#1677 = VERTEX_POINT('',#1678);
#1678 = CARTESIAN_POINT('',(0.3,-13.,8.2));
#1679 = LINE('',#1680,#1681);
#1680 = CARTESIAN_POINT('',(0.3,-13.,8.2));
#1681 = VECTOR('',#1682,1.);
#1682 = DIRECTION('',(-0.57735026919,0.57735026919,-0.57735026919));
#1683 = ORIENTED_EDGE('',*,*,#666,.T.);
#1684 = ORIENTED_EDGE('',*,*,#1685,.T.);
#1685 = EDGE_CURVE('',#669,#1686,#1688,.T.);
#1686 = VERTEX_POINT('',#1687);
#1687 = CARTESIAN_POINT('',(0.3,-12.4,8.2));
#1688 = LINE('',#1689,#1690);
#1689 = CARTESIAN_POINT('',(0.3,-12.4,8.2));
#1690 = VECTOR('',#1691,1.);
#1691 = DIRECTION('',(-0.57735026919,-0.57735026919,-0.57735026919));
#1692 = ORIENTED_EDGE('',*,*,#1693,.F.);
#1693 = EDGE_CURVE('',#1677,#1686,#1694,.T.);
#1694 = LINE('',#1695,#1696);
#1695 = CARTESIAN_POINT('',(0.3,-13.3,8.2));
#1696 = VECTOR('',#1697,1.);
#1697 = DIRECTION('',(1.110223024625E-16,1.,0.));
#1698 = PLANE('',#1699);
#1699 = AXIS2_PLACEMENT_3D('',#1700,#1701,#1702);
#1700 = CARTESIAN_POINT('',(0.45,-13.3,8.35));
#1701 = DIRECTION('',(-0.707106781187,7.850462293414E-17,0.707106781187)
  );
#1702 = DIRECTION('',(1.110223024625E-16,1.,2.680278185005E-29));
#1703 = ADVANCED_FACE('',(#1704),#1722,.T.);
#1704 = FACE_BOUND('',#1705,.T.);
#1705 = EDGE_LOOP('',(#1706,#1707,#1708,#1716));
#1706 = ORIENTED_EDGE('',*,*,#1685,.F.);
#1707 = ORIENTED_EDGE('',*,*,#692,.T.);
#1708 = ORIENTED_EDGE('',*,*,#1709,.T.);
#1709 = EDGE_CURVE('',#685,#1710,#1712,.T.);
#1710 = VERTEX_POINT('',#1711);
#1711 = CARTESIAN_POINT('',(-0.3,-12.4,8.2));
#1712 = LINE('',#1713,#1714);
#1713 = CARTESIAN_POINT('',(-0.3,-12.4,8.2));
#1714 = VECTOR('',#1715,1.);
#1715 = DIRECTION('',(0.57735026919,-0.57735026919,-0.57735026919));
#1716 = ORIENTED_EDGE('',*,*,#1717,.F.);
#1717 = EDGE_CURVE('',#1686,#1710,#1718,.T.);
#1718 = LINE('',#1719,#1720);
#1719 = CARTESIAN_POINT('',(0.6,-12.4,8.2));
#1720 = VECTOR('',#1721,1.);
#1721 = DIRECTION('',(-1.,1.110223024625E-16,0.));
#1722 = PLANE('',#1723);
#1723 = AXIS2_PLACEMENT_3D('',#1724,#1725,#1726);
#1724 = CARTESIAN_POINT('',(0.6,-12.25,8.35));
#1725 = DIRECTION('',(-7.850462293414E-17,-0.707106781187,0.707106781187
    ));
#1726 = DIRECTION('',(-1.,1.110223024625E-16,2.680278185005E-29));
#1727 = ADVANCED_FACE('',(#1728),#1746,.T.);
#1728 = FACE_BOUND('',#1729,.T.);
#1729 = EDGE_LOOP('',(#1730,#1731,#1732,#1740));
#1730 = ORIENTED_EDGE('',*,*,#1709,.F.);
#1731 = ORIENTED_EDGE('',*,*,#684,.T.);
#1732 = ORIENTED_EDGE('',*,*,#1733,.T.);
#1733 = EDGE_CURVE('',#677,#1734,#1736,.T.);
#1734 = VERTEX_POINT('',#1735);
#1735 = CARTESIAN_POINT('',(-0.3,-13.,8.2));
#1736 = LINE('',#1737,#1738);
#1737 = CARTESIAN_POINT('',(-0.3,-13.,8.2));
#1738 = VECTOR('',#1739,1.);
#1739 = DIRECTION('',(0.57735026919,0.57735026919,-0.57735026919));
#1740 = ORIENTED_EDGE('',*,*,#1741,.F.);
#1741 = EDGE_CURVE('',#1710,#1734,#1742,.T.);
#1742 = LINE('',#1743,#1744);
#1743 = CARTESIAN_POINT('',(-0.3,-12.1,8.2));
#1744 = VECTOR('',#1745,1.);
#1745 = DIRECTION('',(-1.110223024625E-16,-1.,0.));
#1746 = PLANE('',#1747);
#1747 = AXIS2_PLACEMENT_3D('',#1748,#1749,#1750);
#1748 = CARTESIAN_POINT('',(-0.45,-12.1,8.35));
#1749 = DIRECTION('',(0.707106781187,-7.850462293414E-17,0.707106781187)
  );
#1750 = DIRECTION('',(-1.110223024625E-16,-1.,2.680278185005E-29));
#1751 = ADVANCED_FACE('',(#1752),#1763,.T.);
#1752 = FACE_BOUND('',#1753,.T.);
#1753 = EDGE_LOOP('',(#1754,#1755,#1756,#1757));
#1754 = ORIENTED_EDGE('',*,*,#1733,.F.);
#1755 = ORIENTED_EDGE('',*,*,#676,.T.);
#1756 = ORIENTED_EDGE('',*,*,#1676,.T.);
#1757 = ORIENTED_EDGE('',*,*,#1758,.F.);
#1758 = EDGE_CURVE('',#1734,#1677,#1759,.T.);
#1759 = LINE('',#1760,#1761);
#1760 = CARTESIAN_POINT('',(-0.6,-13.,8.2));
#1761 = VECTOR('',#1762,1.);
#1762 = DIRECTION('',(1.,-1.110223024625E-16,0.));
#1763 = PLANE('',#1764);
#1764 = AXIS2_PLACEMENT_3D('',#1765,#1766,#1767);
#1765 = CARTESIAN_POINT('',(-0.6,-13.15,8.35));
#1766 = DIRECTION('',(7.850462293414E-17,0.707106781187,0.707106781187)
  );
#1767 = DIRECTION('',(1.,-1.110223024625E-16,2.680278185005E-29));
#1768 = ADVANCED_FACE('',(#1769),#1794,.T.);
#1769 = FACE_BOUND('',#1770,.T.);
#1770 = EDGE_LOOP('',(#1771,#1779,#1780,#1788));
#1771 = ORIENTED_EDGE('',*,*,#1772,.F.);
#1772 = EDGE_CURVE('',#701,#1773,#1775,.T.);
#1773 = VERTEX_POINT('',#1774);
#1774 = CARTESIAN_POINT('',(0.3,-10.46,8.2));
#1775 = LINE('',#1776,#1777);
#1776 = CARTESIAN_POINT('',(0.3,-10.46,8.2));
#1777 = VECTOR('',#1778,1.);
#1778 = DIRECTION('',(-0.57735026919,0.57735026919,-0.57735026919));
#1779 = ORIENTED_EDGE('',*,*,#700,.T.);
#1780 = ORIENTED_EDGE('',*,*,#1781,.T.);
#1781 = EDGE_CURVE('',#703,#1782,#1784,.T.);
#1782 = VERTEX_POINT('',#1783);
#1783 = CARTESIAN_POINT('',(0.3,-9.86,8.2));
#1784 = LINE('',#1785,#1786);
#1785 = CARTESIAN_POINT('',(0.3,-9.86,8.2));
#1786 = VECTOR('',#1787,1.);
#1787 = DIRECTION('',(-0.57735026919,-0.57735026919,-0.57735026919));
#1788 = ORIENTED_EDGE('',*,*,#1789,.F.);
#1789 = EDGE_CURVE('',#1773,#1782,#1790,.T.);
#1790 = LINE('',#1791,#1792);
#1791 = CARTESIAN_POINT('',(0.3,-10.76,8.2));
#1792 = VECTOR('',#1793,1.);
#1793 = DIRECTION('',(1.110223024625E-16,1.,0.));
#1794 = PLANE('',#1795);
#1795 = AXIS2_PLACEMENT_3D('',#1796,#1797,#1798);
#1796 = CARTESIAN_POINT('',(0.45,-10.76,8.35));
#1797 = DIRECTION('',(-0.707106781187,7.850462293414E-17,0.707106781187)
  );
#1798 = DIRECTION('',(1.110223024625E-16,1.,2.680278185005E-29));
#1799 = ADVANCED_FACE('',(#1800),#1818,.T.);
#1800 = FACE_BOUND('',#1801,.T.);
#1801 = EDGE_LOOP('',(#1802,#1803,#1804,#1812));
#1802 = ORIENTED_EDGE('',*,*,#1781,.F.);
#1803 = ORIENTED_EDGE('',*,*,#726,.T.);
#1804 = ORIENTED_EDGE('',*,*,#1805,.T.);
#1805 = EDGE_CURVE('',#719,#1806,#1808,.T.);
#1806 = VERTEX_POINT('',#1807);
#1807 = CARTESIAN_POINT('',(-0.3,-9.86,8.2));
#1808 = LINE('',#1809,#1810);
#1809 = CARTESIAN_POINT('',(-0.3,-9.86,8.2));
#1810 = VECTOR('',#1811,1.);
#1811 = DIRECTION('',(0.57735026919,-0.57735026919,-0.57735026919));
#1812 = ORIENTED_EDGE('',*,*,#1813,.F.);
#1813 = EDGE_CURVE('',#1782,#1806,#1814,.T.);
#1814 = LINE('',#1815,#1816);
#1815 = CARTESIAN_POINT('',(0.6,-9.86,8.2));
#1816 = VECTOR('',#1817,1.);
#1817 = DIRECTION('',(-1.,1.110223024625E-16,0.));
#1818 = PLANE('',#1819);
#1819 = AXIS2_PLACEMENT_3D('',#1820,#1821,#1822);
#1820 = CARTESIAN_POINT('',(0.6,-9.71,8.35));
#1821 = DIRECTION('',(-7.850462293414E-17,-0.707106781187,0.707106781187
    ));
#1822 = DIRECTION('',(-1.,1.110223024625E-16,2.680278185005E-29));
#1823 = ADVANCED_FACE('',(#1824),#1842,.T.);
#1824 = FACE_BOUND('',#1825,.T.);
#1825 = EDGE_LOOP('',(#1826,#1827,#1828,#1836));
#1826 = ORIENTED_EDGE('',*,*,#1805,.F.);
#1827 = ORIENTED_EDGE('',*,*,#718,.T.);
#1828 = ORIENTED_EDGE('',*,*,#1829,.T.);
#1829 = EDGE_CURVE('',#711,#1830,#1832,.T.);
#1830 = VERTEX_POINT('',#1831);
#1831 = CARTESIAN_POINT('',(-0.3,-10.46,8.2));
#1832 = LINE('',#1833,#1834);
#1833 = CARTESIAN_POINT('',(-0.3,-10.46,8.2));
#1834 = VECTOR('',#1835,1.);
#1835 = DIRECTION('',(0.57735026919,0.57735026919,-0.57735026919));
#1836 = ORIENTED_EDGE('',*,*,#1837,.F.);
#1837 = EDGE_CURVE('',#1806,#1830,#1838,.T.);
#1838 = LINE('',#1839,#1840);
#1839 = CARTESIAN_POINT('',(-0.3,-9.56,8.2));
#1840 = VECTOR('',#1841,1.);
#1841 = DIRECTION('',(-1.110223024625E-16,-1.,0.));
#1842 = PLANE('',#1843);
#1843 = AXIS2_PLACEMENT_3D('',#1844,#1845,#1846);
#1844 = CARTESIAN_POINT('',(-0.45,-9.56,8.35));
#1845 = DIRECTION('',(0.707106781187,-7.850462293414E-17,0.707106781187)
  );
#1846 = DIRECTION('',(-1.110223024625E-16,-1.,2.680278185005E-29));
#1847 = ADVANCED_FACE('',(#1848),#1859,.T.);
#1848 = FACE_BOUND('',#1849,.T.);
#1849 = EDGE_LOOP('',(#1850,#1851,#1852,#1853));
#1850 = ORIENTED_EDGE('',*,*,#1829,.F.);
#1851 = ORIENTED_EDGE('',*,*,#710,.T.);
#1852 = ORIENTED_EDGE('',*,*,#1772,.T.);
#1853 = ORIENTED_EDGE('',*,*,#1854,.F.);
#1854 = EDGE_CURVE('',#1830,#1773,#1855,.T.);
#1855 = LINE('',#1856,#1857);
#1856 = CARTESIAN_POINT('',(-0.6,-10.46,8.2));
#1857 = VECTOR('',#1858,1.);
#1858 = DIRECTION('',(1.,-1.110223024625E-16,0.));
#1859 = PLANE('',#1860);
#1860 = AXIS2_PLACEMENT_3D('',#1861,#1862,#1863);
#1861 = CARTESIAN_POINT('',(-0.6,-10.61,8.35));
#1862 = DIRECTION('',(7.850462293414E-17,0.707106781187,0.707106781187)
  );
#1863 = DIRECTION('',(1.,-1.110223024625E-16,2.680278185005E-29));
#1864 = ADVANCED_FACE('',(#1865),#1890,.T.);
#1865 = FACE_BOUND('',#1866,.T.);
#1866 = EDGE_LOOP('',(#1867,#1875,#1876,#1884));
#1867 = ORIENTED_EDGE('',*,*,#1868,.F.);
#1868 = EDGE_CURVE('',#735,#1869,#1871,.T.);
#1869 = VERTEX_POINT('',#1870);
#1870 = CARTESIAN_POINT('',(0.3,-7.92,8.2));
#1871 = LINE('',#1872,#1873);
#1872 = CARTESIAN_POINT('',(0.3,-7.92,8.2));
#1873 = VECTOR('',#1874,1.);
#1874 = DIRECTION('',(-0.57735026919,0.57735026919,-0.57735026919));
#1875 = ORIENTED_EDGE('',*,*,#734,.T.);
#1876 = ORIENTED_EDGE('',*,*,#1877,.T.);
#1877 = EDGE_CURVE('',#737,#1878,#1880,.T.);
#1878 = VERTEX_POINT('',#1879);
#1879 = CARTESIAN_POINT('',(0.3,-7.32,8.2));
#1880 = LINE('',#1881,#1882);
#1881 = CARTESIAN_POINT('',(0.3,-7.32,8.2));
#1882 = VECTOR('',#1883,1.);
#1883 = DIRECTION('',(-0.57735026919,-0.57735026919,-0.57735026919));
#1884 = ORIENTED_EDGE('',*,*,#1885,.F.);
#1885 = EDGE_CURVE('',#1869,#1878,#1886,.T.);
#1886 = LINE('',#1887,#1888);
#1887 = CARTESIAN_POINT('',(0.3,-8.22,8.2));
#1888 = VECTOR('',#1889,1.);
#1889 = DIRECTION('',(1.110223024625E-16,1.,0.));
#1890 = PLANE('',#1891);
#1891 = AXIS2_PLACEMENT_3D('',#1892,#1893,#1894);
#1892 = CARTESIAN_POINT('',(0.45,-8.22,8.35));
#1893 = DIRECTION('',(-0.707106781187,7.850462293414E-17,0.707106781187)
  );
#1894 = DIRECTION('',(1.110223024625E-16,1.,2.680278185005E-29));
#1895 = ADVANCED_FACE('',(#1896),#1914,.T.);
#1896 = FACE_BOUND('',#1897,.T.);
#1897 = EDGE_LOOP('',(#1898,#1899,#1900,#1908));
#1898 = ORIENTED_EDGE('',*,*,#1877,.F.);
#1899 = ORIENTED_EDGE('',*,*,#760,.T.);
#1900 = ORIENTED_EDGE('',*,*,#1901,.T.);
#1901 = EDGE_CURVE('',#753,#1902,#1904,.T.);
#1902 = VERTEX_POINT('',#1903);
#1903 = CARTESIAN_POINT('',(-0.3,-7.32,8.2));
#1904 = LINE('',#1905,#1906);
#1905 = CARTESIAN_POINT('',(-0.3,-7.32,8.2));
#1906 = VECTOR('',#1907,1.);
#1907 = DIRECTION('',(0.57735026919,-0.57735026919,-0.57735026919));
#1908 = ORIENTED_EDGE('',*,*,#1909,.F.);
#1909 = EDGE_CURVE('',#1878,#1902,#1910,.T.);
#1910 = LINE('',#1911,#1912);
#1911 = CARTESIAN_POINT('',(0.6,-7.32,8.2));
#1912 = VECTOR('',#1913,1.);
#1913 = DIRECTION('',(-1.,1.110223024625E-16,0.));
#1914 = PLANE('',#1915);
#1915 = AXIS2_PLACEMENT_3D('',#1916,#1917,#1918);
#1916 = CARTESIAN_POINT('',(0.6,-7.17,8.35));
#1917 = DIRECTION('',(-7.850462293414E-17,-0.707106781187,0.707106781187
    ));
#1918 = DIRECTION('',(-1.,1.110223024625E-16,2.680278185005E-29));
#1919 = ADVANCED_FACE('',(#1920),#1938,.T.);
#1920 = FACE_BOUND('',#1921,.T.);
#1921 = EDGE_LOOP('',(#1922,#1923,#1924,#1932));
#1922 = ORIENTED_EDGE('',*,*,#1901,.F.);
#1923 = ORIENTED_EDGE('',*,*,#752,.T.);
#1924 = ORIENTED_EDGE('',*,*,#1925,.T.);
#1925 = EDGE_CURVE('',#745,#1926,#1928,.T.);
#1926 = VERTEX_POINT('',#1927);
#1927 = CARTESIAN_POINT('',(-0.3,-7.92,8.2));
#1928 = LINE('',#1929,#1930);
#1929 = CARTESIAN_POINT('',(-0.3,-7.92,8.2));
#1930 = VECTOR('',#1931,1.);
#1931 = DIRECTION('',(0.57735026919,0.57735026919,-0.57735026919));
#1932 = ORIENTED_EDGE('',*,*,#1933,.F.);
#1933 = EDGE_CURVE('',#1902,#1926,#1934,.T.);
#1934 = LINE('',#1935,#1936);
#1935 = CARTESIAN_POINT('',(-0.3,-7.02,8.2));
#1936 = VECTOR('',#1937,1.);
#1937 = DIRECTION('',(-1.110223024625E-16,-1.,0.));
#1938 = PLANE('',#1939);
#1939 = AXIS2_PLACEMENT_3D('',#1940,#1941,#1942);
#1940 = CARTESIAN_POINT('',(-0.45,-7.02,8.35));
#1941 = DIRECTION('',(0.707106781187,-7.850462293414E-17,0.707106781187)
  );
#1942 = DIRECTION('',(-1.110223024625E-16,-1.,2.680278185005E-29));
#1943 = ADVANCED_FACE('',(#1944),#1955,.T.);
#1944 = FACE_BOUND('',#1945,.T.);
#1945 = EDGE_LOOP('',(#1946,#1947,#1948,#1949));
#1946 = ORIENTED_EDGE('',*,*,#1925,.F.);
#1947 = ORIENTED_EDGE('',*,*,#744,.T.);
#1948 = ORIENTED_EDGE('',*,*,#1868,.T.);
#1949 = ORIENTED_EDGE('',*,*,#1950,.F.);
#1950 = EDGE_CURVE('',#1926,#1869,#1951,.T.);
#1951 = LINE('',#1952,#1953);
#1952 = CARTESIAN_POINT('',(-0.6,-7.92,8.2));
#1953 = VECTOR('',#1954,1.);
#1954 = DIRECTION('',(1.,-1.110223024625E-16,0.));
#1955 = PLANE('',#1956);
#1956 = AXIS2_PLACEMENT_3D('',#1957,#1958,#1959);
#1957 = CARTESIAN_POINT('',(-0.6,-8.07,8.35));
#1958 = DIRECTION('',(7.850462293414E-17,0.707106781187,0.707106781187)
  );
#1959 = DIRECTION('',(1.,-1.110223024625E-16,2.680278185005E-29));
#1960 = ADVANCED_FACE('',(#1961),#1986,.T.);
#1961 = FACE_BOUND('',#1962,.T.);
#1962 = EDGE_LOOP('',(#1963,#1971,#1972,#1980));
#1963 = ORIENTED_EDGE('',*,*,#1964,.F.);
#1964 = EDGE_CURVE('',#769,#1965,#1967,.T.);
#1965 = VERTEX_POINT('',#1966);
#1966 = CARTESIAN_POINT('',(0.3,-5.38,8.2));
#1967 = LINE('',#1968,#1969);
#1968 = CARTESIAN_POINT('',(0.3,-5.38,8.2));
#1969 = VECTOR('',#1970,1.);
#1970 = DIRECTION('',(-0.57735026919,0.57735026919,-0.57735026919));
#1971 = ORIENTED_EDGE('',*,*,#768,.T.);
#1972 = ORIENTED_EDGE('',*,*,#1973,.T.);
#1973 = EDGE_CURVE('',#771,#1974,#1976,.T.);
#1974 = VERTEX_POINT('',#1975);
#1975 = CARTESIAN_POINT('',(0.3,-4.78,8.2));
#1976 = LINE('',#1977,#1978);
#1977 = CARTESIAN_POINT('',(0.3,-4.78,8.2));
#1978 = VECTOR('',#1979,1.);
#1979 = DIRECTION('',(-0.57735026919,-0.57735026919,-0.57735026919));
#1980 = ORIENTED_EDGE('',*,*,#1981,.F.);
#1981 = EDGE_CURVE('',#1965,#1974,#1982,.T.);
#1982 = LINE('',#1983,#1984);
#1983 = CARTESIAN_POINT('',(0.3,-5.68,8.2));
#1984 = VECTOR('',#1985,1.);
#1985 = DIRECTION('',(1.110223024625E-16,1.,0.));
#1986 = PLANE('',#1987);
#1987 = AXIS2_PLACEMENT_3D('',#1988,#1989,#1990);
#1988 = CARTESIAN_POINT('',(0.45,-5.68,8.35));
#1989 = DIRECTION('',(-0.707106781187,7.850462293414E-17,0.707106781187)
  );
#1990 = DIRECTION('',(1.110223024625E-16,1.,2.680278185005E-29));
#1991 = ADVANCED_FACE('',(#1992),#2010,.T.);
#1992 = FACE_BOUND('',#1993,.T.);
#1993 = EDGE_LOOP('',(#1994,#1995,#1996,#2004));
#1994 = ORIENTED_EDGE('',*,*,#1973,.F.);
#1995 = ORIENTED_EDGE('',*,*,#794,.T.);
#1996 = ORIENTED_EDGE('',*,*,#1997,.T.);
#1997 = EDGE_CURVE('',#787,#1998,#2000,.T.);
#1998 = VERTEX_POINT('',#1999);
#1999 = CARTESIAN_POINT('',(-0.3,-4.78,8.2));
#2000 = LINE('',#2001,#2002);
#2001 = CARTESIAN_POINT('',(-0.3,-4.78,8.2));
#2002 = VECTOR('',#2003,1.);
#2003 = DIRECTION('',(0.57735026919,-0.57735026919,-0.57735026919));
#2004 = ORIENTED_EDGE('',*,*,#2005,.F.);
#2005 = EDGE_CURVE('',#1974,#1998,#2006,.T.);
#2006 = LINE('',#2007,#2008);
#2007 = CARTESIAN_POINT('',(0.6,-4.78,8.2));
#2008 = VECTOR('',#2009,1.);
#2009 = DIRECTION('',(-1.,1.110223024625E-16,0.));
#2010 = PLANE('',#2011);
#2011 = AXIS2_PLACEMENT_3D('',#2012,#2013,#2014);
#2012 = CARTESIAN_POINT('',(0.6,-4.63,8.35));
#2013 = DIRECTION('',(-7.850462293414E-17,-0.707106781187,0.707106781187
    ));
#2014 = DIRECTION('',(-1.,1.110223024625E-16,2.680278185005E-29));
#2015 = ADVANCED_FACE('',(#2016),#2034,.T.);
#2016 = FACE_BOUND('',#2017,.T.);
#2017 = EDGE_LOOP('',(#2018,#2019,#2020,#2028));
#2018 = ORIENTED_EDGE('',*,*,#1997,.F.);
#2019 = ORIENTED_EDGE('',*,*,#786,.T.);
#2020 = ORIENTED_EDGE('',*,*,#2021,.T.);
#2021 = EDGE_CURVE('',#779,#2022,#2024,.T.);
#2022 = VERTEX_POINT('',#2023);
#2023 = CARTESIAN_POINT('',(-0.3,-5.38,8.2));
#2024 = LINE('',#2025,#2026);
#2025 = CARTESIAN_POINT('',(-0.3,-5.38,8.2));
#2026 = VECTOR('',#2027,1.);
#2027 = DIRECTION('',(0.57735026919,0.57735026919,-0.57735026919));
#2028 = ORIENTED_EDGE('',*,*,#2029,.F.);
#2029 = EDGE_CURVE('',#1998,#2022,#2030,.T.);
#2030 = LINE('',#2031,#2032);
#2031 = CARTESIAN_POINT('',(-0.3,-4.48,8.2));
#2032 = VECTOR('',#2033,1.);
#2033 = DIRECTION('',(-1.110223024625E-16,-1.,0.));
#2034 = PLANE('',#2035);
#2035 = AXIS2_PLACEMENT_3D('',#2036,#2037,#2038);
#2036 = CARTESIAN_POINT('',(-0.45,-4.48,8.35));
#2037 = DIRECTION('',(0.707106781187,-7.850462293414E-17,0.707106781187)
  );
#2038 = DIRECTION('',(-1.110223024625E-16,-1.,2.680278185005E-29));
#2039 = ADVANCED_FACE('',(#2040),#2051,.T.);
#2040 = FACE_BOUND('',#2041,.T.);
#2041 = EDGE_LOOP('',(#2042,#2043,#2044,#2045));
#2042 = ORIENTED_EDGE('',*,*,#2021,.F.);
#2043 = ORIENTED_EDGE('',*,*,#778,.T.);
#2044 = ORIENTED_EDGE('',*,*,#1964,.T.);
#2045 = ORIENTED_EDGE('',*,*,#2046,.F.);
#2046 = EDGE_CURVE('',#2022,#1965,#2047,.T.);
#2047 = LINE('',#2048,#2049);
#2048 = CARTESIAN_POINT('',(-0.6,-5.38,8.2));
#2049 = VECTOR('',#2050,1.);
#2050 = DIRECTION('',(1.,-1.110223024625E-16,0.));
#2051 = PLANE('',#2052);
#2052 = AXIS2_PLACEMENT_3D('',#2053,#2054,#2055);
#2053 = CARTESIAN_POINT('',(-0.6,-5.53,8.35));
#2054 = DIRECTION('',(7.850462293414E-17,0.707106781187,0.707106781187)
  );
#2055 = DIRECTION('',(1.,-1.110223024625E-16,2.680278185005E-29));
#2056 = ADVANCED_FACE('',(#2057),#2082,.T.);
#2057 = FACE_BOUND('',#2058,.T.);
#2058 = EDGE_LOOP('',(#2059,#2067,#2068,#2076));
#2059 = ORIENTED_EDGE('',*,*,#2060,.F.);
#2060 = EDGE_CURVE('',#803,#2061,#2063,.T.);
#2061 = VERTEX_POINT('',#2062);
#2062 = CARTESIAN_POINT('',(0.3,-2.84,8.2));
#2063 = LINE('',#2064,#2065);
#2064 = CARTESIAN_POINT('',(0.3,-2.84,8.2));
#2065 = VECTOR('',#2066,1.);
#2066 = DIRECTION('',(-0.57735026919,0.57735026919,-0.57735026919));
#2067 = ORIENTED_EDGE('',*,*,#802,.T.);
#2068 = ORIENTED_EDGE('',*,*,#2069,.T.);
#2069 = EDGE_CURVE('',#805,#2070,#2072,.T.);
#2070 = VERTEX_POINT('',#2071);
#2071 = CARTESIAN_POINT('',(0.3,-2.24,8.2));
#2072 = LINE('',#2073,#2074);
#2073 = CARTESIAN_POINT('',(0.3,-2.24,8.2));
#2074 = VECTOR('',#2075,1.);
#2075 = DIRECTION('',(-0.57735026919,-0.57735026919,-0.57735026919));
#2076 = ORIENTED_EDGE('',*,*,#2077,.F.);
#2077 = EDGE_CURVE('',#2061,#2070,#2078,.T.);
#2078 = LINE('',#2079,#2080);
#2079 = CARTESIAN_POINT('',(0.3,-3.14,8.2));
#2080 = VECTOR('',#2081,1.);
#2081 = DIRECTION('',(1.110223024625E-16,1.,0.));
#2082 = PLANE('',#2083);
#2083 = AXIS2_PLACEMENT_3D('',#2084,#2085,#2086);
#2084 = CARTESIAN_POINT('',(0.45,-3.14,8.35));
#2085 = DIRECTION('',(-0.707106781187,7.850462293414E-17,0.707106781187)
  );
#2086 = DIRECTION('',(1.110223024625E-16,1.,2.680278185005E-29));
#2087 = ADVANCED_FACE('',(#2088),#2106,.T.);
#2088 = FACE_BOUND('',#2089,.T.);
#2089 = EDGE_LOOP('',(#2090,#2091,#2092,#2100));
#2090 = ORIENTED_EDGE('',*,*,#2069,.F.);
#2091 = ORIENTED_EDGE('',*,*,#828,.T.);
#2092 = ORIENTED_EDGE('',*,*,#2093,.T.);
#2093 = EDGE_CURVE('',#821,#2094,#2096,.T.);
#2094 = VERTEX_POINT('',#2095);
#2095 = CARTESIAN_POINT('',(-0.3,-2.24,8.2));
#2096 = LINE('',#2097,#2098);
#2097 = CARTESIAN_POINT('',(-0.3,-2.24,8.2));
#2098 = VECTOR('',#2099,1.);
#2099 = DIRECTION('',(0.57735026919,-0.57735026919,-0.57735026919));
#2100 = ORIENTED_EDGE('',*,*,#2101,.F.);
#2101 = EDGE_CURVE('',#2070,#2094,#2102,.T.);
#2102 = LINE('',#2103,#2104);
#2103 = CARTESIAN_POINT('',(0.6,-2.24,8.2));
#2104 = VECTOR('',#2105,1.);
#2105 = DIRECTION('',(-1.,1.110223024625E-16,0.));
#2106 = PLANE('',#2107);
#2107 = AXIS2_PLACEMENT_3D('',#2108,#2109,#2110);
#2108 = CARTESIAN_POINT('',(0.6,-2.09,8.35));
#2109 = DIRECTION('',(-7.850462293414E-17,-0.707106781187,0.707106781187
    ));
#2110 = DIRECTION('',(-1.,1.110223024625E-16,2.680278185005E-29));
#2111 = ADVANCED_FACE('',(#2112),#2130,.T.);
#2112 = FACE_BOUND('',#2113,.T.);
#2113 = EDGE_LOOP('',(#2114,#2115,#2116,#2124));
#2114 = ORIENTED_EDGE('',*,*,#2093,.F.);
#2115 = ORIENTED_EDGE('',*,*,#820,.T.);
#2116 = ORIENTED_EDGE('',*,*,#2117,.T.);
#2117 = EDGE_CURVE('',#813,#2118,#2120,.T.);
#2118 = VERTEX_POINT('',#2119);
#2119 = CARTESIAN_POINT('',(-0.3,-2.84,8.2));
#2120 = LINE('',#2121,#2122);
#2121 = CARTESIAN_POINT('',(-0.3,-2.84,8.2));
#2122 = VECTOR('',#2123,1.);
#2123 = DIRECTION('',(0.57735026919,0.57735026919,-0.57735026919));
#2124 = ORIENTED_EDGE('',*,*,#2125,.F.);
#2125 = EDGE_CURVE('',#2094,#2118,#2126,.T.);
#2126 = LINE('',#2127,#2128);
#2127 = CARTESIAN_POINT('',(-0.3,-1.94,8.2));
#2128 = VECTOR('',#2129,1.);
#2129 = DIRECTION('',(-1.110223024625E-16,-1.,0.));
#2130 = PLANE('',#2131);
#2131 = AXIS2_PLACEMENT_3D('',#2132,#2133,#2134);
#2132 = CARTESIAN_POINT('',(-0.45,-1.94,8.35));
#2133 = DIRECTION('',(0.707106781187,-7.850462293414E-17,0.707106781187)
  );
#2134 = DIRECTION('',(-1.110223024625E-16,-1.,2.680278185005E-29));
#2135 = ADVANCED_FACE('',(#2136),#2147,.T.);
#2136 = FACE_BOUND('',#2137,.T.);
#2137 = EDGE_LOOP('',(#2138,#2139,#2140,#2141));
#2138 = ORIENTED_EDGE('',*,*,#2117,.F.);
#2139 = ORIENTED_EDGE('',*,*,#812,.T.);
#2140 = ORIENTED_EDGE('',*,*,#2060,.T.);
#2141 = ORIENTED_EDGE('',*,*,#2142,.F.);
#2142 = EDGE_CURVE('',#2118,#2061,#2143,.T.);
#2143 = LINE('',#2144,#2145);
#2144 = CARTESIAN_POINT('',(-0.6,-2.84,8.2));
#2145 = VECTOR('',#2146,1.);
#2146 = DIRECTION('',(1.,-1.110223024625E-16,0.));
#2147 = PLANE('',#2148);
#2148 = AXIS2_PLACEMENT_3D('',#2149,#2150,#2151);
#2149 = CARTESIAN_POINT('',(-0.6,-2.99,8.35));
#2150 = DIRECTION('',(7.850462293414E-17,0.707106781187,0.707106781187)
  );
#2151 = DIRECTION('',(1.,-1.110223024625E-16,2.680278185005E-29));
#2152 = ADVANCED_FACE('',(#2153),#2178,.T.);
#2153 = FACE_BOUND('',#2154,.T.);
#2154 = EDGE_LOOP('',(#2155,#2163,#2164,#2172));
#2155 = ORIENTED_EDGE('',*,*,#2156,.F.);
#2156 = EDGE_CURVE('',#837,#2157,#2159,.T.);
#2157 = VERTEX_POINT('',#2158);
#2158 = CARTESIAN_POINT('',(0.3,-0.3,8.2));
#2159 = LINE('',#2160,#2161);
#2160 = CARTESIAN_POINT('',(0.3,-0.3,8.2));
#2161 = VECTOR('',#2162,1.);
#2162 = DIRECTION('',(-0.57735026919,0.57735026919,-0.57735026919));
#2163 = ORIENTED_EDGE('',*,*,#836,.T.);
#2164 = ORIENTED_EDGE('',*,*,#2165,.T.);
#2165 = EDGE_CURVE('',#839,#2166,#2168,.T.);
#2166 = VERTEX_POINT('',#2167);
#2167 = CARTESIAN_POINT('',(0.3,0.3,8.2));
#2168 = LINE('',#2169,#2170);
#2169 = CARTESIAN_POINT('',(0.3,0.3,8.2));
#2170 = VECTOR('',#2171,1.);
#2171 = DIRECTION('',(-0.57735026919,-0.57735026919,-0.57735026919));
#2172 = ORIENTED_EDGE('',*,*,#2173,.F.);
#2173 = EDGE_CURVE('',#2157,#2166,#2174,.T.);
#2174 = LINE('',#2175,#2176);
#2175 = CARTESIAN_POINT('',(0.3,-0.6,8.2));
#2176 = VECTOR('',#2177,1.);
#2177 = DIRECTION('',(1.110223024625E-16,1.,0.));
#2178 = PLANE('',#2179);
#2179 = AXIS2_PLACEMENT_3D('',#2180,#2181,#2182);
#2180 = CARTESIAN_POINT('',(0.45,-0.6,8.35));
#2181 = DIRECTION('',(-0.707106781187,7.850462293414E-17,0.707106781187)
  );
#2182 = DIRECTION('',(1.110223024625E-16,1.,2.680278185005E-29));
#2183 = ADVANCED_FACE('',(#2184),#2202,.T.);
#2184 = FACE_BOUND('',#2185,.T.);
#2185 = EDGE_LOOP('',(#2186,#2187,#2188,#2196));
#2186 = ORIENTED_EDGE('',*,*,#2165,.F.);
#2187 = ORIENTED_EDGE('',*,*,#862,.T.);
#2188 = ORIENTED_EDGE('',*,*,#2189,.T.);
#2189 = EDGE_CURVE('',#855,#2190,#2192,.T.);
#2190 = VERTEX_POINT('',#2191);
#2191 = CARTESIAN_POINT('',(-0.3,0.3,8.2));
#2192 = LINE('',#2193,#2194);
#2193 = CARTESIAN_POINT('',(-0.3,0.3,8.2));
#2194 = VECTOR('',#2195,1.);
#2195 = DIRECTION('',(0.57735026919,-0.57735026919,-0.57735026919));
#2196 = ORIENTED_EDGE('',*,*,#2197,.F.);
#2197 = EDGE_CURVE('',#2166,#2190,#2198,.T.);
#2198 = LINE('',#2199,#2200);
#2199 = CARTESIAN_POINT('',(0.6,0.3,8.2));
#2200 = VECTOR('',#2201,1.);
#2201 = DIRECTION('',(-1.,1.110223024625E-16,0.));
#2202 = PLANE('',#2203);
#2203 = AXIS2_PLACEMENT_3D('',#2204,#2205,#2206);
#2204 = CARTESIAN_POINT('',(0.6,0.45,8.35));
#2205 = DIRECTION('',(-7.850462293414E-17,-0.707106781187,0.707106781187
    ));
#2206 = DIRECTION('',(-1.,1.110223024625E-16,2.680278185005E-29));
#2207 = ADVANCED_FACE('',(#2208),#2226,.T.);
#2208 = FACE_BOUND('',#2209,.T.);
#2209 = EDGE_LOOP('',(#2210,#2211,#2212,#2220));
#2210 = ORIENTED_EDGE('',*,*,#2189,.F.);
#2211 = ORIENTED_EDGE('',*,*,#854,.T.);
#2212 = ORIENTED_EDGE('',*,*,#2213,.T.);
#2213 = EDGE_CURVE('',#847,#2214,#2216,.T.);
#2214 = VERTEX_POINT('',#2215);
#2215 = CARTESIAN_POINT('',(-0.3,-0.3,8.2));
#2216 = LINE('',#2217,#2218);
#2217 = CARTESIAN_POINT('',(-0.3,-0.3,8.2));
#2218 = VECTOR('',#2219,1.);
#2219 = DIRECTION('',(0.57735026919,0.57735026919,-0.57735026919));
#2220 = ORIENTED_EDGE('',*,*,#2221,.F.);
#2221 = EDGE_CURVE('',#2190,#2214,#2222,.T.);
#2222 = LINE('',#2223,#2224);
#2223 = CARTESIAN_POINT('',(-0.3,0.6,8.2));
#2224 = VECTOR('',#2225,1.);
#2225 = DIRECTION('',(-1.110223024625E-16,-1.,0.));
#2226 = PLANE('',#2227);
#2227 = AXIS2_PLACEMENT_3D('',#2228,#2229,#2230);
#2228 = CARTESIAN_POINT('',(-0.45,0.6,8.35));
#2229 = DIRECTION('',(0.707106781187,-7.850462293414E-17,0.707106781187)
  );
#2230 = DIRECTION('',(-1.110223024625E-16,-1.,2.680278185005E-29));
#2231 = ADVANCED_FACE('',(#2232),#2243,.T.);
#2232 = FACE_BOUND('',#2233,.T.);
#2233 = EDGE_LOOP('',(#2234,#2235,#2236,#2237));
#2234 = ORIENTED_EDGE('',*,*,#2213,.F.);
#2235 = ORIENTED_EDGE('',*,*,#846,.T.);
#2236 = ORIENTED_EDGE('',*,*,#2156,.T.);
#2237 = ORIENTED_EDGE('',*,*,#2238,.F.);
#2238 = EDGE_CURVE('',#2214,#2157,#2239,.T.);
#2239 = LINE('',#2240,#2241);
#2240 = CARTESIAN_POINT('',(-0.6,-0.3,8.2));
#2241 = VECTOR('',#2242,1.);
#2242 = DIRECTION('',(1.,-1.110223024625E-16,0.));
#2243 = PLANE('',#2244);
#2244 = AXIS2_PLACEMENT_3D('',#2245,#2246,#2247);
#2245 = CARTESIAN_POINT('',(-0.6,-0.45,8.35));
#2246 = DIRECTION('',(7.850462293414E-17,0.707106781187,0.707106781187)
  );
#2247 = DIRECTION('',(1.,-1.110223024625E-16,2.680278185005E-29));
#2248 = ADVANCED_FACE('',(#2249),#2260,.T.);
#2249 = FACE_BOUND('',#2250,.T.);
#2250 = EDGE_LOOP('',(#2251,#2252,#2253,#2259));
#2251 = ORIENTED_EDGE('',*,*,#926,.F.);
#2252 = ORIENTED_EDGE('',*,*,#936,.T.);
#2253 = ORIENTED_EDGE('',*,*,#2254,.T.);
#2254 = EDGE_CURVE('',#937,#977,#2255,.T.);
#2255 = LINE('',#2256,#2257);
#2256 = CARTESIAN_POINT('',(-0.1,-18.08,0.2));
#2257 = VECTOR('',#2258,1.);
#2258 = DIRECTION('',(1.,-1.110223024625E-16,0.));
#2259 = ORIENTED_EDGE('',*,*,#984,.T.);
#2260 = PLANE('',#2261);
#2261 = AXIS2_PLACEMENT_3D('',#2262,#2263,#2264);
#2262 = CARTESIAN_POINT('',(-0.1,-18.08,0.2));
#2263 = DIRECTION('',(0.,-0.,-1.));
#2264 = DIRECTION('',(-1.110223024625E-16,-1.,0.));
#2265 = ADVANCED_FACE('',(#2266),#2307,.F.);
#2266 = FACE_BOUND('',#2267,.F.);
#2267 = EDGE_LOOP('',(#2268,#2276,#2277,#2285,#2293,#2301));
#2268 = ORIENTED_EDGE('',*,*,#2269,.T.);
#2269 = EDGE_CURVE('',#2270,#977,#2272,.T.);
#2270 = VERTEX_POINT('',#2271);
#2271 = CARTESIAN_POINT('',(0.1,-18.08,-2.5));
#2272 = LINE('',#2273,#2274);
#2273 = CARTESIAN_POINT('',(0.1,-18.08,-2.5));
#2274 = VECTOR('',#2275,1.);
#2275 = DIRECTION('',(0.,0.,1.));
#2276 = ORIENTED_EDGE('',*,*,#976,.F.);
#2277 = ORIENTED_EDGE('',*,*,#2278,.T.);
#2278 = EDGE_CURVE('',#969,#2279,#2281,.T.);
#2279 = VERTEX_POINT('',#2280);
#2280 = CARTESIAN_POINT('',(0.1,-17.48,-2.5));
#2281 = LINE('',#2282,#2283);
#2282 = CARTESIAN_POINT('',(0.1,-17.48,0.2));
#2283 = VECTOR('',#2284,1.);
#2284 = DIRECTION('',(0.,0.,-1.));
#2285 = ORIENTED_EDGE('',*,*,#2286,.T.);
#2286 = EDGE_CURVE('',#2279,#2287,#2289,.T.);
#2287 = VERTEX_POINT('',#2288);
#2288 = CARTESIAN_POINT('',(0.1,-17.63,-3.1));
#2289 = LINE('',#2290,#2291);
#2290 = CARTESIAN_POINT('',(0.1,-17.48,-2.5));
#2291 = VECTOR('',#2292,1.);
#2292 = DIRECTION('',(-2.692686352073E-17,-0.242535625036,
    -0.970142500145));
#2293 = ORIENTED_EDGE('',*,*,#2294,.T.);
#2294 = EDGE_CURVE('',#2287,#2295,#2297,.T.);
#2295 = VERTEX_POINT('',#2296);
#2296 = CARTESIAN_POINT('',(0.1,-17.93,-3.1));
#2297 = LINE('',#2298,#2299);
#2298 = CARTESIAN_POINT('',(0.1,-17.63,-3.1));
#2299 = VECTOR('',#2300,1.);
#2300 = DIRECTION('',(-1.110223024625E-16,-1.,0.));
#2301 = ORIENTED_EDGE('',*,*,#2302,.T.);
#2302 = EDGE_CURVE('',#2295,#2270,#2303,.T.);
#2303 = LINE('',#2304,#2305);
#2304 = CARTESIAN_POINT('',(0.1,-17.93,-3.1));
#2305 = VECTOR('',#2306,1.);
#2306 = DIRECTION('',(-2.692686352073E-17,-0.242535625036,0.970142500145
    ));
#2307 = PLANE('',#2308);
#2308 = AXIS2_PLACEMENT_3D('',#2309,#2310,#2311);
#2309 = CARTESIAN_POINT('',(0.1,-17.78,3.911477598424));
#2310 = DIRECTION('',(-1.,1.110223024625E-16,0.));
#2311 = DIRECTION('',(0.,0.,1.));
#2312 = ADVANCED_FACE('',(#2313),#2324,.T.);
#2313 = FACE_BOUND('',#2314,.T.);
#2314 = EDGE_LOOP('',(#2315,#2321,#2322,#2323));
#2315 = ORIENTED_EDGE('',*,*,#2316,.F.);
#2316 = EDGE_CURVE('',#945,#969,#2317,.T.);
#2317 = LINE('',#2318,#2319);
#2318 = CARTESIAN_POINT('',(-0.1,-17.48,0.2));
#2319 = VECTOR('',#2320,1.);
#2320 = DIRECTION('',(1.,-1.110223024625E-16,0.));
#2321 = ORIENTED_EDGE('',*,*,#952,.T.);
#2322 = ORIENTED_EDGE('',*,*,#960,.T.);
#2323 = ORIENTED_EDGE('',*,*,#968,.T.);
#2324 = PLANE('',#2325);
#2325 = AXIS2_PLACEMENT_3D('',#2326,#2327,#2328);
#2326 = CARTESIAN_POINT('',(-0.1,-18.08,0.2));
#2327 = DIRECTION('',(0.,-0.,-1.));
#2328 = DIRECTION('',(-1.110223024625E-16,-1.,0.));
#2329 = ADVANCED_FACE('',(#2330),#2371,.T.);
#2330 = FACE_BOUND('',#2331,.T.);
#2331 = EDGE_LOOP('',(#2332,#2340,#2341,#2349,#2357,#2365));
#2332 = ORIENTED_EDGE('',*,*,#2333,.T.);
#2333 = EDGE_CURVE('',#2334,#937,#2336,.T.);
#2334 = VERTEX_POINT('',#2335);
#2335 = CARTESIAN_POINT('',(-0.1,-18.08,-2.5));
#2336 = LINE('',#2337,#2338);
#2337 = CARTESIAN_POINT('',(-0.1,-18.08,-2.5));
#2338 = VECTOR('',#2339,1.);
#2339 = DIRECTION('',(0.,0.,1.));
#2340 = ORIENTED_EDGE('',*,*,#944,.F.);
#2341 = ORIENTED_EDGE('',*,*,#2342,.T.);
#2342 = EDGE_CURVE('',#945,#2343,#2345,.T.);
#2343 = VERTEX_POINT('',#2344);
#2344 = CARTESIAN_POINT('',(-0.1,-17.48,-2.5));
#2345 = LINE('',#2346,#2347);
#2346 = CARTESIAN_POINT('',(-0.1,-17.48,0.2));
#2347 = VECTOR('',#2348,1.);
#2348 = DIRECTION('',(0.,0.,-1.));
#2349 = ORIENTED_EDGE('',*,*,#2350,.T.);
#2350 = EDGE_CURVE('',#2343,#2351,#2353,.T.);
#2351 = VERTEX_POINT('',#2352);
#2352 = CARTESIAN_POINT('',(-0.1,-17.63,-3.1));
#2353 = LINE('',#2354,#2355);
#2354 = CARTESIAN_POINT('',(-0.1,-17.48,-2.5));
#2355 = VECTOR('',#2356,1.);
#2356 = DIRECTION('',(-2.692686352073E-17,-0.242535625036,
    -0.970142500145));
#2357 = ORIENTED_EDGE('',*,*,#2358,.F.);
#2358 = EDGE_CURVE('',#2359,#2351,#2361,.T.);
#2359 = VERTEX_POINT('',#2360);
#2360 = CARTESIAN_POINT('',(-0.1,-17.93,-3.1));
#2361 = LINE('',#2362,#2363);
#2362 = CARTESIAN_POINT('',(-0.1,-17.93,-3.1));
#2363 = VECTOR('',#2364,1.);
#2364 = DIRECTION('',(1.110223024625E-16,1.,0.));
#2365 = ORIENTED_EDGE('',*,*,#2366,.T.);
#2366 = EDGE_CURVE('',#2359,#2334,#2367,.T.);
#2367 = LINE('',#2368,#2369);
#2368 = CARTESIAN_POINT('',(-0.1,-17.93,-3.1));
#2369 = VECTOR('',#2370,1.);
#2370 = DIRECTION('',(-2.692686352073E-17,-0.242535625036,0.970142500145
    ));
#2371 = PLANE('',#2372);
#2372 = AXIS2_PLACEMENT_3D('',#2373,#2374,#2375);
#2373 = CARTESIAN_POINT('',(-0.1,-17.78,3.911477598424));
#2374 = DIRECTION('',(-1.,1.110223024625E-16,0.));
#2375 = DIRECTION('',(0.,0.,1.));
#2376 = ADVANCED_FACE('',(#2377),#2388,.T.);
#2377 = FACE_BOUND('',#2378,.T.);
#2378 = EDGE_LOOP('',(#2379,#2380,#2381,#2387));
#2379 = ORIENTED_EDGE('',*,*,#992,.F.);
#2380 = ORIENTED_EDGE('',*,*,#1002,.T.);
#2381 = ORIENTED_EDGE('',*,*,#2382,.T.);
#2382 = EDGE_CURVE('',#1003,#1043,#2383,.T.);
#2383 = LINE('',#2384,#2385);
#2384 = CARTESIAN_POINT('',(-0.1,-15.54,0.2));
#2385 = VECTOR('',#2386,1.);
#2386 = DIRECTION('',(1.,-1.110223024625E-16,0.));
#2387 = ORIENTED_EDGE('',*,*,#1050,.T.);
#2388 = PLANE('',#2389);
#2389 = AXIS2_PLACEMENT_3D('',#2390,#2391,#2392);
#2390 = CARTESIAN_POINT('',(-0.1,-15.54,0.2));
#2391 = DIRECTION('',(0.,-0.,-1.));
#2392 = DIRECTION('',(-1.110223024625E-16,-1.,0.));
#2393 = ADVANCED_FACE('',(#2394),#2435,.F.);
#2394 = FACE_BOUND('',#2395,.F.);
#2395 = EDGE_LOOP('',(#2396,#2404,#2405,#2413,#2421,#2429));
#2396 = ORIENTED_EDGE('',*,*,#2397,.T.);
#2397 = EDGE_CURVE('',#2398,#1043,#2400,.T.);
#2398 = VERTEX_POINT('',#2399);
#2399 = CARTESIAN_POINT('',(0.1,-15.54,-2.5));
#2400 = LINE('',#2401,#2402);
#2401 = CARTESIAN_POINT('',(0.1,-15.54,-2.5));
#2402 = VECTOR('',#2403,1.);
#2403 = DIRECTION('',(0.,0.,1.));
#2404 = ORIENTED_EDGE('',*,*,#1042,.F.);
#2405 = ORIENTED_EDGE('',*,*,#2406,.T.);
#2406 = EDGE_CURVE('',#1035,#2407,#2409,.T.);
#2407 = VERTEX_POINT('',#2408);
#2408 = CARTESIAN_POINT('',(0.1,-14.94,-2.5));
#2409 = LINE('',#2410,#2411);
#2410 = CARTESIAN_POINT('',(0.1,-14.94,0.2));
#2411 = VECTOR('',#2412,1.);
#2412 = DIRECTION('',(0.,0.,-1.));
#2413 = ORIENTED_EDGE('',*,*,#2414,.T.);
#2414 = EDGE_CURVE('',#2407,#2415,#2417,.T.);
#2415 = VERTEX_POINT('',#2416);
#2416 = CARTESIAN_POINT('',(0.1,-15.09,-3.1));
#2417 = LINE('',#2418,#2419);
#2418 = CARTESIAN_POINT('',(0.1,-14.94,-2.5));
#2419 = VECTOR('',#2420,1.);
#2420 = DIRECTION('',(-2.692686352073E-17,-0.242535625036,
    -0.970142500145));
#2421 = ORIENTED_EDGE('',*,*,#2422,.T.);
#2422 = EDGE_CURVE('',#2415,#2423,#2425,.T.);
#2423 = VERTEX_POINT('',#2424);
#2424 = CARTESIAN_POINT('',(0.1,-15.39,-3.1));
#2425 = LINE('',#2426,#2427);
#2426 = CARTESIAN_POINT('',(0.1,-15.09,-3.1));
#2427 = VECTOR('',#2428,1.);
#2428 = DIRECTION('',(-1.110223024625E-16,-1.,0.));
#2429 = ORIENTED_EDGE('',*,*,#2430,.T.);
#2430 = EDGE_CURVE('',#2423,#2398,#2431,.T.);
#2431 = LINE('',#2432,#2433);
#2432 = CARTESIAN_POINT('',(0.1,-15.39,-3.1));
#2433 = VECTOR('',#2434,1.);
#2434 = DIRECTION('',(-2.692686352073E-17,-0.242535625036,0.970142500145
    ));
#2435 = PLANE('',#2436);
#2436 = AXIS2_PLACEMENT_3D('',#2437,#2438,#2439);
#2437 = CARTESIAN_POINT('',(0.1,-15.24,3.911477598424));
#2438 = DIRECTION('',(-1.,1.110223024625E-16,0.));
#2439 = DIRECTION('',(0.,0.,1.));
#2440 = ADVANCED_FACE('',(#2441),#2452,.T.);
#2441 = FACE_BOUND('',#2442,.T.);
#2442 = EDGE_LOOP('',(#2443,#2449,#2450,#2451));
#2443 = ORIENTED_EDGE('',*,*,#2444,.F.);
#2444 = EDGE_CURVE('',#1011,#1035,#2445,.T.);
#2445 = LINE('',#2446,#2447);
#2446 = CARTESIAN_POINT('',(-0.1,-14.94,0.2));
#2447 = VECTOR('',#2448,1.);
#2448 = DIRECTION('',(1.,-1.110223024625E-16,0.));
#2449 = ORIENTED_EDGE('',*,*,#1018,.T.);
#2450 = ORIENTED_EDGE('',*,*,#1026,.T.);
#2451 = ORIENTED_EDGE('',*,*,#1034,.T.);
#2452 = PLANE('',#2453);
#2453 = AXIS2_PLACEMENT_3D('',#2454,#2455,#2456);
#2454 = CARTESIAN_POINT('',(-0.1,-15.54,0.2));
#2455 = DIRECTION('',(0.,-0.,-1.));
#2456 = DIRECTION('',(-1.110223024625E-16,-1.,0.));
#2457 = ADVANCED_FACE('',(#2458),#2499,.T.);
#2458 = FACE_BOUND('',#2459,.T.);
#2459 = EDGE_LOOP('',(#2460,#2468,#2469,#2477,#2485,#2493));
#2460 = ORIENTED_EDGE('',*,*,#2461,.T.);
#2461 = EDGE_CURVE('',#2462,#1003,#2464,.T.);
#2462 = VERTEX_POINT('',#2463);
#2463 = CARTESIAN_POINT('',(-0.1,-15.54,-2.5));
#2464 = LINE('',#2465,#2466);
#2465 = CARTESIAN_POINT('',(-0.1,-15.54,-2.5));
#2466 = VECTOR('',#2467,1.);
#2467 = DIRECTION('',(0.,0.,1.));
#2468 = ORIENTED_EDGE('',*,*,#1010,.F.);
#2469 = ORIENTED_EDGE('',*,*,#2470,.T.);
#2470 = EDGE_CURVE('',#1011,#2471,#2473,.T.);
#2471 = VERTEX_POINT('',#2472);
#2472 = CARTESIAN_POINT('',(-0.1,-14.94,-2.5));
#2473 = LINE('',#2474,#2475);
#2474 = CARTESIAN_POINT('',(-0.1,-14.94,0.2));
#2475 = VECTOR('',#2476,1.);
#2476 = DIRECTION('',(0.,0.,-1.));
#2477 = ORIENTED_EDGE('',*,*,#2478,.T.);
#2478 = EDGE_CURVE('',#2471,#2479,#2481,.T.);
#2479 = VERTEX_POINT('',#2480);
#2480 = CARTESIAN_POINT('',(-0.1,-15.09,-3.1));
#2481 = LINE('',#2482,#2483);
#2482 = CARTESIAN_POINT('',(-0.1,-14.94,-2.5));
#2483 = VECTOR('',#2484,1.);
#2484 = DIRECTION('',(-2.692686352073E-17,-0.242535625036,
    -0.970142500145));
#2485 = ORIENTED_EDGE('',*,*,#2486,.F.);
#2486 = EDGE_CURVE('',#2487,#2479,#2489,.T.);
#2487 = VERTEX_POINT('',#2488);
#2488 = CARTESIAN_POINT('',(-0.1,-15.39,-3.1));
#2489 = LINE('',#2490,#2491);
#2490 = CARTESIAN_POINT('',(-0.1,-15.39,-3.1));
#2491 = VECTOR('',#2492,1.);
#2492 = DIRECTION('',(1.110223024625E-16,1.,0.));
#2493 = ORIENTED_EDGE('',*,*,#2494,.T.);
#2494 = EDGE_CURVE('',#2487,#2462,#2495,.T.);
#2495 = LINE('',#2496,#2497);
#2496 = CARTESIAN_POINT('',(-0.1,-15.39,-3.1));
#2497 = VECTOR('',#2498,1.);
#2498 = DIRECTION('',(-2.692686352073E-17,-0.242535625036,0.970142500145
    ));
#2499 = PLANE('',#2500);
#2500 = AXIS2_PLACEMENT_3D('',#2501,#2502,#2503);
#2501 = CARTESIAN_POINT('',(-0.1,-15.24,3.911477598424));
#2502 = DIRECTION('',(-1.,1.110223024625E-16,0.));
#2503 = DIRECTION('',(0.,0.,1.));
#2504 = ADVANCED_FACE('',(#2505),#2516,.T.);
#2505 = FACE_BOUND('',#2506,.T.);
#2506 = EDGE_LOOP('',(#2507,#2508,#2509,#2515));
#2507 = ORIENTED_EDGE('',*,*,#1058,.F.);
#2508 = ORIENTED_EDGE('',*,*,#1068,.T.);
#2509 = ORIENTED_EDGE('',*,*,#2510,.T.);
#2510 = EDGE_CURVE('',#1069,#1109,#2511,.T.);
#2511 = LINE('',#2512,#2513);
#2512 = CARTESIAN_POINT('',(-0.1,-13.,0.2));
#2513 = VECTOR('',#2514,1.);
#2514 = DIRECTION('',(1.,-1.110223024625E-16,0.));
#2515 = ORIENTED_EDGE('',*,*,#1116,.T.);
#2516 = PLANE('',#2517);
#2517 = AXIS2_PLACEMENT_3D('',#2518,#2519,#2520);
#2518 = CARTESIAN_POINT('',(-0.1,-13.,0.2));
#2519 = DIRECTION('',(0.,-0.,-1.));
#2520 = DIRECTION('',(-1.110223024625E-16,-1.,0.));
#2521 = ADVANCED_FACE('',(#2522),#2563,.F.);
#2522 = FACE_BOUND('',#2523,.F.);
#2523 = EDGE_LOOP('',(#2524,#2532,#2533,#2541,#2549,#2557));
#2524 = ORIENTED_EDGE('',*,*,#2525,.T.);
#2525 = EDGE_CURVE('',#2526,#1109,#2528,.T.);
#2526 = VERTEX_POINT('',#2527);
#2527 = CARTESIAN_POINT('',(0.1,-13.,-2.5));
#2528 = LINE('',#2529,#2530);
#2529 = CARTESIAN_POINT('',(0.1,-13.,-2.5));
#2530 = VECTOR('',#2531,1.);
#2531 = DIRECTION('',(0.,0.,1.));
#2532 = ORIENTED_EDGE('',*,*,#1108,.F.);
#2533 = ORIENTED_EDGE('',*,*,#2534,.T.);
#2534 = EDGE_CURVE('',#1101,#2535,#2537,.T.);
#2535 = VERTEX_POINT('',#2536);
#2536 = CARTESIAN_POINT('',(0.1,-12.4,-2.5));
#2537 = LINE('',#2538,#2539);
#2538 = CARTESIAN_POINT('',(0.1,-12.4,0.2));
#2539 = VECTOR('',#2540,1.);
#2540 = DIRECTION('',(0.,0.,-1.));
#2541 = ORIENTED_EDGE('',*,*,#2542,.T.);
#2542 = EDGE_CURVE('',#2535,#2543,#2545,.T.);
#2543 = VERTEX_POINT('',#2544);
#2544 = CARTESIAN_POINT('',(0.1,-12.55,-3.1));
#2545 = LINE('',#2546,#2547);
#2546 = CARTESIAN_POINT('',(0.1,-12.4,-2.5));
#2547 = VECTOR('',#2548,1.);
#2548 = DIRECTION('',(-2.692686352073E-17,-0.242535625036,
    -0.970142500145));
#2549 = ORIENTED_EDGE('',*,*,#2550,.T.);
#2550 = EDGE_CURVE('',#2543,#2551,#2553,.T.);
#2551 = VERTEX_POINT('',#2552);
#2552 = CARTESIAN_POINT('',(0.1,-12.85,-3.1));
#2553 = LINE('',#2554,#2555);
#2554 = CARTESIAN_POINT('',(0.1,-12.55,-3.1));
#2555 = VECTOR('',#2556,1.);
#2556 = DIRECTION('',(-1.110223024625E-16,-1.,0.));
#2557 = ORIENTED_EDGE('',*,*,#2558,.T.);
#2558 = EDGE_CURVE('',#2551,#2526,#2559,.T.);
#2559 = LINE('',#2560,#2561);
#2560 = CARTESIAN_POINT('',(0.1,-12.85,-3.1));
#2561 = VECTOR('',#2562,1.);
#2562 = DIRECTION('',(-2.692686352073E-17,-0.242535625036,0.970142500145
    ));
#2563 = PLANE('',#2564);
#2564 = AXIS2_PLACEMENT_3D('',#2565,#2566,#2567);
#2565 = CARTESIAN_POINT('',(0.1,-12.7,3.911477598424));
#2566 = DIRECTION('',(-1.,1.110223024625E-16,0.));
#2567 = DIRECTION('',(0.,0.,1.));
#2568 = ADVANCED_FACE('',(#2569),#2580,.T.);
#2569 = FACE_BOUND('',#2570,.T.);
#2570 = EDGE_LOOP('',(#2571,#2577,#2578,#2579));
#2571 = ORIENTED_EDGE('',*,*,#2572,.F.);
#2572 = EDGE_CURVE('',#1077,#1101,#2573,.T.);
#2573 = LINE('',#2574,#2575);
#2574 = CARTESIAN_POINT('',(-0.1,-12.4,0.2));
#2575 = VECTOR('',#2576,1.);
#2576 = DIRECTION('',(1.,-1.110223024625E-16,0.));
#2577 = ORIENTED_EDGE('',*,*,#1084,.T.);
#2578 = ORIENTED_EDGE('',*,*,#1092,.T.);
#2579 = ORIENTED_EDGE('',*,*,#1100,.T.);
#2580 = PLANE('',#2581);
#2581 = AXIS2_PLACEMENT_3D('',#2582,#2583,#2584);
#2582 = CARTESIAN_POINT('',(-0.1,-13.,0.2));
#2583 = DIRECTION('',(0.,-0.,-1.));
#2584 = DIRECTION('',(-1.110223024625E-16,-1.,0.));
#2585 = ADVANCED_FACE('',(#2586),#2627,.T.);
#2586 = FACE_BOUND('',#2587,.T.);
#2587 = EDGE_LOOP('',(#2588,#2596,#2597,#2605,#2613,#2621));
#2588 = ORIENTED_EDGE('',*,*,#2589,.T.);
#2589 = EDGE_CURVE('',#2590,#1069,#2592,.T.);
#2590 = VERTEX_POINT('',#2591);
#2591 = CARTESIAN_POINT('',(-0.1,-13.,-2.5));
#2592 = LINE('',#2593,#2594);
#2593 = CARTESIAN_POINT('',(-0.1,-13.,-2.5));
#2594 = VECTOR('',#2595,1.);
#2595 = DIRECTION('',(0.,0.,1.));
#2596 = ORIENTED_EDGE('',*,*,#1076,.F.);
#2597 = ORIENTED_EDGE('',*,*,#2598,.T.);
#2598 = EDGE_CURVE('',#1077,#2599,#2601,.T.);
#2599 = VERTEX_POINT('',#2600);
#2600 = CARTESIAN_POINT('',(-0.1,-12.4,-2.5));
#2601 = LINE('',#2602,#2603);
#2602 = CARTESIAN_POINT('',(-0.1,-12.4,0.2));
#2603 = VECTOR('',#2604,1.);
#2604 = DIRECTION('',(0.,0.,-1.));
#2605 = ORIENTED_EDGE('',*,*,#2606,.T.);
#2606 = EDGE_CURVE('',#2599,#2607,#2609,.T.);
#2607 = VERTEX_POINT('',#2608);
#2608 = CARTESIAN_POINT('',(-0.1,-12.55,-3.1));
#2609 = LINE('',#2610,#2611);
#2610 = CARTESIAN_POINT('',(-0.1,-12.4,-2.5));
#2611 = VECTOR('',#2612,1.);
#2612 = DIRECTION('',(-2.692686352073E-17,-0.242535625036,
    -0.970142500145));
#2613 = ORIENTED_EDGE('',*,*,#2614,.F.);
#2614 = EDGE_CURVE('',#2615,#2607,#2617,.T.);
#2615 = VERTEX_POINT('',#2616);
#2616 = CARTESIAN_POINT('',(-0.1,-12.85,-3.1));
#2617 = LINE('',#2618,#2619);
#2618 = CARTESIAN_POINT('',(-0.1,-12.85,-3.1));
#2619 = VECTOR('',#2620,1.);
#2620 = DIRECTION('',(1.110223024625E-16,1.,0.));
#2621 = ORIENTED_EDGE('',*,*,#2622,.T.);
#2622 = EDGE_CURVE('',#2615,#2590,#2623,.T.);
#2623 = LINE('',#2624,#2625);
#2624 = CARTESIAN_POINT('',(-0.1,-12.85,-3.1));
#2625 = VECTOR('',#2626,1.);
#2626 = DIRECTION('',(-2.692686352073E-17,-0.242535625036,0.970142500145
    ));
#2627 = PLANE('',#2628);
#2628 = AXIS2_PLACEMENT_3D('',#2629,#2630,#2631);
#2629 = CARTESIAN_POINT('',(-0.1,-12.7,3.911477598424));
#2630 = DIRECTION('',(-1.,1.110223024625E-16,0.));
#2631 = DIRECTION('',(0.,0.,1.));
#2632 = ADVANCED_FACE('',(#2633),#2644,.T.);
#2633 = FACE_BOUND('',#2634,.T.);
#2634 = EDGE_LOOP('',(#2635,#2636,#2637,#2643));
#2635 = ORIENTED_EDGE('',*,*,#1124,.F.);
#2636 = ORIENTED_EDGE('',*,*,#1134,.T.);
#2637 = ORIENTED_EDGE('',*,*,#2638,.T.);
#2638 = EDGE_CURVE('',#1135,#1175,#2639,.T.);
#2639 = LINE('',#2640,#2641);
#2640 = CARTESIAN_POINT('',(-0.1,-10.46,0.2));
#2641 = VECTOR('',#2642,1.);
#2642 = DIRECTION('',(1.,-1.110223024625E-16,0.));
#2643 = ORIENTED_EDGE('',*,*,#1182,.T.);
#2644 = PLANE('',#2645);
#2645 = AXIS2_PLACEMENT_3D('',#2646,#2647,#2648);
#2646 = CARTESIAN_POINT('',(-0.1,-10.46,0.2));
#2647 = DIRECTION('',(0.,-0.,-1.));
#2648 = DIRECTION('',(-1.110223024625E-16,-1.,0.));
#2649 = ADVANCED_FACE('',(#2650),#2691,.F.);
#2650 = FACE_BOUND('',#2651,.F.);
#2651 = EDGE_LOOP('',(#2652,#2660,#2661,#2669,#2677,#2685));
#2652 = ORIENTED_EDGE('',*,*,#2653,.T.);
#2653 = EDGE_CURVE('',#2654,#1175,#2656,.T.);
#2654 = VERTEX_POINT('',#2655);
#2655 = CARTESIAN_POINT('',(0.1,-10.46,-2.5));
#2656 = LINE('',#2657,#2658);
#2657 = CARTESIAN_POINT('',(0.1,-10.46,-2.5));
#2658 = VECTOR('',#2659,1.);
#2659 = DIRECTION('',(0.,0.,1.));
#2660 = ORIENTED_EDGE('',*,*,#1174,.F.);
#2661 = ORIENTED_EDGE('',*,*,#2662,.T.);
#2662 = EDGE_CURVE('',#1167,#2663,#2665,.T.);
#2663 = VERTEX_POINT('',#2664);
#2664 = CARTESIAN_POINT('',(0.1,-9.86,-2.5));
#2665 = LINE('',#2666,#2667);
#2666 = CARTESIAN_POINT('',(0.1,-9.86,0.2));
#2667 = VECTOR('',#2668,1.);
#2668 = DIRECTION('',(0.,0.,-1.));
#2669 = ORIENTED_EDGE('',*,*,#2670,.T.);
#2670 = EDGE_CURVE('',#2663,#2671,#2673,.T.);
#2671 = VERTEX_POINT('',#2672);
#2672 = CARTESIAN_POINT('',(0.1,-10.01,-3.1));
#2673 = LINE('',#2674,#2675);
#2674 = CARTESIAN_POINT('',(0.1,-9.86,-2.5));
#2675 = VECTOR('',#2676,1.);
#2676 = DIRECTION('',(-2.692686352073E-17,-0.242535625036,
    -0.970142500145));
#2677 = ORIENTED_EDGE('',*,*,#2678,.T.);
#2678 = EDGE_CURVE('',#2671,#2679,#2681,.T.);
#2679 = VERTEX_POINT('',#2680);
#2680 = CARTESIAN_POINT('',(0.1,-10.31,-3.1));
#2681 = LINE('',#2682,#2683);
#2682 = CARTESIAN_POINT('',(0.1,-10.01,-3.1));
#2683 = VECTOR('',#2684,1.);
#2684 = DIRECTION('',(-1.110223024625E-16,-1.,0.));
#2685 = ORIENTED_EDGE('',*,*,#2686,.T.);
#2686 = EDGE_CURVE('',#2679,#2654,#2687,.T.);
#2687 = LINE('',#2688,#2689);
#2688 = CARTESIAN_POINT('',(0.1,-10.31,-3.1));
#2689 = VECTOR('',#2690,1.);
#2690 = DIRECTION('',(-2.692686352073E-17,-0.242535625036,0.970142500145
    ));
#2691 = PLANE('',#2692);
#2692 = AXIS2_PLACEMENT_3D('',#2693,#2694,#2695);
#2693 = CARTESIAN_POINT('',(0.1,-10.16,3.911477598424));
#2694 = DIRECTION('',(-1.,1.110223024625E-16,0.));
#2695 = DIRECTION('',(0.,0.,1.));
#2696 = ADVANCED_FACE('',(#2697),#2708,.T.);
#2697 = FACE_BOUND('',#2698,.T.);
#2698 = EDGE_LOOP('',(#2699,#2705,#2706,#2707));
#2699 = ORIENTED_EDGE('',*,*,#2700,.F.);
#2700 = EDGE_CURVE('',#1143,#1167,#2701,.T.);
#2701 = LINE('',#2702,#2703);
#2702 = CARTESIAN_POINT('',(-0.1,-9.86,0.2));
#2703 = VECTOR('',#2704,1.);
#2704 = DIRECTION('',(1.,-1.110223024625E-16,0.));
#2705 = ORIENTED_EDGE('',*,*,#1150,.T.);
#2706 = ORIENTED_EDGE('',*,*,#1158,.T.);
#2707 = ORIENTED_EDGE('',*,*,#1166,.T.);
#2708 = PLANE('',#2709);
#2709 = AXIS2_PLACEMENT_3D('',#2710,#2711,#2712);
#2710 = CARTESIAN_POINT('',(-0.1,-10.46,0.2));
#2711 = DIRECTION('',(0.,-0.,-1.));
#2712 = DIRECTION('',(-1.110223024625E-16,-1.,0.));
#2713 = ADVANCED_FACE('',(#2714),#2755,.T.);
#2714 = FACE_BOUND('',#2715,.T.);
#2715 = EDGE_LOOP('',(#2716,#2724,#2725,#2733,#2741,#2749));
#2716 = ORIENTED_EDGE('',*,*,#2717,.T.);
#2717 = EDGE_CURVE('',#2718,#1135,#2720,.T.);
#2718 = VERTEX_POINT('',#2719);
#2719 = CARTESIAN_POINT('',(-0.1,-10.46,-2.5));
#2720 = LINE('',#2721,#2722);
#2721 = CARTESIAN_POINT('',(-0.1,-10.46,-2.5));
#2722 = VECTOR('',#2723,1.);
#2723 = DIRECTION('',(0.,0.,1.));
#2724 = ORIENTED_EDGE('',*,*,#1142,.F.);
#2725 = ORIENTED_EDGE('',*,*,#2726,.T.);
#2726 = EDGE_CURVE('',#1143,#2727,#2729,.T.);
#2727 = VERTEX_POINT('',#2728);
#2728 = CARTESIAN_POINT('',(-0.1,-9.86,-2.5));
#2729 = LINE('',#2730,#2731);
#2730 = CARTESIAN_POINT('',(-0.1,-9.86,0.2));
#2731 = VECTOR('',#2732,1.);
#2732 = DIRECTION('',(0.,0.,-1.));
#2733 = ORIENTED_EDGE('',*,*,#2734,.T.);
#2734 = EDGE_CURVE('',#2727,#2735,#2737,.T.);
#2735 = VERTEX_POINT('',#2736);
#2736 = CARTESIAN_POINT('',(-0.1,-10.01,-3.1));
#2737 = LINE('',#2738,#2739);
#2738 = CARTESIAN_POINT('',(-0.1,-9.86,-2.5));
#2739 = VECTOR('',#2740,1.);
#2740 = DIRECTION('',(-2.692686352073E-17,-0.242535625036,
    -0.970142500145));
#2741 = ORIENTED_EDGE('',*,*,#2742,.F.);
#2742 = EDGE_CURVE('',#2743,#2735,#2745,.T.);
#2743 = VERTEX_POINT('',#2744);
#2744 = CARTESIAN_POINT('',(-0.1,-10.31,-3.1));
#2745 = LINE('',#2746,#2747);
#2746 = CARTESIAN_POINT('',(-0.1,-10.31,-3.1));
#2747 = VECTOR('',#2748,1.);
#2748 = DIRECTION('',(1.110223024625E-16,1.,0.));
#2749 = ORIENTED_EDGE('',*,*,#2750,.T.);
#2750 = EDGE_CURVE('',#2743,#2718,#2751,.T.);
#2751 = LINE('',#2752,#2753);
#2752 = CARTESIAN_POINT('',(-0.1,-10.31,-3.1));
#2753 = VECTOR('',#2754,1.);
#2754 = DIRECTION('',(-2.692686352073E-17,-0.242535625036,0.970142500145
    ));
#2755 = PLANE('',#2756);
#2756 = AXIS2_PLACEMENT_3D('',#2757,#2758,#2759);
#2757 = CARTESIAN_POINT('',(-0.1,-10.16,3.911477598424));
#2758 = DIRECTION('',(-1.,1.110223024625E-16,0.));
#2759 = DIRECTION('',(0.,0.,1.));
#2760 = ADVANCED_FACE('',(#2761),#2772,.T.);
#2761 = FACE_BOUND('',#2762,.T.);
#2762 = EDGE_LOOP('',(#2763,#2764,#2765,#2771));
#2763 = ORIENTED_EDGE('',*,*,#1190,.F.);
#2764 = ORIENTED_EDGE('',*,*,#1200,.T.);
#2765 = ORIENTED_EDGE('',*,*,#2766,.T.);
#2766 = EDGE_CURVE('',#1201,#1241,#2767,.T.);
#2767 = LINE('',#2768,#2769);
#2768 = CARTESIAN_POINT('',(-0.1,-7.92,0.2));
#2769 = VECTOR('',#2770,1.);
#2770 = DIRECTION('',(1.,-1.110223024625E-16,0.));
#2771 = ORIENTED_EDGE('',*,*,#1248,.T.);
#2772 = PLANE('',#2773);
#2773 = AXIS2_PLACEMENT_3D('',#2774,#2775,#2776);
#2774 = CARTESIAN_POINT('',(-0.1,-7.92,0.2));
#2775 = DIRECTION('',(0.,-0.,-1.));
#2776 = DIRECTION('',(-1.110223024625E-16,-1.,0.));
#2777 = ADVANCED_FACE('',(#2778),#2819,.F.);
#2778 = FACE_BOUND('',#2779,.F.);
#2779 = EDGE_LOOP('',(#2780,#2788,#2789,#2797,#2805,#2813));
#2780 = ORIENTED_EDGE('',*,*,#2781,.T.);
#2781 = EDGE_CURVE('',#2782,#1241,#2784,.T.);
#2782 = VERTEX_POINT('',#2783);
#2783 = CARTESIAN_POINT('',(0.1,-7.92,-2.5));
#2784 = LINE('',#2785,#2786);
#2785 = CARTESIAN_POINT('',(0.1,-7.92,-2.5));
#2786 = VECTOR('',#2787,1.);
#2787 = DIRECTION('',(0.,0.,1.));
#2788 = ORIENTED_EDGE('',*,*,#1240,.F.);
#2789 = ORIENTED_EDGE('',*,*,#2790,.T.);
#2790 = EDGE_CURVE('',#1233,#2791,#2793,.T.);
#2791 = VERTEX_POINT('',#2792);
#2792 = CARTESIAN_POINT('',(0.1,-7.32,-2.5));
#2793 = LINE('',#2794,#2795);
#2794 = CARTESIAN_POINT('',(0.1,-7.32,0.2));
#2795 = VECTOR('',#2796,1.);
#2796 = DIRECTION('',(0.,0.,-1.));
#2797 = ORIENTED_EDGE('',*,*,#2798,.T.);
#2798 = EDGE_CURVE('',#2791,#2799,#2801,.T.);
#2799 = VERTEX_POINT('',#2800);
#2800 = CARTESIAN_POINT('',(0.1,-7.47,-3.1));
#2801 = LINE('',#2802,#2803);
#2802 = CARTESIAN_POINT('',(0.1,-7.32,-2.5));
#2803 = VECTOR('',#2804,1.);
#2804 = DIRECTION('',(-2.692686352073E-17,-0.242535625036,
    -0.970142500145));
#2805 = ORIENTED_EDGE('',*,*,#2806,.T.);
#2806 = EDGE_CURVE('',#2799,#2807,#2809,.T.);
#2807 = VERTEX_POINT('',#2808);
#2808 = CARTESIAN_POINT('',(0.1,-7.77,-3.1));
#2809 = LINE('',#2810,#2811);
#2810 = CARTESIAN_POINT('',(0.1,-7.47,-3.1));
#2811 = VECTOR('',#2812,1.);
#2812 = DIRECTION('',(-1.110223024625E-16,-1.,0.));
#2813 = ORIENTED_EDGE('',*,*,#2814,.T.);
#2814 = EDGE_CURVE('',#2807,#2782,#2815,.T.);
#2815 = LINE('',#2816,#2817);
#2816 = CARTESIAN_POINT('',(0.1,-7.77,-3.1));
#2817 = VECTOR('',#2818,1.);
#2818 = DIRECTION('',(-2.692686352073E-17,-0.242535625036,0.970142500145
    ));
#2819 = PLANE('',#2820);
#2820 = AXIS2_PLACEMENT_3D('',#2821,#2822,#2823);
#2821 = CARTESIAN_POINT('',(0.1,-7.62,3.911477598424));
#2822 = DIRECTION('',(-1.,1.110223024625E-16,0.));
#2823 = DIRECTION('',(0.,0.,1.));
#2824 = ADVANCED_FACE('',(#2825),#2836,.T.);
#2825 = FACE_BOUND('',#2826,.T.);
#2826 = EDGE_LOOP('',(#2827,#2833,#2834,#2835));
#2827 = ORIENTED_EDGE('',*,*,#2828,.F.);
#2828 = EDGE_CURVE('',#1209,#1233,#2829,.T.);
#2829 = LINE('',#2830,#2831);
#2830 = CARTESIAN_POINT('',(-0.1,-7.32,0.2));
#2831 = VECTOR('',#2832,1.);
#2832 = DIRECTION('',(1.,-1.110223024625E-16,0.));
#2833 = ORIENTED_EDGE('',*,*,#1216,.T.);
#2834 = ORIENTED_EDGE('',*,*,#1224,.T.);
#2835 = ORIENTED_EDGE('',*,*,#1232,.T.);
#2836 = PLANE('',#2837);
#2837 = AXIS2_PLACEMENT_3D('',#2838,#2839,#2840);
#2838 = CARTESIAN_POINT('',(-0.1,-7.92,0.2));
#2839 = DIRECTION('',(0.,-0.,-1.));
#2840 = DIRECTION('',(-1.110223024625E-16,-1.,0.));
#2841 = ADVANCED_FACE('',(#2842),#2883,.T.);
#2842 = FACE_BOUND('',#2843,.T.);
#2843 = EDGE_LOOP('',(#2844,#2852,#2853,#2861,#2869,#2877));
#2844 = ORIENTED_EDGE('',*,*,#2845,.T.);
#2845 = EDGE_CURVE('',#2846,#1201,#2848,.T.);
#2846 = VERTEX_POINT('',#2847);
#2847 = CARTESIAN_POINT('',(-0.1,-7.92,-2.5));
#2848 = LINE('',#2849,#2850);
#2849 = CARTESIAN_POINT('',(-0.1,-7.92,-2.5));
#2850 = VECTOR('',#2851,1.);
#2851 = DIRECTION('',(0.,0.,1.));
#2852 = ORIENTED_EDGE('',*,*,#1208,.F.);
#2853 = ORIENTED_EDGE('',*,*,#2854,.T.);
#2854 = EDGE_CURVE('',#1209,#2855,#2857,.T.);
#2855 = VERTEX_POINT('',#2856);
#2856 = CARTESIAN_POINT('',(-0.1,-7.32,-2.5));
#2857 = LINE('',#2858,#2859);
#2858 = CARTESIAN_POINT('',(-0.1,-7.32,0.2));
#2859 = VECTOR('',#2860,1.);
#2860 = DIRECTION('',(0.,0.,-1.));
#2861 = ORIENTED_EDGE('',*,*,#2862,.T.);
#2862 = EDGE_CURVE('',#2855,#2863,#2865,.T.);
#2863 = VERTEX_POINT('',#2864);
#2864 = CARTESIAN_POINT('',(-0.1,-7.47,-3.1));
#2865 = LINE('',#2866,#2867);
#2866 = CARTESIAN_POINT('',(-0.1,-7.32,-2.5));
#2867 = VECTOR('',#2868,1.);
#2868 = DIRECTION('',(-2.692686352073E-17,-0.242535625036,
    -0.970142500145));
#2869 = ORIENTED_EDGE('',*,*,#2870,.F.);
#2870 = EDGE_CURVE('',#2871,#2863,#2873,.T.);
#2871 = VERTEX_POINT('',#2872);
#2872 = CARTESIAN_POINT('',(-0.1,-7.77,-3.1));
#2873 = LINE('',#2874,#2875);
#2874 = CARTESIAN_POINT('',(-0.1,-7.77,-3.1));
#2875 = VECTOR('',#2876,1.);
#2876 = DIRECTION('',(1.110223024625E-16,1.,0.));
#2877 = ORIENTED_EDGE('',*,*,#2878,.T.);
#2878 = EDGE_CURVE('',#2871,#2846,#2879,.T.);
#2879 = LINE('',#2880,#2881);
#2880 = CARTESIAN_POINT('',(-0.1,-7.77,-3.1));
#2881 = VECTOR('',#2882,1.);
#2882 = DIRECTION('',(-2.692686352073E-17,-0.242535625036,0.970142500145
    ));
#2883 = PLANE('',#2884);
#2884 = AXIS2_PLACEMENT_3D('',#2885,#2886,#2887);
#2885 = CARTESIAN_POINT('',(-0.1,-7.62,3.911477598424));
#2886 = DIRECTION('',(-1.,1.110223024625E-16,0.));
#2887 = DIRECTION('',(0.,0.,1.));
#2888 = ADVANCED_FACE('',(#2889),#2900,.T.);
#2889 = FACE_BOUND('',#2890,.T.);
#2890 = EDGE_LOOP('',(#2891,#2892,#2893,#2899));
#2891 = ORIENTED_EDGE('',*,*,#1256,.F.);
#2892 = ORIENTED_EDGE('',*,*,#1266,.T.);
#2893 = ORIENTED_EDGE('',*,*,#2894,.T.);
#2894 = EDGE_CURVE('',#1267,#1307,#2895,.T.);
#2895 = LINE('',#2896,#2897);
#2896 = CARTESIAN_POINT('',(-0.1,-5.38,0.2));
#2897 = VECTOR('',#2898,1.);
#2898 = DIRECTION('',(1.,-1.110223024625E-16,0.));
#2899 = ORIENTED_EDGE('',*,*,#1314,.T.);
#2900 = PLANE('',#2901);
#2901 = AXIS2_PLACEMENT_3D('',#2902,#2903,#2904);
#2902 = CARTESIAN_POINT('',(-0.1,-5.38,0.2));
#2903 = DIRECTION('',(0.,-0.,-1.));
#2904 = DIRECTION('',(-1.110223024625E-16,-1.,0.));
#2905 = ADVANCED_FACE('',(#2906),#2947,.F.);
#2906 = FACE_BOUND('',#2907,.F.);
#2907 = EDGE_LOOP('',(#2908,#2916,#2917,#2925,#2933,#2941));
#2908 = ORIENTED_EDGE('',*,*,#2909,.T.);
#2909 = EDGE_CURVE('',#2910,#1307,#2912,.T.);
#2910 = VERTEX_POINT('',#2911);
#2911 = CARTESIAN_POINT('',(0.1,-5.38,-2.5));
#2912 = LINE('',#2913,#2914);
#2913 = CARTESIAN_POINT('',(0.1,-5.38,-2.5));
#2914 = VECTOR('',#2915,1.);
#2915 = DIRECTION('',(0.,0.,1.));
#2916 = ORIENTED_EDGE('',*,*,#1306,.F.);
#2917 = ORIENTED_EDGE('',*,*,#2918,.T.);
#2918 = EDGE_CURVE('',#1299,#2919,#2921,.T.);
#2919 = VERTEX_POINT('',#2920);
#2920 = CARTESIAN_POINT('',(0.1,-4.78,-2.5));
#2921 = LINE('',#2922,#2923);
#2922 = CARTESIAN_POINT('',(0.1,-4.78,0.2));
#2923 = VECTOR('',#2924,1.);
#2924 = DIRECTION('',(0.,0.,-1.));
#2925 = ORIENTED_EDGE('',*,*,#2926,.T.);
#2926 = EDGE_CURVE('',#2919,#2927,#2929,.T.);
#2927 = VERTEX_POINT('',#2928);
#2928 = CARTESIAN_POINT('',(0.1,-4.93,-3.1));
#2929 = LINE('',#2930,#2931);
#2930 = CARTESIAN_POINT('',(0.1,-4.78,-2.5));
#2931 = VECTOR('',#2932,1.);
#2932 = DIRECTION('',(-2.692686352073E-17,-0.242535625036,
    -0.970142500145));
#2933 = ORIENTED_EDGE('',*,*,#2934,.T.);
#2934 = EDGE_CURVE('',#2927,#2935,#2937,.T.);
#2935 = VERTEX_POINT('',#2936);
#2936 = CARTESIAN_POINT('',(0.1,-5.23,-3.1));
#2937 = LINE('',#2938,#2939);
#2938 = CARTESIAN_POINT('',(0.1,-4.93,-3.1));
#2939 = VECTOR('',#2940,1.);
#2940 = DIRECTION('',(-1.110223024625E-16,-1.,0.));
#2941 = ORIENTED_EDGE('',*,*,#2942,.T.);
#2942 = EDGE_CURVE('',#2935,#2910,#2943,.T.);
#2943 = LINE('',#2944,#2945);
#2944 = CARTESIAN_POINT('',(0.1,-5.23,-3.1));
#2945 = VECTOR('',#2946,1.);
#2946 = DIRECTION('',(-2.692686352073E-17,-0.242535625036,0.970142500145
    ));
#2947 = PLANE('',#2948);
#2948 = AXIS2_PLACEMENT_3D('',#2949,#2950,#2951);
#2949 = CARTESIAN_POINT('',(0.1,-5.08,3.911477598424));
#2950 = DIRECTION('',(-1.,1.110223024625E-16,0.));
#2951 = DIRECTION('',(0.,0.,1.));
#2952 = ADVANCED_FACE('',(#2953),#2964,.T.);
#2953 = FACE_BOUND('',#2954,.T.);
#2954 = EDGE_LOOP('',(#2955,#2961,#2962,#2963));
#2955 = ORIENTED_EDGE('',*,*,#2956,.F.);
#2956 = EDGE_CURVE('',#1275,#1299,#2957,.T.);
#2957 = LINE('',#2958,#2959);
#2958 = CARTESIAN_POINT('',(-0.1,-4.78,0.2));
#2959 = VECTOR('',#2960,1.);
#2960 = DIRECTION('',(1.,-1.110223024625E-16,0.));
#2961 = ORIENTED_EDGE('',*,*,#1282,.T.);
#2962 = ORIENTED_EDGE('',*,*,#1290,.T.);
#2963 = ORIENTED_EDGE('',*,*,#1298,.T.);
#2964 = PLANE('',#2965);
#2965 = AXIS2_PLACEMENT_3D('',#2966,#2967,#2968);
#2966 = CARTESIAN_POINT('',(-0.1,-5.38,0.2));
#2967 = DIRECTION('',(0.,-0.,-1.));
#2968 = DIRECTION('',(-1.110223024625E-16,-1.,0.));
#2969 = ADVANCED_FACE('',(#2970),#3011,.T.);
#2970 = FACE_BOUND('',#2971,.T.);
#2971 = EDGE_LOOP('',(#2972,#2980,#2981,#2989,#2997,#3005));
#2972 = ORIENTED_EDGE('',*,*,#2973,.T.);
#2973 = EDGE_CURVE('',#2974,#1267,#2976,.T.);
#2974 = VERTEX_POINT('',#2975);
#2975 = CARTESIAN_POINT('',(-0.1,-5.38,-2.5));
#2976 = LINE('',#2977,#2978);
#2977 = CARTESIAN_POINT('',(-0.1,-5.38,-2.5));
#2978 = VECTOR('',#2979,1.);
#2979 = DIRECTION('',(0.,0.,1.));
#2980 = ORIENTED_EDGE('',*,*,#1274,.F.);
#2981 = ORIENTED_EDGE('',*,*,#2982,.T.);
#2982 = EDGE_CURVE('',#1275,#2983,#2985,.T.);
#2983 = VERTEX_POINT('',#2984);
#2984 = CARTESIAN_POINT('',(-0.1,-4.78,-2.5));
#2985 = LINE('',#2986,#2987);
#2986 = CARTESIAN_POINT('',(-0.1,-4.78,0.2));
#2987 = VECTOR('',#2988,1.);
#2988 = DIRECTION('',(0.,0.,-1.));
#2989 = ORIENTED_EDGE('',*,*,#2990,.T.);
#2990 = EDGE_CURVE('',#2983,#2991,#2993,.T.);
#2991 = VERTEX_POINT('',#2992);
#2992 = CARTESIAN_POINT('',(-0.1,-4.93,-3.1));
#2993 = LINE('',#2994,#2995);
#2994 = CARTESIAN_POINT('',(-0.1,-4.78,-2.5));
#2995 = VECTOR('',#2996,1.);
#2996 = DIRECTION('',(-2.692686352073E-17,-0.242535625036,
    -0.970142500145));
#2997 = ORIENTED_EDGE('',*,*,#2998,.F.);
#2998 = EDGE_CURVE('',#2999,#2991,#3001,.T.);
#2999 = VERTEX_POINT('',#3000);
#3000 = CARTESIAN_POINT('',(-0.1,-5.23,-3.1));
#3001 = LINE('',#3002,#3003);
#3002 = CARTESIAN_POINT('',(-0.1,-5.23,-3.1));
#3003 = VECTOR('',#3004,1.);
#3004 = DIRECTION('',(1.110223024625E-16,1.,0.));
#3005 = ORIENTED_EDGE('',*,*,#3006,.T.);
#3006 = EDGE_CURVE('',#2999,#2974,#3007,.T.);
#3007 = LINE('',#3008,#3009);
#3008 = CARTESIAN_POINT('',(-0.1,-5.23,-3.1));
#3009 = VECTOR('',#3010,1.);
#3010 = DIRECTION('',(-2.692686352073E-17,-0.242535625036,0.970142500145
    ));
#3011 = PLANE('',#3012);
#3012 = AXIS2_PLACEMENT_3D('',#3013,#3014,#3015);
#3013 = CARTESIAN_POINT('',(-0.1,-5.08,3.911477598424));
#3014 = DIRECTION('',(-1.,1.110223024625E-16,0.));
#3015 = DIRECTION('',(0.,0.,1.));
#3016 = ADVANCED_FACE('',(#3017),#3028,.T.);
#3017 = FACE_BOUND('',#3018,.T.);
#3018 = EDGE_LOOP('',(#3019,#3020,#3021,#3027));
#3019 = ORIENTED_EDGE('',*,*,#1322,.F.);
#3020 = ORIENTED_EDGE('',*,*,#1332,.T.);
#3021 = ORIENTED_EDGE('',*,*,#3022,.T.);
#3022 = EDGE_CURVE('',#1333,#1373,#3023,.T.);
#3023 = LINE('',#3024,#3025);
#3024 = CARTESIAN_POINT('',(-0.1,-2.84,0.2));
#3025 = VECTOR('',#3026,1.);
#3026 = DIRECTION('',(1.,-1.110223024625E-16,0.));
#3027 = ORIENTED_EDGE('',*,*,#1380,.T.);
#3028 = PLANE('',#3029);
#3029 = AXIS2_PLACEMENT_3D('',#3030,#3031,#3032);
#3030 = CARTESIAN_POINT('',(-0.1,-2.84,0.2));
#3031 = DIRECTION('',(0.,-0.,-1.));
#3032 = DIRECTION('',(-1.110223024625E-16,-1.,0.));
#3033 = ADVANCED_FACE('',(#3034),#3075,.F.);
#3034 = FACE_BOUND('',#3035,.F.);
#3035 = EDGE_LOOP('',(#3036,#3044,#3045,#3053,#3061,#3069));
#3036 = ORIENTED_EDGE('',*,*,#3037,.T.);
#3037 = EDGE_CURVE('',#3038,#1373,#3040,.T.);
#3038 = VERTEX_POINT('',#3039);
#3039 = CARTESIAN_POINT('',(0.1,-2.84,-2.5));
#3040 = LINE('',#3041,#3042);
#3041 = CARTESIAN_POINT('',(0.1,-2.84,-2.5));
#3042 = VECTOR('',#3043,1.);
#3043 = DIRECTION('',(0.,0.,1.));
#3044 = ORIENTED_EDGE('',*,*,#1372,.F.);
#3045 = ORIENTED_EDGE('',*,*,#3046,.T.);
#3046 = EDGE_CURVE('',#1365,#3047,#3049,.T.);
#3047 = VERTEX_POINT('',#3048);
#3048 = CARTESIAN_POINT('',(0.1,-2.24,-2.5));
#3049 = LINE('',#3050,#3051);
#3050 = CARTESIAN_POINT('',(0.1,-2.24,0.2));
#3051 = VECTOR('',#3052,1.);
#3052 = DIRECTION('',(0.,0.,-1.));
#3053 = ORIENTED_EDGE('',*,*,#3054,.T.);
#3054 = EDGE_CURVE('',#3047,#3055,#3057,.T.);
#3055 = VERTEX_POINT('',#3056);
#3056 = CARTESIAN_POINT('',(0.1,-2.39,-3.1));
#3057 = LINE('',#3058,#3059);
#3058 = CARTESIAN_POINT('',(0.1,-2.24,-2.5));
#3059 = VECTOR('',#3060,1.);
#3060 = DIRECTION('',(-2.692686352073E-17,-0.242535625036,
    -0.970142500145));
#3061 = ORIENTED_EDGE('',*,*,#3062,.T.);
#3062 = EDGE_CURVE('',#3055,#3063,#3065,.T.);
#3063 = VERTEX_POINT('',#3064);
#3064 = CARTESIAN_POINT('',(0.1,-2.69,-3.1));
#3065 = LINE('',#3066,#3067);
#3066 = CARTESIAN_POINT('',(0.1,-2.39,-3.1));
#3067 = VECTOR('',#3068,1.);
#3068 = DIRECTION('',(-1.110223024625E-16,-1.,0.));
#3069 = ORIENTED_EDGE('',*,*,#3070,.T.);
#3070 = EDGE_CURVE('',#3063,#3038,#3071,.T.);
#3071 = LINE('',#3072,#3073);
#3072 = CARTESIAN_POINT('',(0.1,-2.69,-3.1));
#3073 = VECTOR('',#3074,1.);
#3074 = DIRECTION('',(-2.692686352073E-17,-0.242535625036,0.970142500145
    ));
#3075 = PLANE('',#3076);
#3076 = AXIS2_PLACEMENT_3D('',#3077,#3078,#3079);
#3077 = CARTESIAN_POINT('',(0.1,-2.54,3.911477598424));
#3078 = DIRECTION('',(-1.,1.110223024625E-16,0.));
#3079 = DIRECTION('',(0.,0.,1.));
#3080 = ADVANCED_FACE('',(#3081),#3092,.T.);
#3081 = FACE_BOUND('',#3082,.T.);
#3082 = EDGE_LOOP('',(#3083,#3089,#3090,#3091));
#3083 = ORIENTED_EDGE('',*,*,#3084,.F.);
#3084 = EDGE_CURVE('',#1341,#1365,#3085,.T.);
#3085 = LINE('',#3086,#3087);
#3086 = CARTESIAN_POINT('',(-0.1,-2.24,0.2));
#3087 = VECTOR('',#3088,1.);
#3088 = DIRECTION('',(1.,-1.110223024625E-16,0.));
#3089 = ORIENTED_EDGE('',*,*,#1348,.T.);
#3090 = ORIENTED_EDGE('',*,*,#1356,.T.);
#3091 = ORIENTED_EDGE('',*,*,#1364,.T.);
#3092 = PLANE('',#3093);
#3093 = AXIS2_PLACEMENT_3D('',#3094,#3095,#3096);
#3094 = CARTESIAN_POINT('',(-0.1,-2.84,0.2));
#3095 = DIRECTION('',(0.,-0.,-1.));
#3096 = DIRECTION('',(-1.110223024625E-16,-1.,0.));
#3097 = ADVANCED_FACE('',(#3098),#3139,.T.);
#3098 = FACE_BOUND('',#3099,.T.);
#3099 = EDGE_LOOP('',(#3100,#3108,#3109,#3117,#3125,#3133));
#3100 = ORIENTED_EDGE('',*,*,#3101,.T.);
#3101 = EDGE_CURVE('',#3102,#1333,#3104,.T.);
#3102 = VERTEX_POINT('',#3103);
#3103 = CARTESIAN_POINT('',(-0.1,-2.84,-2.5));
#3104 = LINE('',#3105,#3106);
#3105 = CARTESIAN_POINT('',(-0.1,-2.84,-2.5));
#3106 = VECTOR('',#3107,1.);
#3107 = DIRECTION('',(0.,0.,1.));
#3108 = ORIENTED_EDGE('',*,*,#1340,.F.);
#3109 = ORIENTED_EDGE('',*,*,#3110,.T.);
#3110 = EDGE_CURVE('',#1341,#3111,#3113,.T.);
#3111 = VERTEX_POINT('',#3112);
#3112 = CARTESIAN_POINT('',(-0.1,-2.24,-2.5));
#3113 = LINE('',#3114,#3115);
#3114 = CARTESIAN_POINT('',(-0.1,-2.24,0.2));
#3115 = VECTOR('',#3116,1.);
#3116 = DIRECTION('',(0.,0.,-1.));
#3117 = ORIENTED_EDGE('',*,*,#3118,.T.);
#3118 = EDGE_CURVE('',#3111,#3119,#3121,.T.);
#3119 = VERTEX_POINT('',#3120);
#3120 = CARTESIAN_POINT('',(-0.1,-2.39,-3.1));
#3121 = LINE('',#3122,#3123);
#3122 = CARTESIAN_POINT('',(-0.1,-2.24,-2.5));
#3123 = VECTOR('',#3124,1.);
#3124 = DIRECTION('',(-2.692686352073E-17,-0.242535625036,
    -0.970142500145));
#3125 = ORIENTED_EDGE('',*,*,#3126,.F.);
#3126 = EDGE_CURVE('',#3127,#3119,#3129,.T.);
#3127 = VERTEX_POINT('',#3128);
#3128 = CARTESIAN_POINT('',(-0.1,-2.69,-3.1));
#3129 = LINE('',#3130,#3131);
#3130 = CARTESIAN_POINT('',(-0.1,-2.69,-3.1));
#3131 = VECTOR('',#3132,1.);
#3132 = DIRECTION('',(1.110223024625E-16,1.,0.));
#3133 = ORIENTED_EDGE('',*,*,#3134,.T.);
#3134 = EDGE_CURVE('',#3127,#3102,#3135,.T.);
#3135 = LINE('',#3136,#3137);
#3136 = CARTESIAN_POINT('',(-0.1,-2.69,-3.1));
#3137 = VECTOR('',#3138,1.);
#3138 = DIRECTION('',(-2.692686352073E-17,-0.242535625036,0.970142500145
    ));
#3139 = PLANE('',#3140);
#3140 = AXIS2_PLACEMENT_3D('',#3141,#3142,#3143);
#3141 = CARTESIAN_POINT('',(-0.1,-2.54,3.911477598424));
#3142 = DIRECTION('',(-1.,1.110223024625E-16,0.));
#3143 = DIRECTION('',(0.,0.,1.));
#3144 = ADVANCED_FACE('',(#3145),#3156,.T.);
#3145 = FACE_BOUND('',#3146,.T.);
#3146 = EDGE_LOOP('',(#3147,#3148,#3149,#3155));
#3147 = ORIENTED_EDGE('',*,*,#1388,.F.);
#3148 = ORIENTED_EDGE('',*,*,#1398,.T.);
#3149 = ORIENTED_EDGE('',*,*,#3150,.T.);
#3150 = EDGE_CURVE('',#1399,#1439,#3151,.T.);
#3151 = LINE('',#3152,#3153);
#3152 = CARTESIAN_POINT('',(-0.1,-0.3,0.2));
#3153 = VECTOR('',#3154,1.);
#3154 = DIRECTION('',(1.,-1.110223024625E-16,0.));
#3155 = ORIENTED_EDGE('',*,*,#1446,.T.);
#3156 = PLANE('',#3157);
#3157 = AXIS2_PLACEMENT_3D('',#3158,#3159,#3160);
#3158 = CARTESIAN_POINT('',(-0.1,-0.3,0.2));
#3159 = DIRECTION('',(0.,-0.,-1.));
#3160 = DIRECTION('',(-1.110223024625E-16,-1.,0.));
#3161 = ADVANCED_FACE('',(#3162),#3203,.F.);
#3162 = FACE_BOUND('',#3163,.F.);
#3163 = EDGE_LOOP('',(#3164,#3172,#3173,#3181,#3189,#3197));
#3164 = ORIENTED_EDGE('',*,*,#3165,.T.);
#3165 = EDGE_CURVE('',#3166,#1439,#3168,.T.);
#3166 = VERTEX_POINT('',#3167);
#3167 = CARTESIAN_POINT('',(0.1,-0.3,-2.5));
#3168 = LINE('',#3169,#3170);
#3169 = CARTESIAN_POINT('',(0.1,-0.3,-2.5));
#3170 = VECTOR('',#3171,1.);
#3171 = DIRECTION('',(0.,0.,1.));
#3172 = ORIENTED_EDGE('',*,*,#1438,.F.);
#3173 = ORIENTED_EDGE('',*,*,#3174,.T.);
#3174 = EDGE_CURVE('',#1431,#3175,#3177,.T.);
#3175 = VERTEX_POINT('',#3176);
#3176 = CARTESIAN_POINT('',(0.1,0.3,-2.5));
#3177 = LINE('',#3178,#3179);
#3178 = CARTESIAN_POINT('',(0.1,0.3,0.2));
#3179 = VECTOR('',#3180,1.);
#3180 = DIRECTION('',(0.,0.,-1.));
#3181 = ORIENTED_EDGE('',*,*,#3182,.T.);
#3182 = EDGE_CURVE('',#3175,#3183,#3185,.T.);
#3183 = VERTEX_POINT('',#3184);
#3184 = CARTESIAN_POINT('',(0.1,0.15,-3.1));
#3185 = LINE('',#3186,#3187);
#3186 = CARTESIAN_POINT('',(0.1,0.3,-2.5));
#3187 = VECTOR('',#3188,1.);
#3188 = DIRECTION('',(-2.692686352073E-17,-0.242535625036,
    -0.970142500145));
#3189 = ORIENTED_EDGE('',*,*,#3190,.T.);
#3190 = EDGE_CURVE('',#3183,#3191,#3193,.T.);
#3191 = VERTEX_POINT('',#3192);
#3192 = CARTESIAN_POINT('',(0.1,-0.15,-3.1));
#3193 = LINE('',#3194,#3195);
#3194 = CARTESIAN_POINT('',(0.1,0.15,-3.1));
#3195 = VECTOR('',#3196,1.);
#3196 = DIRECTION('',(-1.110223024625E-16,-1.,0.));
#3197 = ORIENTED_EDGE('',*,*,#3198,.T.);
#3198 = EDGE_CURVE('',#3191,#3166,#3199,.T.);
#3199 = LINE('',#3200,#3201);
#3200 = CARTESIAN_POINT('',(0.1,-0.15,-3.1));
#3201 = VECTOR('',#3202,1.);
#3202 = DIRECTION('',(-2.692686352073E-17,-0.242535625036,0.970142500145
    ));
#3203 = PLANE('',#3204);
#3204 = AXIS2_PLACEMENT_3D('',#3205,#3206,#3207);
#3205 = CARTESIAN_POINT('',(0.1,-1.110223024625E-17,3.911477598424));
#3206 = DIRECTION('',(-1.,1.110223024625E-16,0.));
#3207 = DIRECTION('',(0.,0.,1.));
#3208 = ADVANCED_FACE('',(#3209),#3220,.T.);
#3209 = FACE_BOUND('',#3210,.T.);
#3210 = EDGE_LOOP('',(#3211,#3217,#3218,#3219));
#3211 = ORIENTED_EDGE('',*,*,#3212,.F.);
#3212 = EDGE_CURVE('',#1407,#1431,#3213,.T.);
#3213 = LINE('',#3214,#3215);
#3214 = CARTESIAN_POINT('',(-0.1,0.3,0.2));
#3215 = VECTOR('',#3216,1.);
#3216 = DIRECTION('',(1.,-1.110223024625E-16,0.));
#3217 = ORIENTED_EDGE('',*,*,#1414,.T.);
#3218 = ORIENTED_EDGE('',*,*,#1422,.T.);
#3219 = ORIENTED_EDGE('',*,*,#1430,.T.);
#3220 = PLANE('',#3221);
#3221 = AXIS2_PLACEMENT_3D('',#3222,#3223,#3224);
#3222 = CARTESIAN_POINT('',(-0.1,-0.3,0.2));
#3223 = DIRECTION('',(0.,-0.,-1.));
#3224 = DIRECTION('',(-1.110223024625E-16,-1.,0.));
#3225 = ADVANCED_FACE('',(#3226),#3267,.T.);
#3226 = FACE_BOUND('',#3227,.T.);
#3227 = EDGE_LOOP('',(#3228,#3236,#3237,#3245,#3253,#3261));
#3228 = ORIENTED_EDGE('',*,*,#3229,.T.);
#3229 = EDGE_CURVE('',#3230,#1399,#3232,.T.);
#3230 = VERTEX_POINT('',#3231);
#3231 = CARTESIAN_POINT('',(-0.1,-0.3,-2.5));
#3232 = LINE('',#3233,#3234);
#3233 = CARTESIAN_POINT('',(-0.1,-0.3,-2.5));
#3234 = VECTOR('',#3235,1.);
#3235 = DIRECTION('',(0.,0.,1.));
#3236 = ORIENTED_EDGE('',*,*,#1406,.F.);
#3237 = ORIENTED_EDGE('',*,*,#3238,.T.);
#3238 = EDGE_CURVE('',#1407,#3239,#3241,.T.);
#3239 = VERTEX_POINT('',#3240);
#3240 = CARTESIAN_POINT('',(-0.1,0.3,-2.5));
#3241 = LINE('',#3242,#3243);
#3242 = CARTESIAN_POINT('',(-0.1,0.3,0.2));
#3243 = VECTOR('',#3244,1.);
#3244 = DIRECTION('',(0.,0.,-1.));
#3245 = ORIENTED_EDGE('',*,*,#3246,.T.);
#3246 = EDGE_CURVE('',#3239,#3247,#3249,.T.);
#3247 = VERTEX_POINT('',#3248);
#3248 = CARTESIAN_POINT('',(-0.1,0.15,-3.1));
#3249 = LINE('',#3250,#3251);
#3250 = CARTESIAN_POINT('',(-0.1,0.3,-2.5));
#3251 = VECTOR('',#3252,1.);
#3252 = DIRECTION('',(-2.692686352073E-17,-0.242535625036,
    -0.970142500145));
#3253 = ORIENTED_EDGE('',*,*,#3254,.F.);
#3254 = EDGE_CURVE('',#3255,#3247,#3257,.T.);
#3255 = VERTEX_POINT('',#3256);
#3256 = CARTESIAN_POINT('',(-0.1,-0.15,-3.1));
#3257 = LINE('',#3258,#3259);
#3258 = CARTESIAN_POINT('',(-0.1,-0.15,-3.1));
#3259 = VECTOR('',#3260,1.);
#3260 = DIRECTION('',(1.110223024625E-16,1.,0.));
#3261 = ORIENTED_EDGE('',*,*,#3262,.T.);
#3262 = EDGE_CURVE('',#3255,#3230,#3263,.T.);
#3263 = LINE('',#3264,#3265);
#3264 = CARTESIAN_POINT('',(-0.1,-0.15,-3.1));
#3265 = VECTOR('',#3266,1.);
#3266 = DIRECTION('',(-2.692686352073E-17,-0.242535625036,0.970142500145
    ));
#3267 = PLANE('',#3268);
#3268 = AXIS2_PLACEMENT_3D('',#3269,#3270,#3271);
#3269 = CARTESIAN_POINT('',(-0.1,1.110223024625E-17,3.911477598424));
#3270 = DIRECTION('',(-1.,1.110223024625E-16,0.));
#3271 = DIRECTION('',(0.,0.,1.));
#3272 = ADVANCED_FACE('',(#3273),#3298,.F.);
#3273 = FACE_BOUND('',#3274,.F.);
#3274 = EDGE_LOOP('',(#3275,#3283,#3291,#3297));
#3275 = ORIENTED_EDGE('',*,*,#3276,.T.);
#3276 = EDGE_CURVE('',#1485,#3277,#3279,.T.);
#3277 = VERTEX_POINT('',#3278);
#3278 = CARTESIAN_POINT('',(0.3,-18.08,0.9));
#3279 = LINE('',#3280,#3281);
#3280 = CARTESIAN_POINT('',(0.3,-18.08,8.2));
#3281 = VECTOR('',#3282,1.);
#3282 = DIRECTION('',(0.,-0.,-1.));
#3283 = ORIENTED_EDGE('',*,*,#3284,.T.);
#3284 = EDGE_CURVE('',#3277,#3285,#3287,.T.);
#3285 = VERTEX_POINT('',#3286);
#3286 = CARTESIAN_POINT('',(0.3,-17.48,0.9));
#3287 = LINE('',#3288,#3289);
#3288 = CARTESIAN_POINT('',(0.3,-18.08,0.9));
#3289 = VECTOR('',#3290,1.);
#3290 = DIRECTION('',(1.110223024625E-16,1.,0.));
#3291 = ORIENTED_EDGE('',*,*,#3292,.F.);
#3292 = EDGE_CURVE('',#1494,#3285,#3293,.T.);
#3293 = LINE('',#3294,#3295);
#3294 = CARTESIAN_POINT('',(0.3,-17.48,8.2));
#3295 = VECTOR('',#3296,1.);
#3296 = DIRECTION('',(0.,-0.,-1.));
#3297 = ORIENTED_EDGE('',*,*,#1501,.F.);
#3298 = PLANE('',#3299);
#3299 = AXIS2_PLACEMENT_3D('',#3300,#3301,#3302);
#3300 = CARTESIAN_POINT('',(0.3,-18.08,8.2));
#3301 = DIRECTION('',(1.,-1.110223024625E-16,0.));
#3302 = DIRECTION('',(1.110223024625E-16,1.,0.));
#3303 = ADVANCED_FACE('',(#3304),#3354,.F.);
#3304 = FACE_BOUND('',#3305,.F.);
#3305 = EDGE_LOOP('',(#3306,#3307,#3308,#3316,#3324,#3332,#3340,#3348));
#3306 = ORIENTED_EDGE('',*,*,#1525,.F.);
#3307 = ORIENTED_EDGE('',*,*,#3292,.T.);
#3308 = ORIENTED_EDGE('',*,*,#3309,.T.);
#3309 = EDGE_CURVE('',#3285,#3310,#3312,.T.);
#3310 = VERTEX_POINT('',#3311);
#3311 = CARTESIAN_POINT('',(0.1,-17.48,0.9));
#3312 = LINE('',#3313,#3314);
#3313 = CARTESIAN_POINT('',(0.3,-17.48,0.9));
#3314 = VECTOR('',#3315,1.);
#3315 = DIRECTION('',(-1.,1.110223024625E-16,0.));
#3316 = ORIENTED_EDGE('',*,*,#3317,.T.);
#3317 = EDGE_CURVE('',#3310,#3318,#3320,.T.);
#3318 = VERTEX_POINT('',#3319);
#3319 = CARTESIAN_POINT('',(0.1,-17.48,7.4));
#3320 = LINE('',#3321,#3322);
#3321 = CARTESIAN_POINT('',(0.1,-17.48,6.055738799212));
#3322 = VECTOR('',#3323,1.);
#3323 = DIRECTION('',(0.,-0.,1.));
#3324 = ORIENTED_EDGE('',*,*,#3325,.F.);
#3325 = EDGE_CURVE('',#3326,#3318,#3328,.T.);
#3326 = VERTEX_POINT('',#3327);
#3327 = CARTESIAN_POINT('',(-0.1,-17.48,7.4));
#3328 = LINE('',#3329,#3330);
#3329 = CARTESIAN_POINT('',(-0.1,-17.48,7.4));
#3330 = VECTOR('',#3331,1.);
#3331 = DIRECTION('',(1.,-1.110223024625E-16,0.));
#3332 = ORIENTED_EDGE('',*,*,#3333,.F.);
#3333 = EDGE_CURVE('',#3334,#3326,#3336,.T.);
#3334 = VERTEX_POINT('',#3335);
#3335 = CARTESIAN_POINT('',(-0.1,-17.48,0.9));
#3336 = LINE('',#3337,#3338);
#3337 = CARTESIAN_POINT('',(-0.1,-17.48,6.055738799212));
#3338 = VECTOR('',#3339,1.);
#3339 = DIRECTION('',(0.,-0.,1.));
#3340 = ORIENTED_EDGE('',*,*,#3341,.T.);
#3341 = EDGE_CURVE('',#3334,#3342,#3344,.T.);
#3342 = VERTEX_POINT('',#3343);
#3343 = CARTESIAN_POINT('',(-0.3,-17.48,0.9));
#3344 = LINE('',#3345,#3346);
#3345 = CARTESIAN_POINT('',(0.3,-17.48,0.9));
#3346 = VECTOR('',#3347,1.);
#3347 = DIRECTION('',(-1.,1.110223024625E-16,0.));
#3348 = ORIENTED_EDGE('',*,*,#3349,.F.);
#3349 = EDGE_CURVE('',#1518,#3342,#3350,.T.);
#3350 = LINE('',#3351,#3352);
#3351 = CARTESIAN_POINT('',(-0.3,-17.48,8.2));
#3352 = VECTOR('',#3353,1.);
#3353 = DIRECTION('',(0.,-0.,-1.));
#3354 = PLANE('',#3355);
#3355 = AXIS2_PLACEMENT_3D('',#3356,#3357,#3358);
#3356 = CARTESIAN_POINT('',(0.3,-17.48,8.2));
#3357 = DIRECTION('',(1.110223024625E-16,1.,0.));
#3358 = DIRECTION('',(-1.,1.110223024625E-16,0.));
#3359 = ADVANCED_FACE('',(#3360),#3378,.F.);
#3360 = FACE_BOUND('',#3361,.F.);
#3361 = EDGE_LOOP('',(#3362,#3363,#3371,#3377));
#3362 = ORIENTED_EDGE('',*,*,#3349,.T.);
#3363 = ORIENTED_EDGE('',*,*,#3364,.T.);
#3364 = EDGE_CURVE('',#3342,#3365,#3367,.T.);
#3365 = VERTEX_POINT('',#3366);
#3366 = CARTESIAN_POINT('',(-0.3,-18.08,0.9));
#3367 = LINE('',#3368,#3369);
#3368 = CARTESIAN_POINT('',(-0.3,-17.48,0.9));
#3369 = VECTOR('',#3370,1.);
#3370 = DIRECTION('',(-1.110223024625E-16,-1.,0.));
#3371 = ORIENTED_EDGE('',*,*,#3372,.F.);
#3372 = EDGE_CURVE('',#1542,#3365,#3373,.T.);
#3373 = LINE('',#3374,#3375);
#3374 = CARTESIAN_POINT('',(-0.3,-18.08,8.2));
#3375 = VECTOR('',#3376,1.);
#3376 = DIRECTION('',(0.,-0.,-1.));
#3377 = ORIENTED_EDGE('',*,*,#1549,.F.);
#3378 = PLANE('',#3379);
#3379 = AXIS2_PLACEMENT_3D('',#3380,#3381,#3382);
#3380 = CARTESIAN_POINT('',(-0.3,-17.48,8.2));
#3381 = DIRECTION('',(-1.,1.110223024625E-16,0.));
#3382 = DIRECTION('',(-1.110223024625E-16,-1.,0.));
#3383 = ADVANCED_FACE('',(#3384),#3427,.F.);
#3384 = FACE_BOUND('',#3385,.F.);
#3385 = EDGE_LOOP('',(#3386,#3387,#3388,#3396,#3404,#3412,#3420,#3426));
#3386 = ORIENTED_EDGE('',*,*,#1566,.F.);
#3387 = ORIENTED_EDGE('',*,*,#3372,.T.);
#3388 = ORIENTED_EDGE('',*,*,#3389,.T.);
#3389 = EDGE_CURVE('',#3365,#3390,#3392,.T.);
#3390 = VERTEX_POINT('',#3391);
#3391 = CARTESIAN_POINT('',(-0.1,-18.08,0.9));
#3392 = LINE('',#3393,#3394);
#3393 = CARTESIAN_POINT('',(-0.3,-18.08,0.9));
#3394 = VECTOR('',#3395,1.);
#3395 = DIRECTION('',(1.,-1.110223024625E-16,0.));
#3396 = ORIENTED_EDGE('',*,*,#3397,.F.);
#3397 = EDGE_CURVE('',#3398,#3390,#3400,.T.);
#3398 = VERTEX_POINT('',#3399);
#3399 = CARTESIAN_POINT('',(-0.1,-18.08,7.4));
#3400 = LINE('',#3401,#3402);
#3401 = CARTESIAN_POINT('',(-0.1,-18.08,6.055738799212));
#3402 = VECTOR('',#3403,1.);
#3403 = DIRECTION('',(-0.,0.,-1.));
#3404 = ORIENTED_EDGE('',*,*,#3405,.T.);
#3405 = EDGE_CURVE('',#3398,#3406,#3408,.T.);
#3406 = VERTEX_POINT('',#3407);
#3407 = CARTESIAN_POINT('',(0.1,-18.08,7.4));
#3408 = LINE('',#3409,#3410);
#3409 = CARTESIAN_POINT('',(-0.1,-18.08,7.4));
#3410 = VECTOR('',#3411,1.);
#3411 = DIRECTION('',(1.,-1.110223024625E-16,0.));
#3412 = ORIENTED_EDGE('',*,*,#3413,.T.);
#3413 = EDGE_CURVE('',#3406,#3414,#3416,.T.);
#3414 = VERTEX_POINT('',#3415);
#3415 = CARTESIAN_POINT('',(0.1,-18.08,0.9));
#3416 = LINE('',#3417,#3418);
#3417 = CARTESIAN_POINT('',(0.1,-18.08,6.055738799212));
#3418 = VECTOR('',#3419,1.);
#3419 = DIRECTION('',(-0.,0.,-1.));
#3420 = ORIENTED_EDGE('',*,*,#3421,.T.);
#3421 = EDGE_CURVE('',#3414,#3277,#3422,.T.);
#3422 = LINE('',#3423,#3424);
#3423 = CARTESIAN_POINT('',(-0.3,-18.08,0.9));
#3424 = VECTOR('',#3425,1.);
#3425 = DIRECTION('',(1.,-1.110223024625E-16,0.));
#3426 = ORIENTED_EDGE('',*,*,#3276,.F.);
#3427 = PLANE('',#3428);
#3428 = AXIS2_PLACEMENT_3D('',#3429,#3430,#3431);
#3429 = CARTESIAN_POINT('',(-0.3,-18.08,8.2));
#3430 = DIRECTION('',(-1.110223024625E-16,-1.,0.));
#3431 = DIRECTION('',(1.,-1.110223024625E-16,0.));
#3432 = ADVANCED_FACE('',(#3433),#3458,.F.);
#3433 = FACE_BOUND('',#3434,.F.);
#3434 = EDGE_LOOP('',(#3435,#3443,#3451,#3457));
#3435 = ORIENTED_EDGE('',*,*,#3436,.T.);
#3436 = EDGE_CURVE('',#1581,#3437,#3439,.T.);
#3437 = VERTEX_POINT('',#3438);
#3438 = CARTESIAN_POINT('',(0.3,-15.54,0.9));
#3439 = LINE('',#3440,#3441);
#3440 = CARTESIAN_POINT('',(0.3,-15.54,8.2));
#3441 = VECTOR('',#3442,1.);
#3442 = DIRECTION('',(0.,-0.,-1.));
#3443 = ORIENTED_EDGE('',*,*,#3444,.T.);
#3444 = EDGE_CURVE('',#3437,#3445,#3447,.T.);
#3445 = VERTEX_POINT('',#3446);
#3446 = CARTESIAN_POINT('',(0.3,-14.94,0.9));
#3447 = LINE('',#3448,#3449);
#3448 = CARTESIAN_POINT('',(0.3,-15.54,0.9));
#3449 = VECTOR('',#3450,1.);
#3450 = DIRECTION('',(1.110223024625E-16,1.,0.));
#3451 = ORIENTED_EDGE('',*,*,#3452,.F.);
#3452 = EDGE_CURVE('',#1590,#3445,#3453,.T.);
#3453 = LINE('',#3454,#3455);
#3454 = CARTESIAN_POINT('',(0.3,-14.94,8.2));
#3455 = VECTOR('',#3456,1.);
#3456 = DIRECTION('',(0.,-0.,-1.));
#3457 = ORIENTED_EDGE('',*,*,#1597,.F.);
#3458 = PLANE('',#3459);
#3459 = AXIS2_PLACEMENT_3D('',#3460,#3461,#3462);
#3460 = CARTESIAN_POINT('',(0.3,-15.54,8.2));
#3461 = DIRECTION('',(1.,-1.110223024625E-16,0.));
#3462 = DIRECTION('',(1.110223024625E-16,1.,0.));
#3463 = ADVANCED_FACE('',(#3464),#3514,.F.);
#3464 = FACE_BOUND('',#3465,.F.);
#3465 = EDGE_LOOP('',(#3466,#3467,#3468,#3476,#3484,#3492,#3500,#3508));
#3466 = ORIENTED_EDGE('',*,*,#1621,.F.);
#3467 = ORIENTED_EDGE('',*,*,#3452,.T.);
#3468 = ORIENTED_EDGE('',*,*,#3469,.T.);
#3469 = EDGE_CURVE('',#3445,#3470,#3472,.T.);
#3470 = VERTEX_POINT('',#3471);
#3471 = CARTESIAN_POINT('',(0.1,-14.94,0.9));
#3472 = LINE('',#3473,#3474);
#3473 = CARTESIAN_POINT('',(0.3,-14.94,0.9));
#3474 = VECTOR('',#3475,1.);
#3475 = DIRECTION('',(-1.,1.110223024625E-16,0.));
#3476 = ORIENTED_EDGE('',*,*,#3477,.T.);
#3477 = EDGE_CURVE('',#3470,#3478,#3480,.T.);
#3478 = VERTEX_POINT('',#3479);
#3479 = CARTESIAN_POINT('',(0.1,-14.94,7.4));
#3480 = LINE('',#3481,#3482);
#3481 = CARTESIAN_POINT('',(0.1,-14.94,6.055738799212));
#3482 = VECTOR('',#3483,1.);
#3483 = DIRECTION('',(0.,-0.,1.));
#3484 = ORIENTED_EDGE('',*,*,#3485,.F.);
#3485 = EDGE_CURVE('',#3486,#3478,#3488,.T.);
#3486 = VERTEX_POINT('',#3487);
#3487 = CARTESIAN_POINT('',(-0.1,-14.94,7.4));
#3488 = LINE('',#3489,#3490);
#3489 = CARTESIAN_POINT('',(-0.1,-14.94,7.4));
#3490 = VECTOR('',#3491,1.);
#3491 = DIRECTION('',(1.,-1.110223024625E-16,0.));
#3492 = ORIENTED_EDGE('',*,*,#3493,.F.);
#3493 = EDGE_CURVE('',#3494,#3486,#3496,.T.);
#3494 = VERTEX_POINT('',#3495);
#3495 = CARTESIAN_POINT('',(-0.1,-14.94,0.9));
#3496 = LINE('',#3497,#3498);
#3497 = CARTESIAN_POINT('',(-0.1,-14.94,6.055738799212));
#3498 = VECTOR('',#3499,1.);
#3499 = DIRECTION('',(0.,-0.,1.));
#3500 = ORIENTED_EDGE('',*,*,#3501,.T.);
#3501 = EDGE_CURVE('',#3494,#3502,#3504,.T.);
#3502 = VERTEX_POINT('',#3503);
#3503 = CARTESIAN_POINT('',(-0.3,-14.94,0.9));
#3504 = LINE('',#3505,#3506);
#3505 = CARTESIAN_POINT('',(0.3,-14.94,0.9));
#3506 = VECTOR('',#3507,1.);
#3507 = DIRECTION('',(-1.,1.110223024625E-16,0.));
#3508 = ORIENTED_EDGE('',*,*,#3509,.F.);
#3509 = EDGE_CURVE('',#1614,#3502,#3510,.T.);
#3510 = LINE('',#3511,#3512);
#3511 = CARTESIAN_POINT('',(-0.3,-14.94,8.2));
#3512 = VECTOR('',#3513,1.);
#3513 = DIRECTION('',(0.,-0.,-1.));
#3514 = PLANE('',#3515);
#3515 = AXIS2_PLACEMENT_3D('',#3516,#3517,#3518);
#3516 = CARTESIAN_POINT('',(0.3,-14.94,8.2));
#3517 = DIRECTION('',(1.110223024625E-16,1.,0.));
#3518 = DIRECTION('',(-1.,1.110223024625E-16,0.));
#3519 = ADVANCED_FACE('',(#3520),#3538,.F.);
#3520 = FACE_BOUND('',#3521,.F.);
#3521 = EDGE_LOOP('',(#3522,#3523,#3531,#3537));
#3522 = ORIENTED_EDGE('',*,*,#3509,.T.);
#3523 = ORIENTED_EDGE('',*,*,#3524,.T.);
#3524 = EDGE_CURVE('',#3502,#3525,#3527,.T.);
#3525 = VERTEX_POINT('',#3526);
#3526 = CARTESIAN_POINT('',(-0.3,-15.54,0.9));
#3527 = LINE('',#3528,#3529);
#3528 = CARTESIAN_POINT('',(-0.3,-14.94,0.9));
#3529 = VECTOR('',#3530,1.);
#3530 = DIRECTION('',(-1.110223024625E-16,-1.,0.));
#3531 = ORIENTED_EDGE('',*,*,#3532,.F.);
#3532 = EDGE_CURVE('',#1638,#3525,#3533,.T.);
#3533 = LINE('',#3534,#3535);
#3534 = CARTESIAN_POINT('',(-0.3,-15.54,8.2));
#3535 = VECTOR('',#3536,1.);
#3536 = DIRECTION('',(0.,-0.,-1.));
#3537 = ORIENTED_EDGE('',*,*,#1645,.F.);
#3538 = PLANE('',#3539);
#3539 = AXIS2_PLACEMENT_3D('',#3540,#3541,#3542);
#3540 = CARTESIAN_POINT('',(-0.3,-14.94,8.2));
#3541 = DIRECTION('',(-1.,1.110223024625E-16,0.));
#3542 = DIRECTION('',(-1.110223024625E-16,-1.,0.));
#3543 = ADVANCED_FACE('',(#3544),#3587,.F.);
#3544 = FACE_BOUND('',#3545,.F.);
#3545 = EDGE_LOOP('',(#3546,#3547,#3548,#3556,#3564,#3572,#3580,#3586));
#3546 = ORIENTED_EDGE('',*,*,#1662,.F.);
#3547 = ORIENTED_EDGE('',*,*,#3532,.T.);
#3548 = ORIENTED_EDGE('',*,*,#3549,.T.);
#3549 = EDGE_CURVE('',#3525,#3550,#3552,.T.);
#3550 = VERTEX_POINT('',#3551);
#3551 = CARTESIAN_POINT('',(-0.1,-15.54,0.9));
#3552 = LINE('',#3553,#3554);
#3553 = CARTESIAN_POINT('',(-0.3,-15.54,0.9));
#3554 = VECTOR('',#3555,1.);
#3555 = DIRECTION('',(1.,-1.110223024625E-16,0.));
#3556 = ORIENTED_EDGE('',*,*,#3557,.F.);
#3557 = EDGE_CURVE('',#3558,#3550,#3560,.T.);
#3558 = VERTEX_POINT('',#3559);
#3559 = CARTESIAN_POINT('',(-0.1,-15.54,7.4));
#3560 = LINE('',#3561,#3562);
#3561 = CARTESIAN_POINT('',(-0.1,-15.54,6.055738799212));
#3562 = VECTOR('',#3563,1.);
#3563 = DIRECTION('',(-0.,0.,-1.));
#3564 = ORIENTED_EDGE('',*,*,#3565,.T.);
#3565 = EDGE_CURVE('',#3558,#3566,#3568,.T.);
#3566 = VERTEX_POINT('',#3567);
#3567 = CARTESIAN_POINT('',(0.1,-15.54,7.4));
#3568 = LINE('',#3569,#3570);
#3569 = CARTESIAN_POINT('',(-0.1,-15.54,7.4));
#3570 = VECTOR('',#3571,1.);
#3571 = DIRECTION('',(1.,-1.110223024625E-16,0.));
#3572 = ORIENTED_EDGE('',*,*,#3573,.T.);
#3573 = EDGE_CURVE('',#3566,#3574,#3576,.T.);
#3574 = VERTEX_POINT('',#3575);
#3575 = CARTESIAN_POINT('',(0.1,-15.54,0.9));
#3576 = LINE('',#3577,#3578);
#3577 = CARTESIAN_POINT('',(0.1,-15.54,6.055738799212));
#3578 = VECTOR('',#3579,1.);
#3579 = DIRECTION('',(-0.,0.,-1.));
#3580 = ORIENTED_EDGE('',*,*,#3581,.T.);
#3581 = EDGE_CURVE('',#3574,#3437,#3582,.T.);
#3582 = LINE('',#3583,#3584);
#3583 = CARTESIAN_POINT('',(-0.3,-15.54,0.9));
#3584 = VECTOR('',#3585,1.);
#3585 = DIRECTION('',(1.,-1.110223024625E-16,0.));
#3586 = ORIENTED_EDGE('',*,*,#3436,.F.);
#3587 = PLANE('',#3588);
#3588 = AXIS2_PLACEMENT_3D('',#3589,#3590,#3591);
#3589 = CARTESIAN_POINT('',(-0.3,-15.54,8.2));
#3590 = DIRECTION('',(-1.110223024625E-16,-1.,0.));
#3591 = DIRECTION('',(1.,-1.110223024625E-16,0.));
#3592 = ADVANCED_FACE('',(#3593),#3618,.F.);
#3593 = FACE_BOUND('',#3594,.F.);
#3594 = EDGE_LOOP('',(#3595,#3603,#3611,#3617));
#3595 = ORIENTED_EDGE('',*,*,#3596,.T.);
#3596 = EDGE_CURVE('',#1677,#3597,#3599,.T.);
#3597 = VERTEX_POINT('',#3598);
#3598 = CARTESIAN_POINT('',(0.3,-13.,0.9));
#3599 = LINE('',#3600,#3601);
#3600 = CARTESIAN_POINT('',(0.3,-13.,8.2));
#3601 = VECTOR('',#3602,1.);
#3602 = DIRECTION('',(0.,-0.,-1.));
#3603 = ORIENTED_EDGE('',*,*,#3604,.T.);
#3604 = EDGE_CURVE('',#3597,#3605,#3607,.T.);
#3605 = VERTEX_POINT('',#3606);
#3606 = CARTESIAN_POINT('',(0.3,-12.4,0.9));
#3607 = LINE('',#3608,#3609);
#3608 = CARTESIAN_POINT('',(0.3,-13.,0.9));
#3609 = VECTOR('',#3610,1.);
#3610 = DIRECTION('',(1.110223024625E-16,1.,0.));
#3611 = ORIENTED_EDGE('',*,*,#3612,.F.);
#3612 = EDGE_CURVE('',#1686,#3605,#3613,.T.);
#3613 = LINE('',#3614,#3615);
#3614 = CARTESIAN_POINT('',(0.3,-12.4,8.2));
#3615 = VECTOR('',#3616,1.);
#3616 = DIRECTION('',(0.,-0.,-1.));
#3617 = ORIENTED_EDGE('',*,*,#1693,.F.);
#3618 = PLANE('',#3619);
#3619 = AXIS2_PLACEMENT_3D('',#3620,#3621,#3622);
#3620 = CARTESIAN_POINT('',(0.3,-13.,8.2));
#3621 = DIRECTION('',(1.,-1.110223024625E-16,0.));
#3622 = DIRECTION('',(1.110223024625E-16,1.,0.));
#3623 = ADVANCED_FACE('',(#3624),#3674,.F.);
#3624 = FACE_BOUND('',#3625,.F.);
#3625 = EDGE_LOOP('',(#3626,#3627,#3628,#3636,#3644,#3652,#3660,#3668));
#3626 = ORIENTED_EDGE('',*,*,#1717,.F.);
#3627 = ORIENTED_EDGE('',*,*,#3612,.T.);
#3628 = ORIENTED_EDGE('',*,*,#3629,.T.);
#3629 = EDGE_CURVE('',#3605,#3630,#3632,.T.);
#3630 = VERTEX_POINT('',#3631);
#3631 = CARTESIAN_POINT('',(0.1,-12.4,0.9));
#3632 = LINE('',#3633,#3634);
#3633 = CARTESIAN_POINT('',(0.3,-12.4,0.9));
#3634 = VECTOR('',#3635,1.);
#3635 = DIRECTION('',(-1.,1.110223024625E-16,0.));
#3636 = ORIENTED_EDGE('',*,*,#3637,.T.);
#3637 = EDGE_CURVE('',#3630,#3638,#3640,.T.);
#3638 = VERTEX_POINT('',#3639);
#3639 = CARTESIAN_POINT('',(0.1,-12.4,7.4));
#3640 = LINE('',#3641,#3642);
#3641 = CARTESIAN_POINT('',(0.1,-12.4,6.055738799212));
#3642 = VECTOR('',#3643,1.);
#3643 = DIRECTION('',(0.,-0.,1.));
#3644 = ORIENTED_EDGE('',*,*,#3645,.F.);
#3645 = EDGE_CURVE('',#3646,#3638,#3648,.T.);
#3646 = VERTEX_POINT('',#3647);
#3647 = CARTESIAN_POINT('',(-0.1,-12.4,7.4));
#3648 = LINE('',#3649,#3650);
#3649 = CARTESIAN_POINT('',(-0.1,-12.4,7.4));
#3650 = VECTOR('',#3651,1.);
#3651 = DIRECTION('',(1.,-1.110223024625E-16,0.));
#3652 = ORIENTED_EDGE('',*,*,#3653,.F.);
#3653 = EDGE_CURVE('',#3654,#3646,#3656,.T.);
#3654 = VERTEX_POINT('',#3655);
#3655 = CARTESIAN_POINT('',(-0.1,-12.4,0.9));
#3656 = LINE('',#3657,#3658);
#3657 = CARTESIAN_POINT('',(-0.1,-12.4,6.055738799212));
#3658 = VECTOR('',#3659,1.);
#3659 = DIRECTION('',(0.,-0.,1.));
#3660 = ORIENTED_EDGE('',*,*,#3661,.T.);
#3661 = EDGE_CURVE('',#3654,#3662,#3664,.T.);
#3662 = VERTEX_POINT('',#3663);
#3663 = CARTESIAN_POINT('',(-0.3,-12.4,0.9));
#3664 = LINE('',#3665,#3666);
#3665 = CARTESIAN_POINT('',(0.3,-12.4,0.9));
#3666 = VECTOR('',#3667,1.);
#3667 = DIRECTION('',(-1.,1.110223024625E-16,0.));
#3668 = ORIENTED_EDGE('',*,*,#3669,.F.);
#3669 = EDGE_CURVE('',#1710,#3662,#3670,.T.);
#3670 = LINE('',#3671,#3672);
#3671 = CARTESIAN_POINT('',(-0.3,-12.4,8.2));
#3672 = VECTOR('',#3673,1.);
#3673 = DIRECTION('',(0.,-0.,-1.));
#3674 = PLANE('',#3675);
#3675 = AXIS2_PLACEMENT_3D('',#3676,#3677,#3678);
#3676 = CARTESIAN_POINT('',(0.3,-12.4,8.2));
#3677 = DIRECTION('',(1.110223024625E-16,1.,0.));
#3678 = DIRECTION('',(-1.,1.110223024625E-16,0.));
#3679 = ADVANCED_FACE('',(#3680),#3698,.F.);
#3680 = FACE_BOUND('',#3681,.F.);
#3681 = EDGE_LOOP('',(#3682,#3683,#3691,#3697));
#3682 = ORIENTED_EDGE('',*,*,#3669,.T.);
#3683 = ORIENTED_EDGE('',*,*,#3684,.T.);
#3684 = EDGE_CURVE('',#3662,#3685,#3687,.T.);
#3685 = VERTEX_POINT('',#3686);
#3686 = CARTESIAN_POINT('',(-0.3,-13.,0.9));
#3687 = LINE('',#3688,#3689);
#3688 = CARTESIAN_POINT('',(-0.3,-12.4,0.9));
#3689 = VECTOR('',#3690,1.);
#3690 = DIRECTION('',(-1.110223024625E-16,-1.,0.));
#3691 = ORIENTED_EDGE('',*,*,#3692,.F.);
#3692 = EDGE_CURVE('',#1734,#3685,#3693,.T.);
#3693 = LINE('',#3694,#3695);
#3694 = CARTESIAN_POINT('',(-0.3,-13.,8.2));
#3695 = VECTOR('',#3696,1.);
#3696 = DIRECTION('',(0.,-0.,-1.));
#3697 = ORIENTED_EDGE('',*,*,#1741,.F.);
#3698 = PLANE('',#3699);
#3699 = AXIS2_PLACEMENT_3D('',#3700,#3701,#3702);
#3700 = CARTESIAN_POINT('',(-0.3,-12.4,8.2));
#3701 = DIRECTION('',(-1.,1.110223024625E-16,0.));
#3702 = DIRECTION('',(-1.110223024625E-16,-1.,0.));
#3703 = ADVANCED_FACE('',(#3704),#3747,.F.);
#3704 = FACE_BOUND('',#3705,.F.);
#3705 = EDGE_LOOP('',(#3706,#3707,#3708,#3716,#3724,#3732,#3740,#3746));
#3706 = ORIENTED_EDGE('',*,*,#1758,.F.);
#3707 = ORIENTED_EDGE('',*,*,#3692,.T.);
#3708 = ORIENTED_EDGE('',*,*,#3709,.T.);
#3709 = EDGE_CURVE('',#3685,#3710,#3712,.T.);
#3710 = VERTEX_POINT('',#3711);
#3711 = CARTESIAN_POINT('',(-0.1,-13.,0.9));
#3712 = LINE('',#3713,#3714);
#3713 = CARTESIAN_POINT('',(-0.3,-13.,0.9));
#3714 = VECTOR('',#3715,1.);
#3715 = DIRECTION('',(1.,-1.110223024625E-16,0.));
#3716 = ORIENTED_EDGE('',*,*,#3717,.F.);
#3717 = EDGE_CURVE('',#3718,#3710,#3720,.T.);
#3718 = VERTEX_POINT('',#3719);
#3719 = CARTESIAN_POINT('',(-0.1,-13.,7.4));
#3720 = LINE('',#3721,#3722);
#3721 = CARTESIAN_POINT('',(-0.1,-13.,6.055738799212));
#3722 = VECTOR('',#3723,1.);
#3723 = DIRECTION('',(-0.,0.,-1.));
#3724 = ORIENTED_EDGE('',*,*,#3725,.T.);
#3725 = EDGE_CURVE('',#3718,#3726,#3728,.T.);
#3726 = VERTEX_POINT('',#3727);
#3727 = CARTESIAN_POINT('',(0.1,-13.,7.4));
#3728 = LINE('',#3729,#3730);
#3729 = CARTESIAN_POINT('',(-0.1,-13.,7.4));
#3730 = VECTOR('',#3731,1.);
#3731 = DIRECTION('',(1.,-1.110223024625E-16,0.));
#3732 = ORIENTED_EDGE('',*,*,#3733,.T.);
#3733 = EDGE_CURVE('',#3726,#3734,#3736,.T.);
#3734 = VERTEX_POINT('',#3735);
#3735 = CARTESIAN_POINT('',(0.1,-13.,0.9));
#3736 = LINE('',#3737,#3738);
#3737 = CARTESIAN_POINT('',(0.1,-13.,6.055738799212));
#3738 = VECTOR('',#3739,1.);
#3739 = DIRECTION('',(-0.,0.,-1.));
#3740 = ORIENTED_EDGE('',*,*,#3741,.T.);
#3741 = EDGE_CURVE('',#3734,#3597,#3742,.T.);
#3742 = LINE('',#3743,#3744);
#3743 = CARTESIAN_POINT('',(-0.3,-13.,0.9));
#3744 = VECTOR('',#3745,1.);
#3745 = DIRECTION('',(1.,-1.110223024625E-16,0.));
#3746 = ORIENTED_EDGE('',*,*,#3596,.F.);
#3747 = PLANE('',#3748);
#3748 = AXIS2_PLACEMENT_3D('',#3749,#3750,#3751);
#3749 = CARTESIAN_POINT('',(-0.3,-13.,8.2));
#3750 = DIRECTION('',(-1.110223024625E-16,-1.,0.));
#3751 = DIRECTION('',(1.,-1.110223024625E-16,0.));
#3752 = ADVANCED_FACE('',(#3753),#3778,.F.);
#3753 = FACE_BOUND('',#3754,.F.);
#3754 = EDGE_LOOP('',(#3755,#3763,#3771,#3777));
#3755 = ORIENTED_EDGE('',*,*,#3756,.T.);
#3756 = EDGE_CURVE('',#1773,#3757,#3759,.T.);
#3757 = VERTEX_POINT('',#3758);
#3758 = CARTESIAN_POINT('',(0.3,-10.46,0.9));
#3759 = LINE('',#3760,#3761);
#3760 = CARTESIAN_POINT('',(0.3,-10.46,8.2));
#3761 = VECTOR('',#3762,1.);
#3762 = DIRECTION('',(0.,-0.,-1.));
#3763 = ORIENTED_EDGE('',*,*,#3764,.T.);
#3764 = EDGE_CURVE('',#3757,#3765,#3767,.T.);
#3765 = VERTEX_POINT('',#3766);
#3766 = CARTESIAN_POINT('',(0.3,-9.86,0.9));
#3767 = LINE('',#3768,#3769);
#3768 = CARTESIAN_POINT('',(0.3,-10.46,0.9));
#3769 = VECTOR('',#3770,1.);
#3770 = DIRECTION('',(1.110223024625E-16,1.,0.));
#3771 = ORIENTED_EDGE('',*,*,#3772,.F.);
#3772 = EDGE_CURVE('',#1782,#3765,#3773,.T.);
#3773 = LINE('',#3774,#3775);
#3774 = CARTESIAN_POINT('',(0.3,-9.86,8.2));
#3775 = VECTOR('',#3776,1.);
#3776 = DIRECTION('',(0.,-0.,-1.));
#3777 = ORIENTED_EDGE('',*,*,#1789,.F.);
#3778 = PLANE('',#3779);
#3779 = AXIS2_PLACEMENT_3D('',#3780,#3781,#3782);
#3780 = CARTESIAN_POINT('',(0.3,-10.46,8.2));
#3781 = DIRECTION('',(1.,-1.110223024625E-16,0.));
#3782 = DIRECTION('',(1.110223024625E-16,1.,0.));
#3783 = ADVANCED_FACE('',(#3784),#3834,.F.);
#3784 = FACE_BOUND('',#3785,.F.);
#3785 = EDGE_LOOP('',(#3786,#3787,#3788,#3796,#3804,#3812,#3820,#3828));
#3786 = ORIENTED_EDGE('',*,*,#1813,.F.);
#3787 = ORIENTED_EDGE('',*,*,#3772,.T.);
#3788 = ORIENTED_EDGE('',*,*,#3789,.T.);
#3789 = EDGE_CURVE('',#3765,#3790,#3792,.T.);
#3790 = VERTEX_POINT('',#3791);
#3791 = CARTESIAN_POINT('',(0.1,-9.86,0.9));
#3792 = LINE('',#3793,#3794);
#3793 = CARTESIAN_POINT('',(0.3,-9.86,0.9));
#3794 = VECTOR('',#3795,1.);
#3795 = DIRECTION('',(-1.,1.110223024625E-16,0.));
#3796 = ORIENTED_EDGE('',*,*,#3797,.T.);
#3797 = EDGE_CURVE('',#3790,#3798,#3800,.T.);
#3798 = VERTEX_POINT('',#3799);
#3799 = CARTESIAN_POINT('',(0.1,-9.86,7.4));
#3800 = LINE('',#3801,#3802);
#3801 = CARTESIAN_POINT('',(0.1,-9.86,6.055738799212));
#3802 = VECTOR('',#3803,1.);
#3803 = DIRECTION('',(0.,-0.,1.));
#3804 = ORIENTED_EDGE('',*,*,#3805,.F.);
#3805 = EDGE_CURVE('',#3806,#3798,#3808,.T.);
#3806 = VERTEX_POINT('',#3807);
#3807 = CARTESIAN_POINT('',(-0.1,-9.86,7.4));
#3808 = LINE('',#3809,#3810);
#3809 = CARTESIAN_POINT('',(-0.1,-9.86,7.4));
#3810 = VECTOR('',#3811,1.);
#3811 = DIRECTION('',(1.,-1.110223024625E-16,0.));
#3812 = ORIENTED_EDGE('',*,*,#3813,.F.);
#3813 = EDGE_CURVE('',#3814,#3806,#3816,.T.);
#3814 = VERTEX_POINT('',#3815);
#3815 = CARTESIAN_POINT('',(-0.1,-9.86,0.9));
#3816 = LINE('',#3817,#3818);
#3817 = CARTESIAN_POINT('',(-0.1,-9.86,6.055738799212));
#3818 = VECTOR('',#3819,1.);
#3819 = DIRECTION('',(0.,-0.,1.));
#3820 = ORIENTED_EDGE('',*,*,#3821,.T.);
#3821 = EDGE_CURVE('',#3814,#3822,#3824,.T.);
#3822 = VERTEX_POINT('',#3823);
#3823 = CARTESIAN_POINT('',(-0.3,-9.86,0.9));
#3824 = LINE('',#3825,#3826);
#3825 = CARTESIAN_POINT('',(0.3,-9.86,0.9));
#3826 = VECTOR('',#3827,1.);
#3827 = DIRECTION('',(-1.,1.110223024625E-16,0.));
#3828 = ORIENTED_EDGE('',*,*,#3829,.F.);
#3829 = EDGE_CURVE('',#1806,#3822,#3830,.T.);
#3830 = LINE('',#3831,#3832);
#3831 = CARTESIAN_POINT('',(-0.3,-9.86,8.2));
#3832 = VECTOR('',#3833,1.);
#3833 = DIRECTION('',(0.,-0.,-1.));
#3834 = PLANE('',#3835);
#3835 = AXIS2_PLACEMENT_3D('',#3836,#3837,#3838);
#3836 = CARTESIAN_POINT('',(0.3,-9.86,8.2));
#3837 = DIRECTION('',(1.110223024625E-16,1.,0.));
#3838 = DIRECTION('',(-1.,1.110223024625E-16,0.));
#3839 = ADVANCED_FACE('',(#3840),#3858,.F.);
#3840 = FACE_BOUND('',#3841,.F.);
#3841 = EDGE_LOOP('',(#3842,#3843,#3851,#3857));
#3842 = ORIENTED_EDGE('',*,*,#3829,.T.);
#3843 = ORIENTED_EDGE('',*,*,#3844,.T.);
#3844 = EDGE_CURVE('',#3822,#3845,#3847,.T.);
#3845 = VERTEX_POINT('',#3846);
#3846 = CARTESIAN_POINT('',(-0.3,-10.46,0.9));
#3847 = LINE('',#3848,#3849);
#3848 = CARTESIAN_POINT('',(-0.3,-9.86,0.9));
#3849 = VECTOR('',#3850,1.);
#3850 = DIRECTION('',(-1.110223024625E-16,-1.,0.));
#3851 = ORIENTED_EDGE('',*,*,#3852,.F.);
#3852 = EDGE_CURVE('',#1830,#3845,#3853,.T.);
#3853 = LINE('',#3854,#3855);
#3854 = CARTESIAN_POINT('',(-0.3,-10.46,8.2));
#3855 = VECTOR('',#3856,1.);
#3856 = DIRECTION('',(0.,-0.,-1.));
#3857 = ORIENTED_EDGE('',*,*,#1837,.F.);
#3858 = PLANE('',#3859);
#3859 = AXIS2_PLACEMENT_3D('',#3860,#3861,#3862);
#3860 = CARTESIAN_POINT('',(-0.3,-9.86,8.2));
#3861 = DIRECTION('',(-1.,1.110223024625E-16,0.));
#3862 = DIRECTION('',(-1.110223024625E-16,-1.,0.));
#3863 = ADVANCED_FACE('',(#3864),#3907,.F.);
#3864 = FACE_BOUND('',#3865,.F.);
#3865 = EDGE_LOOP('',(#3866,#3867,#3868,#3876,#3884,#3892,#3900,#3906));
#3866 = ORIENTED_EDGE('',*,*,#1854,.F.);
#3867 = ORIENTED_EDGE('',*,*,#3852,.T.);
#3868 = ORIENTED_EDGE('',*,*,#3869,.T.);
#3869 = EDGE_CURVE('',#3845,#3870,#3872,.T.);
#3870 = VERTEX_POINT('',#3871);
#3871 = CARTESIAN_POINT('',(-0.1,-10.46,0.9));
#3872 = LINE('',#3873,#3874);
#3873 = CARTESIAN_POINT('',(-0.3,-10.46,0.9));
#3874 = VECTOR('',#3875,1.);
#3875 = DIRECTION('',(1.,-1.110223024625E-16,0.));
#3876 = ORIENTED_EDGE('',*,*,#3877,.F.);
#3877 = EDGE_CURVE('',#3878,#3870,#3880,.T.);
#3878 = VERTEX_POINT('',#3879);
#3879 = CARTESIAN_POINT('',(-0.1,-10.46,7.4));
#3880 = LINE('',#3881,#3882);
#3881 = CARTESIAN_POINT('',(-0.1,-10.46,6.055738799212));
#3882 = VECTOR('',#3883,1.);
#3883 = DIRECTION('',(-0.,0.,-1.));
#3884 = ORIENTED_EDGE('',*,*,#3885,.T.);
#3885 = EDGE_CURVE('',#3878,#3886,#3888,.T.);
#3886 = VERTEX_POINT('',#3887);
#3887 = CARTESIAN_POINT('',(0.1,-10.46,7.4));
#3888 = LINE('',#3889,#3890);
#3889 = CARTESIAN_POINT('',(-0.1,-10.46,7.4));
#3890 = VECTOR('',#3891,1.);
#3891 = DIRECTION('',(1.,-1.110223024625E-16,0.));
#3892 = ORIENTED_EDGE('',*,*,#3893,.T.);
#3893 = EDGE_CURVE('',#3886,#3894,#3896,.T.);
#3894 = VERTEX_POINT('',#3895);
#3895 = CARTESIAN_POINT('',(0.1,-10.46,0.9));
#3896 = LINE('',#3897,#3898);
#3897 = CARTESIAN_POINT('',(0.1,-10.46,6.055738799212));
#3898 = VECTOR('',#3899,1.);
#3899 = DIRECTION('',(-0.,0.,-1.));
#3900 = ORIENTED_EDGE('',*,*,#3901,.T.);
#3901 = EDGE_CURVE('',#3894,#3757,#3902,.T.);
#3902 = LINE('',#3903,#3904);
#3903 = CARTESIAN_POINT('',(-0.3,-10.46,0.9));
#3904 = VECTOR('',#3905,1.);
#3905 = DIRECTION('',(1.,-1.110223024625E-16,0.));
#3906 = ORIENTED_EDGE('',*,*,#3756,.F.);
#3907 = PLANE('',#3908);
#3908 = AXIS2_PLACEMENT_3D('',#3909,#3910,#3911);
#3909 = CARTESIAN_POINT('',(-0.3,-10.46,8.2));
#3910 = DIRECTION('',(-1.110223024625E-16,-1.,0.));
#3911 = DIRECTION('',(1.,-1.110223024625E-16,0.));
#3912 = ADVANCED_FACE('',(#3913),#3938,.F.);
#3913 = FACE_BOUND('',#3914,.F.);
#3914 = EDGE_LOOP('',(#3915,#3923,#3931,#3937));
#3915 = ORIENTED_EDGE('',*,*,#3916,.T.);
#3916 = EDGE_CURVE('',#1869,#3917,#3919,.T.);
#3917 = VERTEX_POINT('',#3918);
#3918 = CARTESIAN_POINT('',(0.3,-7.92,0.9));
#3919 = LINE('',#3920,#3921);
#3920 = CARTESIAN_POINT('',(0.3,-7.92,8.2));
#3921 = VECTOR('',#3922,1.);
#3922 = DIRECTION('',(0.,-0.,-1.));
#3923 = ORIENTED_EDGE('',*,*,#3924,.T.);
#3924 = EDGE_CURVE('',#3917,#3925,#3927,.T.);
#3925 = VERTEX_POINT('',#3926);
#3926 = CARTESIAN_POINT('',(0.3,-7.32,0.9));
#3927 = LINE('',#3928,#3929);
#3928 = CARTESIAN_POINT('',(0.3,-7.92,0.9));
#3929 = VECTOR('',#3930,1.);
#3930 = DIRECTION('',(1.110223024625E-16,1.,0.));
#3931 = ORIENTED_EDGE('',*,*,#3932,.F.);
#3932 = EDGE_CURVE('',#1878,#3925,#3933,.T.);
#3933 = LINE('',#3934,#3935);
#3934 = CARTESIAN_POINT('',(0.3,-7.32,8.2));
#3935 = VECTOR('',#3936,1.);
#3936 = DIRECTION('',(0.,-0.,-1.));
#3937 = ORIENTED_EDGE('',*,*,#1885,.F.);
#3938 = PLANE('',#3939);
#3939 = AXIS2_PLACEMENT_3D('',#3940,#3941,#3942);
#3940 = CARTESIAN_POINT('',(0.3,-7.92,8.2));
#3941 = DIRECTION('',(1.,-1.110223024625E-16,0.));
#3942 = DIRECTION('',(1.110223024625E-16,1.,0.));
#3943 = ADVANCED_FACE('',(#3944),#3994,.F.);
#3944 = FACE_BOUND('',#3945,.F.);
#3945 = EDGE_LOOP('',(#3946,#3947,#3948,#3956,#3964,#3972,#3980,#3988));
#3946 = ORIENTED_EDGE('',*,*,#1909,.F.);
#3947 = ORIENTED_EDGE('',*,*,#3932,.T.);
#3948 = ORIENTED_EDGE('',*,*,#3949,.T.);
#3949 = EDGE_CURVE('',#3925,#3950,#3952,.T.);
#3950 = VERTEX_POINT('',#3951);
#3951 = CARTESIAN_POINT('',(0.1,-7.32,0.9));
#3952 = LINE('',#3953,#3954);
#3953 = CARTESIAN_POINT('',(0.3,-7.32,0.9));
#3954 = VECTOR('',#3955,1.);
#3955 = DIRECTION('',(-1.,1.110223024625E-16,0.));
#3956 = ORIENTED_EDGE('',*,*,#3957,.T.);
#3957 = EDGE_CURVE('',#3950,#3958,#3960,.T.);
#3958 = VERTEX_POINT('',#3959);
#3959 = CARTESIAN_POINT('',(0.1,-7.32,7.4));
#3960 = LINE('',#3961,#3962);
#3961 = CARTESIAN_POINT('',(0.1,-7.32,6.055738799212));
#3962 = VECTOR('',#3963,1.);
#3963 = DIRECTION('',(0.,-0.,1.));
#3964 = ORIENTED_EDGE('',*,*,#3965,.F.);
#3965 = EDGE_CURVE('',#3966,#3958,#3968,.T.);
#3966 = VERTEX_POINT('',#3967);
#3967 = CARTESIAN_POINT('',(-0.1,-7.32,7.4));
#3968 = LINE('',#3969,#3970);
#3969 = CARTESIAN_POINT('',(-0.1,-7.32,7.4));
#3970 = VECTOR('',#3971,1.);
#3971 = DIRECTION('',(1.,-1.110223024625E-16,0.));
#3972 = ORIENTED_EDGE('',*,*,#3973,.F.);
#3973 = EDGE_CURVE('',#3974,#3966,#3976,.T.);
#3974 = VERTEX_POINT('',#3975);
#3975 = CARTESIAN_POINT('',(-0.1,-7.32,0.9));
#3976 = LINE('',#3977,#3978);
#3977 = CARTESIAN_POINT('',(-0.1,-7.32,6.055738799212));
#3978 = VECTOR('',#3979,1.);
#3979 = DIRECTION('',(0.,-0.,1.));
#3980 = ORIENTED_EDGE('',*,*,#3981,.T.);
#3981 = EDGE_CURVE('',#3974,#3982,#3984,.T.);
#3982 = VERTEX_POINT('',#3983);
#3983 = CARTESIAN_POINT('',(-0.3,-7.32,0.9));
#3984 = LINE('',#3985,#3986);
#3985 = CARTESIAN_POINT('',(0.3,-7.32,0.9));
#3986 = VECTOR('',#3987,1.);
#3987 = DIRECTION('',(-1.,1.110223024625E-16,0.));
#3988 = ORIENTED_EDGE('',*,*,#3989,.F.);
#3989 = EDGE_CURVE('',#1902,#3982,#3990,.T.);
#3990 = LINE('',#3991,#3992);
#3991 = CARTESIAN_POINT('',(-0.3,-7.32,8.2));
#3992 = VECTOR('',#3993,1.);
#3993 = DIRECTION('',(0.,-0.,-1.));
#3994 = PLANE('',#3995);
#3995 = AXIS2_PLACEMENT_3D('',#3996,#3997,#3998);
#3996 = CARTESIAN_POINT('',(0.3,-7.32,8.2));
#3997 = DIRECTION('',(1.110223024625E-16,1.,0.));
#3998 = DIRECTION('',(-1.,1.110223024625E-16,0.));
#3999 = ADVANCED_FACE('',(#4000),#4018,.F.);
#4000 = FACE_BOUND('',#4001,.F.);
#4001 = EDGE_LOOP('',(#4002,#4003,#4011,#4017));
#4002 = ORIENTED_EDGE('',*,*,#3989,.T.);
#4003 = ORIENTED_EDGE('',*,*,#4004,.T.);
#4004 = EDGE_CURVE('',#3982,#4005,#4007,.T.);
#4005 = VERTEX_POINT('',#4006);
#4006 = CARTESIAN_POINT('',(-0.3,-7.92,0.9));
#4007 = LINE('',#4008,#4009);
#4008 = CARTESIAN_POINT('',(-0.3,-7.32,0.9));
#4009 = VECTOR('',#4010,1.);
#4010 = DIRECTION('',(-1.110223024625E-16,-1.,0.));
#4011 = ORIENTED_EDGE('',*,*,#4012,.F.);
#4012 = EDGE_CURVE('',#1926,#4005,#4013,.T.);
#4013 = LINE('',#4014,#4015);
#4014 = CARTESIAN_POINT('',(-0.3,-7.92,8.2));
#4015 = VECTOR('',#4016,1.);
#4016 = DIRECTION('',(0.,-0.,-1.));
#4017 = ORIENTED_EDGE('',*,*,#1933,.F.);
#4018 = PLANE('',#4019);
#4019 = AXIS2_PLACEMENT_3D('',#4020,#4021,#4022);
#4020 = CARTESIAN_POINT('',(-0.3,-7.32,8.2));
#4021 = DIRECTION('',(-1.,1.110223024625E-16,0.));
#4022 = DIRECTION('',(-1.110223024625E-16,-1.,0.));
#4023 = ADVANCED_FACE('',(#4024),#4067,.F.);
#4024 = FACE_BOUND('',#4025,.F.);
#4025 = EDGE_LOOP('',(#4026,#4027,#4028,#4036,#4044,#4052,#4060,#4066));
#4026 = ORIENTED_EDGE('',*,*,#1950,.F.);
#4027 = ORIENTED_EDGE('',*,*,#4012,.T.);
#4028 = ORIENTED_EDGE('',*,*,#4029,.T.);
#4029 = EDGE_CURVE('',#4005,#4030,#4032,.T.);
#4030 = VERTEX_POINT('',#4031);
#4031 = CARTESIAN_POINT('',(-0.1,-7.92,0.9));
#4032 = LINE('',#4033,#4034);
#4033 = CARTESIAN_POINT('',(-0.3,-7.92,0.9));
#4034 = VECTOR('',#4035,1.);
#4035 = DIRECTION('',(1.,-1.110223024625E-16,0.));
#4036 = ORIENTED_EDGE('',*,*,#4037,.F.);
#4037 = EDGE_CURVE('',#4038,#4030,#4040,.T.);
#4038 = VERTEX_POINT('',#4039);
#4039 = CARTESIAN_POINT('',(-0.1,-7.92,7.4));
#4040 = LINE('',#4041,#4042);
#4041 = CARTESIAN_POINT('',(-0.1,-7.92,6.055738799212));
#4042 = VECTOR('',#4043,1.);
#4043 = DIRECTION('',(-0.,0.,-1.));
#4044 = ORIENTED_EDGE('',*,*,#4045,.T.);
#4045 = EDGE_CURVE('',#4038,#4046,#4048,.T.);
#4046 = VERTEX_POINT('',#4047);
#4047 = CARTESIAN_POINT('',(0.1,-7.92,7.4));
#4048 = LINE('',#4049,#4050);
#4049 = CARTESIAN_POINT('',(-0.1,-7.92,7.4));
#4050 = VECTOR('',#4051,1.);
#4051 = DIRECTION('',(1.,-1.110223024625E-16,0.));
#4052 = ORIENTED_EDGE('',*,*,#4053,.T.);
#4053 = EDGE_CURVE('',#4046,#4054,#4056,.T.);
#4054 = VERTEX_POINT('',#4055);
#4055 = CARTESIAN_POINT('',(0.1,-7.92,0.9));
#4056 = LINE('',#4057,#4058);
#4057 = CARTESIAN_POINT('',(0.1,-7.92,6.055738799212));
#4058 = VECTOR('',#4059,1.);
#4059 = DIRECTION('',(-0.,0.,-1.));
#4060 = ORIENTED_EDGE('',*,*,#4061,.T.);
#4061 = EDGE_CURVE('',#4054,#3917,#4062,.T.);
#4062 = LINE('',#4063,#4064);
#4063 = CARTESIAN_POINT('',(-0.3,-7.92,0.9));
#4064 = VECTOR('',#4065,1.);
#4065 = DIRECTION('',(1.,-1.110223024625E-16,0.));
#4066 = ORIENTED_EDGE('',*,*,#3916,.F.);
#4067 = PLANE('',#4068);
#4068 = AXIS2_PLACEMENT_3D('',#4069,#4070,#4071);
#4069 = CARTESIAN_POINT('',(-0.3,-7.92,8.2));
#4070 = DIRECTION('',(-1.110223024625E-16,-1.,0.));
#4071 = DIRECTION('',(1.,-1.110223024625E-16,0.));
#4072 = ADVANCED_FACE('',(#4073),#4098,.F.);
#4073 = FACE_BOUND('',#4074,.F.);
#4074 = EDGE_LOOP('',(#4075,#4083,#4091,#4097));
#4075 = ORIENTED_EDGE('',*,*,#4076,.T.);
#4076 = EDGE_CURVE('',#1965,#4077,#4079,.T.);
#4077 = VERTEX_POINT('',#4078);
#4078 = CARTESIAN_POINT('',(0.3,-5.38,0.9));
#4079 = LINE('',#4080,#4081);
#4080 = CARTESIAN_POINT('',(0.3,-5.38,8.2));
#4081 = VECTOR('',#4082,1.);
#4082 = DIRECTION('',(0.,-0.,-1.));
#4083 = ORIENTED_EDGE('',*,*,#4084,.T.);
#4084 = EDGE_CURVE('',#4077,#4085,#4087,.T.);
#4085 = VERTEX_POINT('',#4086);
#4086 = CARTESIAN_POINT('',(0.3,-4.78,0.9));
#4087 = LINE('',#4088,#4089);
#4088 = CARTESIAN_POINT('',(0.3,-5.38,0.9));
#4089 = VECTOR('',#4090,1.);
#4090 = DIRECTION('',(1.110223024625E-16,1.,0.));
#4091 = ORIENTED_EDGE('',*,*,#4092,.F.);
#4092 = EDGE_CURVE('',#1974,#4085,#4093,.T.);
#4093 = LINE('',#4094,#4095);
#4094 = CARTESIAN_POINT('',(0.3,-4.78,8.2));
#4095 = VECTOR('',#4096,1.);
#4096 = DIRECTION('',(0.,-0.,-1.));
#4097 = ORIENTED_EDGE('',*,*,#1981,.F.);
#4098 = PLANE('',#4099);
#4099 = AXIS2_PLACEMENT_3D('',#4100,#4101,#4102);
#4100 = CARTESIAN_POINT('',(0.3,-5.38,8.2));
#4101 = DIRECTION('',(1.,-1.110223024625E-16,0.));
#4102 = DIRECTION('',(1.110223024625E-16,1.,0.));
#4103 = ADVANCED_FACE('',(#4104),#4154,.F.);
#4104 = FACE_BOUND('',#4105,.F.);
#4105 = EDGE_LOOP('',(#4106,#4107,#4108,#4116,#4124,#4132,#4140,#4148));
#4106 = ORIENTED_EDGE('',*,*,#2005,.F.);
#4107 = ORIENTED_EDGE('',*,*,#4092,.T.);
#4108 = ORIENTED_EDGE('',*,*,#4109,.T.);
#4109 = EDGE_CURVE('',#4085,#4110,#4112,.T.);
#4110 = VERTEX_POINT('',#4111);
#4111 = CARTESIAN_POINT('',(0.1,-4.78,0.9));
#4112 = LINE('',#4113,#4114);
#4113 = CARTESIAN_POINT('',(0.3,-4.78,0.9));
#4114 = VECTOR('',#4115,1.);
#4115 = DIRECTION('',(-1.,1.110223024625E-16,0.));
#4116 = ORIENTED_EDGE('',*,*,#4117,.T.);
#4117 = EDGE_CURVE('',#4110,#4118,#4120,.T.);
#4118 = VERTEX_POINT('',#4119);
#4119 = CARTESIAN_POINT('',(0.1,-4.78,7.4));
#4120 = LINE('',#4121,#4122);
#4121 = CARTESIAN_POINT('',(0.1,-4.78,6.055738799212));
#4122 = VECTOR('',#4123,1.);
#4123 = DIRECTION('',(0.,-0.,1.));
#4124 = ORIENTED_EDGE('',*,*,#4125,.F.);
#4125 = EDGE_CURVE('',#4126,#4118,#4128,.T.);
#4126 = VERTEX_POINT('',#4127);
#4127 = CARTESIAN_POINT('',(-0.1,-4.78,7.4));
#4128 = LINE('',#4129,#4130);
#4129 = CARTESIAN_POINT('',(-0.1,-4.78,7.4));
#4130 = VECTOR('',#4131,1.);
#4131 = DIRECTION('',(1.,-1.110223024625E-16,0.));
#4132 = ORIENTED_EDGE('',*,*,#4133,.F.);
#4133 = EDGE_CURVE('',#4134,#4126,#4136,.T.);
#4134 = VERTEX_POINT('',#4135);
#4135 = CARTESIAN_POINT('',(-0.1,-4.78,0.9));
#4136 = LINE('',#4137,#4138);
#4137 = CARTESIAN_POINT('',(-0.1,-4.78,6.055738799212));
#4138 = VECTOR('',#4139,1.);
#4139 = DIRECTION('',(0.,-0.,1.));
#4140 = ORIENTED_EDGE('',*,*,#4141,.T.);
#4141 = EDGE_CURVE('',#4134,#4142,#4144,.T.);
#4142 = VERTEX_POINT('',#4143);
#4143 = CARTESIAN_POINT('',(-0.3,-4.78,0.9));
#4144 = LINE('',#4145,#4146);
#4145 = CARTESIAN_POINT('',(0.3,-4.78,0.9));
#4146 = VECTOR('',#4147,1.);
#4147 = DIRECTION('',(-1.,1.110223024625E-16,0.));
#4148 = ORIENTED_EDGE('',*,*,#4149,.F.);
#4149 = EDGE_CURVE('',#1998,#4142,#4150,.T.);
#4150 = LINE('',#4151,#4152);
#4151 = CARTESIAN_POINT('',(-0.3,-4.78,8.2));
#4152 = VECTOR('',#4153,1.);
#4153 = DIRECTION('',(0.,-0.,-1.));
#4154 = PLANE('',#4155);
#4155 = AXIS2_PLACEMENT_3D('',#4156,#4157,#4158);
#4156 = CARTESIAN_POINT('',(0.3,-4.78,8.2));
#4157 = DIRECTION('',(1.110223024625E-16,1.,0.));
#4158 = DIRECTION('',(-1.,1.110223024625E-16,0.));
#4159 = ADVANCED_FACE('',(#4160),#4178,.F.);
#4160 = FACE_BOUND('',#4161,.F.);
#4161 = EDGE_LOOP('',(#4162,#4163,#4171,#4177));
#4162 = ORIENTED_EDGE('',*,*,#4149,.T.);
#4163 = ORIENTED_EDGE('',*,*,#4164,.T.);
#4164 = EDGE_CURVE('',#4142,#4165,#4167,.T.);
#4165 = VERTEX_POINT('',#4166);
#4166 = CARTESIAN_POINT('',(-0.3,-5.38,0.9));
#4167 = LINE('',#4168,#4169);
#4168 = CARTESIAN_POINT('',(-0.3,-4.78,0.9));
#4169 = VECTOR('',#4170,1.);
#4170 = DIRECTION('',(-1.110223024625E-16,-1.,0.));
#4171 = ORIENTED_EDGE('',*,*,#4172,.F.);
#4172 = EDGE_CURVE('',#2022,#4165,#4173,.T.);
#4173 = LINE('',#4174,#4175);
#4174 = CARTESIAN_POINT('',(-0.3,-5.38,8.2));
#4175 = VECTOR('',#4176,1.);
#4176 = DIRECTION('',(0.,-0.,-1.));
#4177 = ORIENTED_EDGE('',*,*,#2029,.F.);
#4178 = PLANE('',#4179);
#4179 = AXIS2_PLACEMENT_3D('',#4180,#4181,#4182);
#4180 = CARTESIAN_POINT('',(-0.3,-4.78,8.2));
#4181 = DIRECTION('',(-1.,1.110223024625E-16,0.));
#4182 = DIRECTION('',(-1.110223024625E-16,-1.,0.));
#4183 = ADVANCED_FACE('',(#4184),#4227,.F.);
#4184 = FACE_BOUND('',#4185,.F.);
#4185 = EDGE_LOOP('',(#4186,#4187,#4188,#4196,#4204,#4212,#4220,#4226));
#4186 = ORIENTED_EDGE('',*,*,#2046,.F.);
#4187 = ORIENTED_EDGE('',*,*,#4172,.T.);
#4188 = ORIENTED_EDGE('',*,*,#4189,.T.);
#4189 = EDGE_CURVE('',#4165,#4190,#4192,.T.);
#4190 = VERTEX_POINT('',#4191);
#4191 = CARTESIAN_POINT('',(-0.1,-5.38,0.9));
#4192 = LINE('',#4193,#4194);
#4193 = CARTESIAN_POINT('',(-0.3,-5.38,0.9));
#4194 = VECTOR('',#4195,1.);
#4195 = DIRECTION('',(1.,-1.110223024625E-16,0.));
#4196 = ORIENTED_EDGE('',*,*,#4197,.F.);
#4197 = EDGE_CURVE('',#4198,#4190,#4200,.T.);
#4198 = VERTEX_POINT('',#4199);
#4199 = CARTESIAN_POINT('',(-0.1,-5.38,7.4));
#4200 = LINE('',#4201,#4202);
#4201 = CARTESIAN_POINT('',(-0.1,-5.38,6.055738799212));
#4202 = VECTOR('',#4203,1.);
#4203 = DIRECTION('',(-0.,0.,-1.));
#4204 = ORIENTED_EDGE('',*,*,#4205,.T.);
#4205 = EDGE_CURVE('',#4198,#4206,#4208,.T.);
#4206 = VERTEX_POINT('',#4207);
#4207 = CARTESIAN_POINT('',(0.1,-5.38,7.4));
#4208 = LINE('',#4209,#4210);
#4209 = CARTESIAN_POINT('',(-0.1,-5.38,7.4));
#4210 = VECTOR('',#4211,1.);
#4211 = DIRECTION('',(1.,-1.110223024625E-16,0.));
#4212 = ORIENTED_EDGE('',*,*,#4213,.T.);
#4213 = EDGE_CURVE('',#4206,#4214,#4216,.T.);
#4214 = VERTEX_POINT('',#4215);
#4215 = CARTESIAN_POINT('',(0.1,-5.38,0.9));
#4216 = LINE('',#4217,#4218);
#4217 = CARTESIAN_POINT('',(0.1,-5.38,6.055738799212));
#4218 = VECTOR('',#4219,1.);
#4219 = DIRECTION('',(-0.,0.,-1.));
#4220 = ORIENTED_EDGE('',*,*,#4221,.T.);
#4221 = EDGE_CURVE('',#4214,#4077,#4222,.T.);
#4222 = LINE('',#4223,#4224);
#4223 = CARTESIAN_POINT('',(-0.3,-5.38,0.9));
#4224 = VECTOR('',#4225,1.);
#4225 = DIRECTION('',(1.,-1.110223024625E-16,0.));
#4226 = ORIENTED_EDGE('',*,*,#4076,.F.);
#4227 = PLANE('',#4228);
#4228 = AXIS2_PLACEMENT_3D('',#4229,#4230,#4231);
#4229 = CARTESIAN_POINT('',(-0.3,-5.38,8.2));
#4230 = DIRECTION('',(-1.110223024625E-16,-1.,0.));
#4231 = DIRECTION('',(1.,-1.110223024625E-16,0.));
#4232 = ADVANCED_FACE('',(#4233),#4258,.F.);
#4233 = FACE_BOUND('',#4234,.F.);
#4234 = EDGE_LOOP('',(#4235,#4243,#4251,#4257));
#4235 = ORIENTED_EDGE('',*,*,#4236,.T.);
#4236 = EDGE_CURVE('',#2061,#4237,#4239,.T.);
#4237 = VERTEX_POINT('',#4238);
#4238 = CARTESIAN_POINT('',(0.3,-2.84,0.9));
#4239 = LINE('',#4240,#4241);
#4240 = CARTESIAN_POINT('',(0.3,-2.84,8.2));
#4241 = VECTOR('',#4242,1.);
#4242 = DIRECTION('',(0.,-0.,-1.));
#4243 = ORIENTED_EDGE('',*,*,#4244,.T.);
#4244 = EDGE_CURVE('',#4237,#4245,#4247,.T.);
#4245 = VERTEX_POINT('',#4246);
#4246 = CARTESIAN_POINT('',(0.3,-2.24,0.9));
#4247 = LINE('',#4248,#4249);
#4248 = CARTESIAN_POINT('',(0.3,-2.84,0.9));
#4249 = VECTOR('',#4250,1.);
#4250 = DIRECTION('',(1.110223024625E-16,1.,0.));
#4251 = ORIENTED_EDGE('',*,*,#4252,.F.);
#4252 = EDGE_CURVE('',#2070,#4245,#4253,.T.);
#4253 = LINE('',#4254,#4255);
#4254 = CARTESIAN_POINT('',(0.3,-2.24,8.2));
#4255 = VECTOR('',#4256,1.);
#4256 = DIRECTION('',(0.,-0.,-1.));
#4257 = ORIENTED_EDGE('',*,*,#2077,.F.);
#4258 = PLANE('',#4259);
#4259 = AXIS2_PLACEMENT_3D('',#4260,#4261,#4262);
#4260 = CARTESIAN_POINT('',(0.3,-2.84,8.2));
#4261 = DIRECTION('',(1.,-1.110223024625E-16,0.));
#4262 = DIRECTION('',(1.110223024625E-16,1.,0.));
#4263 = ADVANCED_FACE('',(#4264),#4314,.F.);
#4264 = FACE_BOUND('',#4265,.F.);
#4265 = EDGE_LOOP('',(#4266,#4267,#4268,#4276,#4284,#4292,#4300,#4308));
#4266 = ORIENTED_EDGE('',*,*,#2101,.F.);
#4267 = ORIENTED_EDGE('',*,*,#4252,.T.);
#4268 = ORIENTED_EDGE('',*,*,#4269,.T.);
#4269 = EDGE_CURVE('',#4245,#4270,#4272,.T.);
#4270 = VERTEX_POINT('',#4271);
#4271 = CARTESIAN_POINT('',(0.1,-2.24,0.9));
#4272 = LINE('',#4273,#4274);
#4273 = CARTESIAN_POINT('',(0.3,-2.24,0.9));
#4274 = VECTOR('',#4275,1.);
#4275 = DIRECTION('',(-1.,1.110223024625E-16,0.));
#4276 = ORIENTED_EDGE('',*,*,#4277,.T.);
#4277 = EDGE_CURVE('',#4270,#4278,#4280,.T.);
#4278 = VERTEX_POINT('',#4279);
#4279 = CARTESIAN_POINT('',(0.1,-2.24,7.4));
#4280 = LINE('',#4281,#4282);
#4281 = CARTESIAN_POINT('',(0.1,-2.24,6.055738799212));
#4282 = VECTOR('',#4283,1.);
#4283 = DIRECTION('',(0.,-0.,1.));
#4284 = ORIENTED_EDGE('',*,*,#4285,.F.);
#4285 = EDGE_CURVE('',#4286,#4278,#4288,.T.);
#4286 = VERTEX_POINT('',#4287);
#4287 = CARTESIAN_POINT('',(-0.1,-2.24,7.4));
#4288 = LINE('',#4289,#4290);
#4289 = CARTESIAN_POINT('',(-0.1,-2.24,7.4));
#4290 = VECTOR('',#4291,1.);
#4291 = DIRECTION('',(1.,-1.110223024625E-16,0.));
#4292 = ORIENTED_EDGE('',*,*,#4293,.F.);
#4293 = EDGE_CURVE('',#4294,#4286,#4296,.T.);
#4294 = VERTEX_POINT('',#4295);
#4295 = CARTESIAN_POINT('',(-0.1,-2.24,0.9));
#4296 = LINE('',#4297,#4298);
#4297 = CARTESIAN_POINT('',(-0.1,-2.24,6.055738799212));
#4298 = VECTOR('',#4299,1.);
#4299 = DIRECTION('',(0.,-0.,1.));
#4300 = ORIENTED_EDGE('',*,*,#4301,.T.);
#4301 = EDGE_CURVE('',#4294,#4302,#4304,.T.);
#4302 = VERTEX_POINT('',#4303);
#4303 = CARTESIAN_POINT('',(-0.3,-2.24,0.9));
#4304 = LINE('',#4305,#4306);
#4305 = CARTESIAN_POINT('',(0.3,-2.24,0.9));
#4306 = VECTOR('',#4307,1.);
#4307 = DIRECTION('',(-1.,1.110223024625E-16,0.));
#4308 = ORIENTED_EDGE('',*,*,#4309,.F.);
#4309 = EDGE_CURVE('',#2094,#4302,#4310,.T.);
#4310 = LINE('',#4311,#4312);
#4311 = CARTESIAN_POINT('',(-0.3,-2.24,8.2));
#4312 = VECTOR('',#4313,1.);
#4313 = DIRECTION('',(0.,-0.,-1.));
#4314 = PLANE('',#4315);
#4315 = AXIS2_PLACEMENT_3D('',#4316,#4317,#4318);
#4316 = CARTESIAN_POINT('',(0.3,-2.24,8.2));
#4317 = DIRECTION('',(1.110223024625E-16,1.,0.));
#4318 = DIRECTION('',(-1.,1.110223024625E-16,0.));
#4319 = ADVANCED_FACE('',(#4320),#4338,.F.);
#4320 = FACE_BOUND('',#4321,.F.);
#4321 = EDGE_LOOP('',(#4322,#4323,#4331,#4337));
#4322 = ORIENTED_EDGE('',*,*,#4309,.T.);
#4323 = ORIENTED_EDGE('',*,*,#4324,.T.);
#4324 = EDGE_CURVE('',#4302,#4325,#4327,.T.);
#4325 = VERTEX_POINT('',#4326);
#4326 = CARTESIAN_POINT('',(-0.3,-2.84,0.9));
#4327 = LINE('',#4328,#4329);
#4328 = CARTESIAN_POINT('',(-0.3,-2.24,0.9));
#4329 = VECTOR('',#4330,1.);
#4330 = DIRECTION('',(-1.110223024625E-16,-1.,0.));
#4331 = ORIENTED_EDGE('',*,*,#4332,.F.);
#4332 = EDGE_CURVE('',#2118,#4325,#4333,.T.);
#4333 = LINE('',#4334,#4335);
#4334 = CARTESIAN_POINT('',(-0.3,-2.84,8.2));
#4335 = VECTOR('',#4336,1.);
#4336 = DIRECTION('',(0.,-0.,-1.));
#4337 = ORIENTED_EDGE('',*,*,#2125,.F.);
#4338 = PLANE('',#4339);
#4339 = AXIS2_PLACEMENT_3D('',#4340,#4341,#4342);
#4340 = CARTESIAN_POINT('',(-0.3,-2.24,8.2));
#4341 = DIRECTION('',(-1.,1.110223024625E-16,0.));
#4342 = DIRECTION('',(-1.110223024625E-16,-1.,0.));
#4343 = ADVANCED_FACE('',(#4344),#4387,.F.);
#4344 = FACE_BOUND('',#4345,.F.);
#4345 = EDGE_LOOP('',(#4346,#4347,#4348,#4356,#4364,#4372,#4380,#4386));
#4346 = ORIENTED_EDGE('',*,*,#2142,.F.);
#4347 = ORIENTED_EDGE('',*,*,#4332,.T.);
#4348 = ORIENTED_EDGE('',*,*,#4349,.T.);
#4349 = EDGE_CURVE('',#4325,#4350,#4352,.T.);
#4350 = VERTEX_POINT('',#4351);
#4351 = CARTESIAN_POINT('',(-0.1,-2.84,0.9));
#4352 = LINE('',#4353,#4354);
#4353 = CARTESIAN_POINT('',(-0.3,-2.84,0.9));
#4354 = VECTOR('',#4355,1.);
#4355 = DIRECTION('',(1.,-1.110223024625E-16,0.));
#4356 = ORIENTED_EDGE('',*,*,#4357,.F.);
#4357 = EDGE_CURVE('',#4358,#4350,#4360,.T.);
#4358 = VERTEX_POINT('',#4359);
#4359 = CARTESIAN_POINT('',(-0.1,-2.84,7.4));
#4360 = LINE('',#4361,#4362);
#4361 = CARTESIAN_POINT('',(-0.1,-2.84,6.055738799212));
#4362 = VECTOR('',#4363,1.);
#4363 = DIRECTION('',(-0.,0.,-1.));
#4364 = ORIENTED_EDGE('',*,*,#4365,.T.);
#4365 = EDGE_CURVE('',#4358,#4366,#4368,.T.);
#4366 = VERTEX_POINT('',#4367);
#4367 = CARTESIAN_POINT('',(0.1,-2.84,7.4));
#4368 = LINE('',#4369,#4370);
#4369 = CARTESIAN_POINT('',(-0.1,-2.84,7.4));
#4370 = VECTOR('',#4371,1.);
#4371 = DIRECTION('',(1.,-1.110223024625E-16,0.));
#4372 = ORIENTED_EDGE('',*,*,#4373,.T.);
#4373 = EDGE_CURVE('',#4366,#4374,#4376,.T.);
#4374 = VERTEX_POINT('',#4375);
#4375 = CARTESIAN_POINT('',(0.1,-2.84,0.9));
#4376 = LINE('',#4377,#4378);
#4377 = CARTESIAN_POINT('',(0.1,-2.84,6.055738799212));
#4378 = VECTOR('',#4379,1.);
#4379 = DIRECTION('',(-0.,0.,-1.));
#4380 = ORIENTED_EDGE('',*,*,#4381,.T.);
#4381 = EDGE_CURVE('',#4374,#4237,#4382,.T.);
#4382 = LINE('',#4383,#4384);
#4383 = CARTESIAN_POINT('',(-0.3,-2.84,0.9));
#4384 = VECTOR('',#4385,1.);
#4385 = DIRECTION('',(1.,-1.110223024625E-16,0.));
#4386 = ORIENTED_EDGE('',*,*,#4236,.F.);
#4387 = PLANE('',#4388);
#4388 = AXIS2_PLACEMENT_3D('',#4389,#4390,#4391);
#4389 = CARTESIAN_POINT('',(-0.3,-2.84,8.2));
#4390 = DIRECTION('',(-1.110223024625E-16,-1.,0.));
#4391 = DIRECTION('',(1.,-1.110223024625E-16,0.));
#4392 = ADVANCED_FACE('',(#4393),#4418,.F.);
#4393 = FACE_BOUND('',#4394,.F.);
#4394 = EDGE_LOOP('',(#4395,#4403,#4411,#4417));
#4395 = ORIENTED_EDGE('',*,*,#4396,.T.);
#4396 = EDGE_CURVE('',#2157,#4397,#4399,.T.);
#4397 = VERTEX_POINT('',#4398);
#4398 = CARTESIAN_POINT('',(0.3,-0.3,0.9));
#4399 = LINE('',#4400,#4401);
#4400 = CARTESIAN_POINT('',(0.3,-0.3,8.2));
#4401 = VECTOR('',#4402,1.);
#4402 = DIRECTION('',(0.,-0.,-1.));
#4403 = ORIENTED_EDGE('',*,*,#4404,.T.);
#4404 = EDGE_CURVE('',#4397,#4405,#4407,.T.);
#4405 = VERTEX_POINT('',#4406);
#4406 = CARTESIAN_POINT('',(0.3,0.3,0.9));
#4407 = LINE('',#4408,#4409);
#4408 = CARTESIAN_POINT('',(0.3,-0.3,0.9));
#4409 = VECTOR('',#4410,1.);
#4410 = DIRECTION('',(1.110223024625E-16,1.,0.));
#4411 = ORIENTED_EDGE('',*,*,#4412,.F.);
#4412 = EDGE_CURVE('',#2166,#4405,#4413,.T.);
#4413 = LINE('',#4414,#4415);
#4414 = CARTESIAN_POINT('',(0.3,0.3,8.2));
#4415 = VECTOR('',#4416,1.);
#4416 = DIRECTION('',(0.,-0.,-1.));
#4417 = ORIENTED_EDGE('',*,*,#2173,.F.);
#4418 = PLANE('',#4419);
#4419 = AXIS2_PLACEMENT_3D('',#4420,#4421,#4422);
#4420 = CARTESIAN_POINT('',(0.3,-0.3,8.2));
#4421 = DIRECTION('',(1.,-1.110223024625E-16,0.));
#4422 = DIRECTION('',(1.110223024625E-16,1.,0.));
#4423 = ADVANCED_FACE('',(#4424),#4474,.F.);
#4424 = FACE_BOUND('',#4425,.F.);
#4425 = EDGE_LOOP('',(#4426,#4427,#4428,#4436,#4444,#4452,#4460,#4468));
#4426 = ORIENTED_EDGE('',*,*,#2197,.F.);
#4427 = ORIENTED_EDGE('',*,*,#4412,.T.);
#4428 = ORIENTED_EDGE('',*,*,#4429,.T.);
#4429 = EDGE_CURVE('',#4405,#4430,#4432,.T.);
#4430 = VERTEX_POINT('',#4431);
#4431 = CARTESIAN_POINT('',(0.1,0.3,0.9));
#4432 = LINE('',#4433,#4434);
#4433 = CARTESIAN_POINT('',(0.3,0.3,0.9));
#4434 = VECTOR('',#4435,1.);
#4435 = DIRECTION('',(-1.,1.110223024625E-16,0.));
#4436 = ORIENTED_EDGE('',*,*,#4437,.T.);
#4437 = EDGE_CURVE('',#4430,#4438,#4440,.T.);
#4438 = VERTEX_POINT('',#4439);
#4439 = CARTESIAN_POINT('',(0.1,0.3,7.4));
#4440 = LINE('',#4441,#4442);
#4441 = CARTESIAN_POINT('',(0.1,0.3,6.055738799212));
#4442 = VECTOR('',#4443,1.);
#4443 = DIRECTION('',(0.,-0.,1.));
#4444 = ORIENTED_EDGE('',*,*,#4445,.F.);
#4445 = EDGE_CURVE('',#4446,#4438,#4448,.T.);
#4446 = VERTEX_POINT('',#4447);
#4447 = CARTESIAN_POINT('',(-0.1,0.3,7.4));
#4448 = LINE('',#4449,#4450);
#4449 = CARTESIAN_POINT('',(-0.1,0.3,7.4));
#4450 = VECTOR('',#4451,1.);
#4451 = DIRECTION('',(1.,-1.110223024625E-16,0.));
#4452 = ORIENTED_EDGE('',*,*,#4453,.F.);
#4453 = EDGE_CURVE('',#4454,#4446,#4456,.T.);
#4454 = VERTEX_POINT('',#4455);
#4455 = CARTESIAN_POINT('',(-0.1,0.3,0.9));
#4456 = LINE('',#4457,#4458);
#4457 = CARTESIAN_POINT('',(-0.1,0.3,6.055738799212));
#4458 = VECTOR('',#4459,1.);
#4459 = DIRECTION('',(0.,-0.,1.));
#4460 = ORIENTED_EDGE('',*,*,#4461,.T.);
#4461 = EDGE_CURVE('',#4454,#4462,#4464,.T.);
#4462 = VERTEX_POINT('',#4463);
#4463 = CARTESIAN_POINT('',(-0.3,0.3,0.9));
#4464 = LINE('',#4465,#4466);
#4465 = CARTESIAN_POINT('',(0.3,0.3,0.9));
#4466 = VECTOR('',#4467,1.);
#4467 = DIRECTION('',(-1.,1.110223024625E-16,0.));
#4468 = ORIENTED_EDGE('',*,*,#4469,.F.);
#4469 = EDGE_CURVE('',#2190,#4462,#4470,.T.);
#4470 = LINE('',#4471,#4472);
#4471 = CARTESIAN_POINT('',(-0.3,0.3,8.2));
#4472 = VECTOR('',#4473,1.);
#4473 = DIRECTION('',(0.,-0.,-1.));
#4474 = PLANE('',#4475);
#4475 = AXIS2_PLACEMENT_3D('',#4476,#4477,#4478);
#4476 = CARTESIAN_POINT('',(0.3,0.3,8.2));
#4477 = DIRECTION('',(1.110223024625E-16,1.,0.));
#4478 = DIRECTION('',(-1.,1.110223024625E-16,0.));
#4479 = ADVANCED_FACE('',(#4480),#4498,.F.);
#4480 = FACE_BOUND('',#4481,.F.);
#4481 = EDGE_LOOP('',(#4482,#4483,#4491,#4497));
#4482 = ORIENTED_EDGE('',*,*,#4469,.T.);
#4483 = ORIENTED_EDGE('',*,*,#4484,.T.);
#4484 = EDGE_CURVE('',#4462,#4485,#4487,.T.);
#4485 = VERTEX_POINT('',#4486);
#4486 = CARTESIAN_POINT('',(-0.3,-0.3,0.9));
#4487 = LINE('',#4488,#4489);
#4488 = CARTESIAN_POINT('',(-0.3,0.3,0.9));
#4489 = VECTOR('',#4490,1.);
#4490 = DIRECTION('',(-1.110223024625E-16,-1.,0.));
#4491 = ORIENTED_EDGE('',*,*,#4492,.F.);
#4492 = EDGE_CURVE('',#2214,#4485,#4493,.T.);
#4493 = LINE('',#4494,#4495);
#4494 = CARTESIAN_POINT('',(-0.3,-0.3,8.2));
#4495 = VECTOR('',#4496,1.);
#4496 = DIRECTION('',(0.,-0.,-1.));
#4497 = ORIENTED_EDGE('',*,*,#2221,.F.);
#4498 = PLANE('',#4499);
#4499 = AXIS2_PLACEMENT_3D('',#4500,#4501,#4502);
#4500 = CARTESIAN_POINT('',(-0.3,0.3,8.2));
#4501 = DIRECTION('',(-1.,1.110223024625E-16,0.));
#4502 = DIRECTION('',(-1.110223024625E-16,-1.,0.));
#4503 = ADVANCED_FACE('',(#4504),#4547,.F.);
#4504 = FACE_BOUND('',#4505,.F.);
#4505 = EDGE_LOOP('',(#4506,#4507,#4508,#4516,#4524,#4532,#4540,#4546));
#4506 = ORIENTED_EDGE('',*,*,#2238,.F.);
#4507 = ORIENTED_EDGE('',*,*,#4492,.T.);
#4508 = ORIENTED_EDGE('',*,*,#4509,.T.);
#4509 = EDGE_CURVE('',#4485,#4510,#4512,.T.);
#4510 = VERTEX_POINT('',#4511);
#4511 = CARTESIAN_POINT('',(-0.1,-0.3,0.9));
#4512 = LINE('',#4513,#4514);
#4513 = CARTESIAN_POINT('',(-0.3,-0.3,0.9));
#4514 = VECTOR('',#4515,1.);
#4515 = DIRECTION('',(1.,-1.110223024625E-16,0.));
#4516 = ORIENTED_EDGE('',*,*,#4517,.F.);
#4517 = EDGE_CURVE('',#4518,#4510,#4520,.T.);
#4518 = VERTEX_POINT('',#4519);
#4519 = CARTESIAN_POINT('',(-0.1,-0.3,7.4));
#4520 = LINE('',#4521,#4522);
#4521 = CARTESIAN_POINT('',(-0.1,-0.3,6.055738799212));
#4522 = VECTOR('',#4523,1.);
#4523 = DIRECTION('',(-0.,0.,-1.));
#4524 = ORIENTED_EDGE('',*,*,#4525,.T.);
#4525 = EDGE_CURVE('',#4518,#4526,#4528,.T.);
#4526 = VERTEX_POINT('',#4527);
#4527 = CARTESIAN_POINT('',(0.1,-0.3,7.4));
#4528 = LINE('',#4529,#4530);
#4529 = CARTESIAN_POINT('',(-0.1,-0.3,7.4));
#4530 = VECTOR('',#4531,1.);
#4531 = DIRECTION('',(1.,-1.110223024625E-16,0.));
#4532 = ORIENTED_EDGE('',*,*,#4533,.T.);
#4533 = EDGE_CURVE('',#4526,#4534,#4536,.T.);
#4534 = VERTEX_POINT('',#4535);
#4535 = CARTESIAN_POINT('',(0.1,-0.3,0.9));
#4536 = LINE('',#4537,#4538);
#4537 = CARTESIAN_POINT('',(0.1,-0.3,6.055738799212));
#4538 = VECTOR('',#4539,1.);
#4539 = DIRECTION('',(-0.,0.,-1.));
#4540 = ORIENTED_EDGE('',*,*,#4541,.T.);
#4541 = EDGE_CURVE('',#4534,#4397,#4542,.T.);
#4542 = LINE('',#4543,#4544);
#4543 = CARTESIAN_POINT('',(-0.3,-0.3,0.9));
#4544 = VECTOR('',#4545,1.);
#4545 = DIRECTION('',(1.,-1.110223024625E-16,0.));
#4546 = ORIENTED_EDGE('',*,*,#4396,.F.);
#4547 = PLANE('',#4548);
#4548 = AXIS2_PLACEMENT_3D('',#4549,#4550,#4551);
#4549 = CARTESIAN_POINT('',(-0.3,-0.3,8.2));
#4550 = DIRECTION('',(-1.110223024625E-16,-1.,0.));
#4551 = DIRECTION('',(1.,-1.110223024625E-16,0.));
#4552 = ADVANCED_FACE('',(#4553),#4564,.T.);
#4553 = FACE_BOUND('',#4554,.T.);
#4554 = EDGE_LOOP('',(#4555,#4561,#4562,#4563));
#4555 = ORIENTED_EDGE('',*,*,#4556,.T.);
#4556 = EDGE_CURVE('',#2334,#2270,#4557,.T.);
#4557 = LINE('',#4558,#4559);
#4558 = CARTESIAN_POINT('',(-0.1,-18.08,-2.5));
#4559 = VECTOR('',#4560,1.);
#4560 = DIRECTION('',(1.,-1.110223024625E-16,0.));
#4561 = ORIENTED_EDGE('',*,*,#2269,.T.);
#4562 = ORIENTED_EDGE('',*,*,#2254,.F.);
#4563 = ORIENTED_EDGE('',*,*,#2333,.F.);
#4564 = PLANE('',#4565);
#4565 = AXIS2_PLACEMENT_3D('',#4566,#4567,#4568);
#4566 = CARTESIAN_POINT('',(-0.1,-18.08,-2.5));
#4567 = DIRECTION('',(-1.110223024625E-16,-1.,0.));
#4568 = DIRECTION('',(0.,0.,1.));
#4569 = ADVANCED_FACE('',(#4570),#4581,.T.);
#4570 = FACE_BOUND('',#4571,.T.);
#4571 = EDGE_LOOP('',(#4572,#4578,#4579,#4580));
#4572 = ORIENTED_EDGE('',*,*,#4573,.T.);
#4573 = EDGE_CURVE('',#2359,#2295,#4574,.T.);
#4574 = LINE('',#4575,#4576);
#4575 = CARTESIAN_POINT('',(-0.1,-17.93,-3.1));
#4576 = VECTOR('',#4577,1.);
#4577 = DIRECTION('',(1.,-1.110223024625E-16,0.));
#4578 = ORIENTED_EDGE('',*,*,#2302,.T.);
#4579 = ORIENTED_EDGE('',*,*,#4556,.F.);
#4580 = ORIENTED_EDGE('',*,*,#2366,.F.);
#4581 = PLANE('',#4582);
#4582 = AXIS2_PLACEMENT_3D('',#4583,#4584,#4585);
#4583 = CARTESIAN_POINT('',(-0.1,-17.93,-3.1));
#4584 = DIRECTION('',(-1.077074540829E-16,-0.970142500145,
    -0.242535625036));
#4585 = DIRECTION('',(-2.692686352073E-17,-0.242535625036,0.970142500145
    ));
#4586 = ADVANCED_FACE('',(#4587),#4598,.T.);
#4587 = FACE_BOUND('',#4588,.T.);
#4588 = EDGE_LOOP('',(#4589,#4595,#4596,#4597));
#4589 = ORIENTED_EDGE('',*,*,#4590,.T.);
#4590 = EDGE_CURVE('',#2351,#2287,#4591,.T.);
#4591 = LINE('',#4592,#4593);
#4592 = CARTESIAN_POINT('',(-0.1,-17.63,-3.1));
#4593 = VECTOR('',#4594,1.);
#4594 = DIRECTION('',(1.,-1.110223024625E-16,0.));
#4595 = ORIENTED_EDGE('',*,*,#2294,.T.);
#4596 = ORIENTED_EDGE('',*,*,#4573,.F.);
#4597 = ORIENTED_EDGE('',*,*,#2358,.T.);
#4598 = PLANE('',#4599);
#4599 = AXIS2_PLACEMENT_3D('',#4600,#4601,#4602);
#4600 = CARTESIAN_POINT('',(-0.1,-17.63,-3.1));
#4601 = DIRECTION('',(0.,-0.,-1.));
#4602 = DIRECTION('',(-1.110223024625E-16,-1.,0.));
#4603 = ADVANCED_FACE('',(#4604),#4615,.T.);
#4604 = FACE_BOUND('',#4605,.T.);
#4605 = EDGE_LOOP('',(#4606,#4612,#4613,#4614));
#4606 = ORIENTED_EDGE('',*,*,#4607,.T.);
#4607 = EDGE_CURVE('',#2343,#2279,#4608,.T.);
#4608 = LINE('',#4609,#4610);
#4609 = CARTESIAN_POINT('',(-0.1,-17.48,-2.5));
#4610 = VECTOR('',#4611,1.);
#4611 = DIRECTION('',(1.,-1.110223024625E-16,0.));
#4612 = ORIENTED_EDGE('',*,*,#2286,.T.);
#4613 = ORIENTED_EDGE('',*,*,#4590,.F.);
#4614 = ORIENTED_EDGE('',*,*,#2350,.F.);
#4615 = PLANE('',#4616);
#4616 = AXIS2_PLACEMENT_3D('',#4617,#4618,#4619);
#4617 = CARTESIAN_POINT('',(-0.1,-17.48,-2.5));
#4618 = DIRECTION('',(1.077074540829E-16,0.970142500145,-0.242535625036)
  );
#4619 = DIRECTION('',(-2.692686352073E-17,-0.242535625036,
    -0.970142500145));
#4620 = ADVANCED_FACE('',(#4621),#4627,.T.);
#4621 = FACE_BOUND('',#4622,.T.);
#4622 = EDGE_LOOP('',(#4623,#4624,#4625,#4626));
#4623 = ORIENTED_EDGE('',*,*,#2316,.T.);
#4624 = ORIENTED_EDGE('',*,*,#2278,.T.);
#4625 = ORIENTED_EDGE('',*,*,#4607,.F.);
#4626 = ORIENTED_EDGE('',*,*,#2342,.F.);
#4627 = PLANE('',#4628);
#4628 = AXIS2_PLACEMENT_3D('',#4629,#4630,#4631);
#4629 = CARTESIAN_POINT('',(-0.1,-17.48,0.2));
#4630 = DIRECTION('',(1.110223024625E-16,1.,0.));
#4631 = DIRECTION('',(0.,0.,-1.));
#4632 = ADVANCED_FACE('',(#4633),#4644,.T.);
#4633 = FACE_BOUND('',#4634,.T.);
#4634 = EDGE_LOOP('',(#4635,#4641,#4642,#4643));
#4635 = ORIENTED_EDGE('',*,*,#4636,.T.);
#4636 = EDGE_CURVE('',#2462,#2398,#4637,.T.);
#4637 = LINE('',#4638,#4639);
#4638 = CARTESIAN_POINT('',(-0.1,-15.54,-2.5));
#4639 = VECTOR('',#4640,1.);
#4640 = DIRECTION('',(1.,-1.110223024625E-16,0.));
#4641 = ORIENTED_EDGE('',*,*,#2397,.T.);
#4642 = ORIENTED_EDGE('',*,*,#2382,.F.);
#4643 = ORIENTED_EDGE('',*,*,#2461,.F.);
#4644 = PLANE('',#4645);
#4645 = AXIS2_PLACEMENT_3D('',#4646,#4647,#4648);
#4646 = CARTESIAN_POINT('',(-0.1,-15.54,-2.5));
#4647 = DIRECTION('',(-1.110223024625E-16,-1.,0.));
#4648 = DIRECTION('',(0.,0.,1.));
#4649 = ADVANCED_FACE('',(#4650),#4661,.T.);
#4650 = FACE_BOUND('',#4651,.T.);
#4651 = EDGE_LOOP('',(#4652,#4658,#4659,#4660));
#4652 = ORIENTED_EDGE('',*,*,#4653,.T.);
#4653 = EDGE_CURVE('',#2487,#2423,#4654,.T.);
#4654 = LINE('',#4655,#4656);
#4655 = CARTESIAN_POINT('',(-0.1,-15.39,-3.1));
#4656 = VECTOR('',#4657,1.);
#4657 = DIRECTION('',(1.,-1.110223024625E-16,0.));
#4658 = ORIENTED_EDGE('',*,*,#2430,.T.);
#4659 = ORIENTED_EDGE('',*,*,#4636,.F.);
#4660 = ORIENTED_EDGE('',*,*,#2494,.F.);
#4661 = PLANE('',#4662);
#4662 = AXIS2_PLACEMENT_3D('',#4663,#4664,#4665);
#4663 = CARTESIAN_POINT('',(-0.1,-15.39,-3.1));
#4664 = DIRECTION('',(-1.077074540829E-16,-0.970142500145,
    -0.242535625036));
#4665 = DIRECTION('',(-2.692686352073E-17,-0.242535625036,0.970142500145
    ));
#4666 = ADVANCED_FACE('',(#4667),#4678,.T.);
#4667 = FACE_BOUND('',#4668,.T.);
#4668 = EDGE_LOOP('',(#4669,#4675,#4676,#4677));
#4669 = ORIENTED_EDGE('',*,*,#4670,.T.);
#4670 = EDGE_CURVE('',#2479,#2415,#4671,.T.);
#4671 = LINE('',#4672,#4673);
#4672 = CARTESIAN_POINT('',(-0.1,-15.09,-3.1));
#4673 = VECTOR('',#4674,1.);
#4674 = DIRECTION('',(1.,-1.110223024625E-16,0.));
#4675 = ORIENTED_EDGE('',*,*,#2422,.T.);
#4676 = ORIENTED_EDGE('',*,*,#4653,.F.);
#4677 = ORIENTED_EDGE('',*,*,#2486,.T.);
#4678 = PLANE('',#4679);
#4679 = AXIS2_PLACEMENT_3D('',#4680,#4681,#4682);
#4680 = CARTESIAN_POINT('',(-0.1,-15.09,-3.1));
#4681 = DIRECTION('',(0.,-0.,-1.));
#4682 = DIRECTION('',(-1.110223024625E-16,-1.,0.));
#4683 = ADVANCED_FACE('',(#4684),#4695,.T.);
#4684 = FACE_BOUND('',#4685,.T.);
#4685 = EDGE_LOOP('',(#4686,#4692,#4693,#4694));
#4686 = ORIENTED_EDGE('',*,*,#4687,.T.);
#4687 = EDGE_CURVE('',#2471,#2407,#4688,.T.);
#4688 = LINE('',#4689,#4690);
#4689 = CARTESIAN_POINT('',(-0.1,-14.94,-2.5));
#4690 = VECTOR('',#4691,1.);
#4691 = DIRECTION('',(1.,-1.110223024625E-16,0.));
#4692 = ORIENTED_EDGE('',*,*,#2414,.T.);
#4693 = ORIENTED_EDGE('',*,*,#4670,.F.);
#4694 = ORIENTED_EDGE('',*,*,#2478,.F.);
#4695 = PLANE('',#4696);
#4696 = AXIS2_PLACEMENT_3D('',#4697,#4698,#4699);
#4697 = CARTESIAN_POINT('',(-0.1,-14.94,-2.5));
#4698 = DIRECTION('',(1.077074540829E-16,0.970142500145,-0.242535625036)
  );
#4699 = DIRECTION('',(-2.692686352073E-17,-0.242535625036,
    -0.970142500145));
#4700 = ADVANCED_FACE('',(#4701),#4707,.T.);
#4701 = FACE_BOUND('',#4702,.T.);
#4702 = EDGE_LOOP('',(#4703,#4704,#4705,#4706));
#4703 = ORIENTED_EDGE('',*,*,#2444,.T.);
#4704 = ORIENTED_EDGE('',*,*,#2406,.T.);
#4705 = ORIENTED_EDGE('',*,*,#4687,.F.);
#4706 = ORIENTED_EDGE('',*,*,#2470,.F.);
#4707 = PLANE('',#4708);
#4708 = AXIS2_PLACEMENT_3D('',#4709,#4710,#4711);
#4709 = CARTESIAN_POINT('',(-0.1,-14.94,0.2));
#4710 = DIRECTION('',(1.110223024625E-16,1.,0.));
#4711 = DIRECTION('',(0.,0.,-1.));
#4712 = ADVANCED_FACE('',(#4713),#4724,.T.);
#4713 = FACE_BOUND('',#4714,.T.);
#4714 = EDGE_LOOP('',(#4715,#4721,#4722,#4723));
#4715 = ORIENTED_EDGE('',*,*,#4716,.T.);
#4716 = EDGE_CURVE('',#2590,#2526,#4717,.T.);
#4717 = LINE('',#4718,#4719);
#4718 = CARTESIAN_POINT('',(-0.1,-13.,-2.5));
#4719 = VECTOR('',#4720,1.);
#4720 = DIRECTION('',(1.,-1.110223024625E-16,0.));
#4721 = ORIENTED_EDGE('',*,*,#2525,.T.);
#4722 = ORIENTED_EDGE('',*,*,#2510,.F.);
#4723 = ORIENTED_EDGE('',*,*,#2589,.F.);
#4724 = PLANE('',#4725);
#4725 = AXIS2_PLACEMENT_3D('',#4726,#4727,#4728);
#4726 = CARTESIAN_POINT('',(-0.1,-13.,-2.5));
#4727 = DIRECTION('',(-1.110223024625E-16,-1.,0.));
#4728 = DIRECTION('',(0.,0.,1.));
#4729 = ADVANCED_FACE('',(#4730),#4741,.T.);
#4730 = FACE_BOUND('',#4731,.T.);
#4731 = EDGE_LOOP('',(#4732,#4738,#4739,#4740));
#4732 = ORIENTED_EDGE('',*,*,#4733,.T.);
#4733 = EDGE_CURVE('',#2615,#2551,#4734,.T.);
#4734 = LINE('',#4735,#4736);
#4735 = CARTESIAN_POINT('',(-0.1,-12.85,-3.1));
#4736 = VECTOR('',#4737,1.);
#4737 = DIRECTION('',(1.,-1.110223024625E-16,0.));
#4738 = ORIENTED_EDGE('',*,*,#2558,.T.);
#4739 = ORIENTED_EDGE('',*,*,#4716,.F.);
#4740 = ORIENTED_EDGE('',*,*,#2622,.F.);
#4741 = PLANE('',#4742);
#4742 = AXIS2_PLACEMENT_3D('',#4743,#4744,#4745);
#4743 = CARTESIAN_POINT('',(-0.1,-12.85,-3.1));
#4744 = DIRECTION('',(-1.077074540829E-16,-0.970142500145,
    -0.242535625036));
#4745 = DIRECTION('',(-2.692686352073E-17,-0.242535625036,0.970142500145
    ));
#4746 = ADVANCED_FACE('',(#4747),#4758,.T.);
#4747 = FACE_BOUND('',#4748,.T.);
#4748 = EDGE_LOOP('',(#4749,#4755,#4756,#4757));
#4749 = ORIENTED_EDGE('',*,*,#4750,.T.);
#4750 = EDGE_CURVE('',#2607,#2543,#4751,.T.);
#4751 = LINE('',#4752,#4753);
#4752 = CARTESIAN_POINT('',(-0.1,-12.55,-3.1));
#4753 = VECTOR('',#4754,1.);
#4754 = DIRECTION('',(1.,-1.110223024625E-16,0.));
#4755 = ORIENTED_EDGE('',*,*,#2550,.T.);
#4756 = ORIENTED_EDGE('',*,*,#4733,.F.);
#4757 = ORIENTED_EDGE('',*,*,#2614,.T.);
#4758 = PLANE('',#4759);
#4759 = AXIS2_PLACEMENT_3D('',#4760,#4761,#4762);
#4760 = CARTESIAN_POINT('',(-0.1,-12.55,-3.1));
#4761 = DIRECTION('',(0.,-0.,-1.));
#4762 = DIRECTION('',(-1.110223024625E-16,-1.,0.));
#4763 = ADVANCED_FACE('',(#4764),#4775,.T.);
#4764 = FACE_BOUND('',#4765,.T.);
#4765 = EDGE_LOOP('',(#4766,#4772,#4773,#4774));
#4766 = ORIENTED_EDGE('',*,*,#4767,.T.);
#4767 = EDGE_CURVE('',#2599,#2535,#4768,.T.);
#4768 = LINE('',#4769,#4770);
#4769 = CARTESIAN_POINT('',(-0.1,-12.4,-2.5));
#4770 = VECTOR('',#4771,1.);
#4771 = DIRECTION('',(1.,-1.110223024625E-16,0.));
#4772 = ORIENTED_EDGE('',*,*,#2542,.T.);
#4773 = ORIENTED_EDGE('',*,*,#4750,.F.);
#4774 = ORIENTED_EDGE('',*,*,#2606,.F.);
#4775 = PLANE('',#4776);
#4776 = AXIS2_PLACEMENT_3D('',#4777,#4778,#4779);
#4777 = CARTESIAN_POINT('',(-0.1,-12.4,-2.5));
#4778 = DIRECTION('',(1.077074540829E-16,0.970142500145,-0.242535625036)
  );
#4779 = DIRECTION('',(-2.692686352073E-17,-0.242535625036,
    -0.970142500145));
#4780 = ADVANCED_FACE('',(#4781),#4787,.T.);
#4781 = FACE_BOUND('',#4782,.T.);
#4782 = EDGE_LOOP('',(#4783,#4784,#4785,#4786));
#4783 = ORIENTED_EDGE('',*,*,#2572,.T.);
#4784 = ORIENTED_EDGE('',*,*,#2534,.T.);
#4785 = ORIENTED_EDGE('',*,*,#4767,.F.);
#4786 = ORIENTED_EDGE('',*,*,#2598,.F.);
#4787 = PLANE('',#4788);
#4788 = AXIS2_PLACEMENT_3D('',#4789,#4790,#4791);
#4789 = CARTESIAN_POINT('',(-0.1,-12.4,0.2));
#4790 = DIRECTION('',(1.110223024625E-16,1.,0.));
#4791 = DIRECTION('',(0.,0.,-1.));
#4792 = ADVANCED_FACE('',(#4793),#4804,.T.);
#4793 = FACE_BOUND('',#4794,.T.);
#4794 = EDGE_LOOP('',(#4795,#4801,#4802,#4803));
#4795 = ORIENTED_EDGE('',*,*,#4796,.T.);
#4796 = EDGE_CURVE('',#2718,#2654,#4797,.T.);
#4797 = LINE('',#4798,#4799);
#4798 = CARTESIAN_POINT('',(-0.1,-10.46,-2.5));
#4799 = VECTOR('',#4800,1.);
#4800 = DIRECTION('',(1.,-1.110223024625E-16,0.));
#4801 = ORIENTED_EDGE('',*,*,#2653,.T.);
#4802 = ORIENTED_EDGE('',*,*,#2638,.F.);
#4803 = ORIENTED_EDGE('',*,*,#2717,.F.);
#4804 = PLANE('',#4805);
#4805 = AXIS2_PLACEMENT_3D('',#4806,#4807,#4808);
#4806 = CARTESIAN_POINT('',(-0.1,-10.46,-2.5));
#4807 = DIRECTION('',(-1.110223024625E-16,-1.,0.));
#4808 = DIRECTION('',(0.,0.,1.));
#4809 = ADVANCED_FACE('',(#4810),#4821,.T.);
#4810 = FACE_BOUND('',#4811,.T.);
#4811 = EDGE_LOOP('',(#4812,#4818,#4819,#4820));
#4812 = ORIENTED_EDGE('',*,*,#4813,.T.);
#4813 = EDGE_CURVE('',#2743,#2679,#4814,.T.);
#4814 = LINE('',#4815,#4816);
#4815 = CARTESIAN_POINT('',(-0.1,-10.31,-3.1));
#4816 = VECTOR('',#4817,1.);
#4817 = DIRECTION('',(1.,-1.110223024625E-16,0.));
#4818 = ORIENTED_EDGE('',*,*,#2686,.T.);
#4819 = ORIENTED_EDGE('',*,*,#4796,.F.);
#4820 = ORIENTED_EDGE('',*,*,#2750,.F.);
#4821 = PLANE('',#4822);
#4822 = AXIS2_PLACEMENT_3D('',#4823,#4824,#4825);
#4823 = CARTESIAN_POINT('',(-0.1,-10.31,-3.1));
#4824 = DIRECTION('',(-1.077074540829E-16,-0.970142500145,
    -0.242535625036));
#4825 = DIRECTION('',(-2.692686352073E-17,-0.242535625036,0.970142500145
    ));
#4826 = ADVANCED_FACE('',(#4827),#4838,.T.);
#4827 = FACE_BOUND('',#4828,.T.);
#4828 = EDGE_LOOP('',(#4829,#4835,#4836,#4837));
#4829 = ORIENTED_EDGE('',*,*,#4830,.T.);
#4830 = EDGE_CURVE('',#2735,#2671,#4831,.T.);
#4831 = LINE('',#4832,#4833);
#4832 = CARTESIAN_POINT('',(-0.1,-10.01,-3.1));
#4833 = VECTOR('',#4834,1.);
#4834 = DIRECTION('',(1.,-1.110223024625E-16,0.));
#4835 = ORIENTED_EDGE('',*,*,#2678,.T.);
#4836 = ORIENTED_EDGE('',*,*,#4813,.F.);
#4837 = ORIENTED_EDGE('',*,*,#2742,.T.);
#4838 = PLANE('',#4839);
#4839 = AXIS2_PLACEMENT_3D('',#4840,#4841,#4842);
#4840 = CARTESIAN_POINT('',(-0.1,-10.01,-3.1));
#4841 = DIRECTION('',(0.,-0.,-1.));
#4842 = DIRECTION('',(-1.110223024625E-16,-1.,0.));
#4843 = ADVANCED_FACE('',(#4844),#4855,.T.);
#4844 = FACE_BOUND('',#4845,.T.);
#4845 = EDGE_LOOP('',(#4846,#4852,#4853,#4854));
#4846 = ORIENTED_EDGE('',*,*,#4847,.T.);
#4847 = EDGE_CURVE('',#2727,#2663,#4848,.T.);
#4848 = LINE('',#4849,#4850);
#4849 = CARTESIAN_POINT('',(-0.1,-9.86,-2.5));
#4850 = VECTOR('',#4851,1.);
#4851 = DIRECTION('',(1.,-1.110223024625E-16,0.));
#4852 = ORIENTED_EDGE('',*,*,#2670,.T.);
#4853 = ORIENTED_EDGE('',*,*,#4830,.F.);
#4854 = ORIENTED_EDGE('',*,*,#2734,.F.);
#4855 = PLANE('',#4856);
#4856 = AXIS2_PLACEMENT_3D('',#4857,#4858,#4859);
#4857 = CARTESIAN_POINT('',(-0.1,-9.86,-2.5));
#4858 = DIRECTION('',(1.077074540829E-16,0.970142500145,-0.242535625036)
  );
#4859 = DIRECTION('',(-2.692686352073E-17,-0.242535625036,
    -0.970142500145));
#4860 = ADVANCED_FACE('',(#4861),#4867,.T.);
#4861 = FACE_BOUND('',#4862,.T.);
#4862 = EDGE_LOOP('',(#4863,#4864,#4865,#4866));
#4863 = ORIENTED_EDGE('',*,*,#2700,.T.);
#4864 = ORIENTED_EDGE('',*,*,#2662,.T.);
#4865 = ORIENTED_EDGE('',*,*,#4847,.F.);
#4866 = ORIENTED_EDGE('',*,*,#2726,.F.);
#4867 = PLANE('',#4868);
#4868 = AXIS2_PLACEMENT_3D('',#4869,#4870,#4871);
#4869 = CARTESIAN_POINT('',(-0.1,-9.86,0.2));
#4870 = DIRECTION('',(1.110223024625E-16,1.,0.));
#4871 = DIRECTION('',(0.,0.,-1.));
#4872 = ADVANCED_FACE('',(#4873),#4884,.T.);
#4873 = FACE_BOUND('',#4874,.T.);
#4874 = EDGE_LOOP('',(#4875,#4881,#4882,#4883));
#4875 = ORIENTED_EDGE('',*,*,#4876,.T.);
#4876 = EDGE_CURVE('',#2846,#2782,#4877,.T.);
#4877 = LINE('',#4878,#4879);
#4878 = CARTESIAN_POINT('',(-0.1,-7.92,-2.5));
#4879 = VECTOR('',#4880,1.);
#4880 = DIRECTION('',(1.,-1.110223024625E-16,0.));
#4881 = ORIENTED_EDGE('',*,*,#2781,.T.);
#4882 = ORIENTED_EDGE('',*,*,#2766,.F.);
#4883 = ORIENTED_EDGE('',*,*,#2845,.F.);
#4884 = PLANE('',#4885);
#4885 = AXIS2_PLACEMENT_3D('',#4886,#4887,#4888);
#4886 = CARTESIAN_POINT('',(-0.1,-7.92,-2.5));
#4887 = DIRECTION('',(-1.110223024625E-16,-1.,0.));
#4888 = DIRECTION('',(0.,0.,1.));
#4889 = ADVANCED_FACE('',(#4890),#4901,.T.);
#4890 = FACE_BOUND('',#4891,.T.);
#4891 = EDGE_LOOP('',(#4892,#4898,#4899,#4900));
#4892 = ORIENTED_EDGE('',*,*,#4893,.T.);
#4893 = EDGE_CURVE('',#2871,#2807,#4894,.T.);
#4894 = LINE('',#4895,#4896);
#4895 = CARTESIAN_POINT('',(-0.1,-7.77,-3.1));
#4896 = VECTOR('',#4897,1.);
#4897 = DIRECTION('',(1.,-1.110223024625E-16,0.));
#4898 = ORIENTED_EDGE('',*,*,#2814,.T.);
#4899 = ORIENTED_EDGE('',*,*,#4876,.F.);
#4900 = ORIENTED_EDGE('',*,*,#2878,.F.);
#4901 = PLANE('',#4902);
#4902 = AXIS2_PLACEMENT_3D('',#4903,#4904,#4905);
#4903 = CARTESIAN_POINT('',(-0.1,-7.77,-3.1));
#4904 = DIRECTION('',(-1.077074540829E-16,-0.970142500145,
    -0.242535625036));
#4905 = DIRECTION('',(-2.692686352073E-17,-0.242535625036,0.970142500145
    ));
#4906 = ADVANCED_FACE('',(#4907),#4918,.T.);
#4907 = FACE_BOUND('',#4908,.T.);
#4908 = EDGE_LOOP('',(#4909,#4915,#4916,#4917));
#4909 = ORIENTED_EDGE('',*,*,#4910,.T.);
#4910 = EDGE_CURVE('',#2863,#2799,#4911,.T.);
#4911 = LINE('',#4912,#4913);
#4912 = CARTESIAN_POINT('',(-0.1,-7.47,-3.1));
#4913 = VECTOR('',#4914,1.);
#4914 = DIRECTION('',(1.,-1.110223024625E-16,0.));
#4915 = ORIENTED_EDGE('',*,*,#2806,.T.);
#4916 = ORIENTED_EDGE('',*,*,#4893,.F.);
#4917 = ORIENTED_EDGE('',*,*,#2870,.T.);
#4918 = PLANE('',#4919);
#4919 = AXIS2_PLACEMENT_3D('',#4920,#4921,#4922);
#4920 = CARTESIAN_POINT('',(-0.1,-7.47,-3.1));
#4921 = DIRECTION('',(0.,-0.,-1.));
#4922 = DIRECTION('',(-1.110223024625E-16,-1.,0.));
#4923 = ADVANCED_FACE('',(#4924),#4935,.T.);
#4924 = FACE_BOUND('',#4925,.T.);
#4925 = EDGE_LOOP('',(#4926,#4932,#4933,#4934));
#4926 = ORIENTED_EDGE('',*,*,#4927,.T.);
#4927 = EDGE_CURVE('',#2855,#2791,#4928,.T.);
#4928 = LINE('',#4929,#4930);
#4929 = CARTESIAN_POINT('',(-0.1,-7.32,-2.5));
#4930 = VECTOR('',#4931,1.);
#4931 = DIRECTION('',(1.,-1.110223024625E-16,0.));
#4932 = ORIENTED_EDGE('',*,*,#2798,.T.);
#4933 = ORIENTED_EDGE('',*,*,#4910,.F.);
#4934 = ORIENTED_EDGE('',*,*,#2862,.F.);
#4935 = PLANE('',#4936);
#4936 = AXIS2_PLACEMENT_3D('',#4937,#4938,#4939);
#4937 = CARTESIAN_POINT('',(-0.1,-7.32,-2.5));
#4938 = DIRECTION('',(1.077074540829E-16,0.970142500145,-0.242535625036)
  );
#4939 = DIRECTION('',(-2.692686352073E-17,-0.242535625036,
    -0.970142500145));
#4940 = ADVANCED_FACE('',(#4941),#4947,.T.);
#4941 = FACE_BOUND('',#4942,.T.);
#4942 = EDGE_LOOP('',(#4943,#4944,#4945,#4946));
#4943 = ORIENTED_EDGE('',*,*,#2828,.T.);
#4944 = ORIENTED_EDGE('',*,*,#2790,.T.);
#4945 = ORIENTED_EDGE('',*,*,#4927,.F.);
#4946 = ORIENTED_EDGE('',*,*,#2854,.F.);
#4947 = PLANE('',#4948);
#4948 = AXIS2_PLACEMENT_3D('',#4949,#4950,#4951);
#4949 = CARTESIAN_POINT('',(-0.1,-7.32,0.2));
#4950 = DIRECTION('',(1.110223024625E-16,1.,0.));
#4951 = DIRECTION('',(0.,0.,-1.));
#4952 = ADVANCED_FACE('',(#4953),#4964,.T.);
#4953 = FACE_BOUND('',#4954,.T.);
#4954 = EDGE_LOOP('',(#4955,#4961,#4962,#4963));
#4955 = ORIENTED_EDGE('',*,*,#4956,.T.);
#4956 = EDGE_CURVE('',#2974,#2910,#4957,.T.);
#4957 = LINE('',#4958,#4959);
#4958 = CARTESIAN_POINT('',(-0.1,-5.38,-2.5));
#4959 = VECTOR('',#4960,1.);
#4960 = DIRECTION('',(1.,-1.110223024625E-16,0.));
#4961 = ORIENTED_EDGE('',*,*,#2909,.T.);
#4962 = ORIENTED_EDGE('',*,*,#2894,.F.);
#4963 = ORIENTED_EDGE('',*,*,#2973,.F.);
#4964 = PLANE('',#4965);
#4965 = AXIS2_PLACEMENT_3D('',#4966,#4967,#4968);
#4966 = CARTESIAN_POINT('',(-0.1,-5.38,-2.5));
#4967 = DIRECTION('',(-1.110223024625E-16,-1.,0.));
#4968 = DIRECTION('',(0.,0.,1.));
#4969 = ADVANCED_FACE('',(#4970),#4981,.T.);
#4970 = FACE_BOUND('',#4971,.T.);
#4971 = EDGE_LOOP('',(#4972,#4978,#4979,#4980));
#4972 = ORIENTED_EDGE('',*,*,#4973,.T.);
#4973 = EDGE_CURVE('',#2999,#2935,#4974,.T.);
#4974 = LINE('',#4975,#4976);
#4975 = CARTESIAN_POINT('',(-0.1,-5.23,-3.1));
#4976 = VECTOR('',#4977,1.);
#4977 = DIRECTION('',(1.,-1.110223024625E-16,0.));
#4978 = ORIENTED_EDGE('',*,*,#2942,.T.);
#4979 = ORIENTED_EDGE('',*,*,#4956,.F.);
#4980 = ORIENTED_EDGE('',*,*,#3006,.F.);
#4981 = PLANE('',#4982);
#4982 = AXIS2_PLACEMENT_3D('',#4983,#4984,#4985);
#4983 = CARTESIAN_POINT('',(-0.1,-5.23,-3.1));
#4984 = DIRECTION('',(-1.077074540829E-16,-0.970142500145,
    -0.242535625036));
#4985 = DIRECTION('',(-2.692686352073E-17,-0.242535625036,0.970142500145
    ));
#4986 = ADVANCED_FACE('',(#4987),#4998,.T.);
#4987 = FACE_BOUND('',#4988,.T.);
#4988 = EDGE_LOOP('',(#4989,#4995,#4996,#4997));
#4989 = ORIENTED_EDGE('',*,*,#4990,.T.);
#4990 = EDGE_CURVE('',#2991,#2927,#4991,.T.);
#4991 = LINE('',#4992,#4993);
#4992 = CARTESIAN_POINT('',(-0.1,-4.93,-3.1));
#4993 = VECTOR('',#4994,1.);
#4994 = DIRECTION('',(1.,-1.110223024625E-16,0.));
#4995 = ORIENTED_EDGE('',*,*,#2934,.T.);
#4996 = ORIENTED_EDGE('',*,*,#4973,.F.);
#4997 = ORIENTED_EDGE('',*,*,#2998,.T.);
#4998 = PLANE('',#4999);
#4999 = AXIS2_PLACEMENT_3D('',#5000,#5001,#5002);
#5000 = CARTESIAN_POINT('',(-0.1,-4.93,-3.1));
#5001 = DIRECTION('',(0.,-0.,-1.));
#5002 = DIRECTION('',(-1.110223024625E-16,-1.,0.));
#5003 = ADVANCED_FACE('',(#5004),#5015,.T.);
#5004 = FACE_BOUND('',#5005,.T.);
#5005 = EDGE_LOOP('',(#5006,#5012,#5013,#5014));
#5006 = ORIENTED_EDGE('',*,*,#5007,.T.);
#5007 = EDGE_CURVE('',#2983,#2919,#5008,.T.);
#5008 = LINE('',#5009,#5010);
#5009 = CARTESIAN_POINT('',(-0.1,-4.78,-2.5));
#5010 = VECTOR('',#5011,1.);
#5011 = DIRECTION('',(1.,-1.110223024625E-16,0.));
#5012 = ORIENTED_EDGE('',*,*,#2926,.T.);
#5013 = ORIENTED_EDGE('',*,*,#4990,.F.);
#5014 = ORIENTED_EDGE('',*,*,#2990,.F.);
#5015 = PLANE('',#5016);
#5016 = AXIS2_PLACEMENT_3D('',#5017,#5018,#5019);
#5017 = CARTESIAN_POINT('',(-0.1,-4.78,-2.5));
#5018 = DIRECTION('',(1.077074540829E-16,0.970142500145,-0.242535625036)
  );
#5019 = DIRECTION('',(-2.692686352073E-17,-0.242535625036,
    -0.970142500145));
#5020 = ADVANCED_FACE('',(#5021),#5027,.T.);
#5021 = FACE_BOUND('',#5022,.T.);
#5022 = EDGE_LOOP('',(#5023,#5024,#5025,#5026));
#5023 = ORIENTED_EDGE('',*,*,#2956,.T.);
#5024 = ORIENTED_EDGE('',*,*,#2918,.T.);
#5025 = ORIENTED_EDGE('',*,*,#5007,.F.);
#5026 = ORIENTED_EDGE('',*,*,#2982,.F.);
#5027 = PLANE('',#5028);
#5028 = AXIS2_PLACEMENT_3D('',#5029,#5030,#5031);
#5029 = CARTESIAN_POINT('',(-0.1,-4.78,0.2));
#5030 = DIRECTION('',(1.110223024625E-16,1.,0.));
#5031 = DIRECTION('',(0.,0.,-1.));
#5032 = ADVANCED_FACE('',(#5033),#5044,.T.);
#5033 = FACE_BOUND('',#5034,.T.);
#5034 = EDGE_LOOP('',(#5035,#5041,#5042,#5043));
#5035 = ORIENTED_EDGE('',*,*,#5036,.T.);
#5036 = EDGE_CURVE('',#3102,#3038,#5037,.T.);
#5037 = LINE('',#5038,#5039);
#5038 = CARTESIAN_POINT('',(-0.1,-2.84,-2.5));
#5039 = VECTOR('',#5040,1.);
#5040 = DIRECTION('',(1.,-1.110223024625E-16,0.));
#5041 = ORIENTED_EDGE('',*,*,#3037,.T.);
#5042 = ORIENTED_EDGE('',*,*,#3022,.F.);
#5043 = ORIENTED_EDGE('',*,*,#3101,.F.);
#5044 = PLANE('',#5045);
#5045 = AXIS2_PLACEMENT_3D('',#5046,#5047,#5048);
#5046 = CARTESIAN_POINT('',(-0.1,-2.84,-2.5));
#5047 = DIRECTION('',(-1.110223024625E-16,-1.,0.));
#5048 = DIRECTION('',(0.,0.,1.));
#5049 = ADVANCED_FACE('',(#5050),#5061,.T.);
#5050 = FACE_BOUND('',#5051,.T.);
#5051 = EDGE_LOOP('',(#5052,#5058,#5059,#5060));
#5052 = ORIENTED_EDGE('',*,*,#5053,.T.);
#5053 = EDGE_CURVE('',#3127,#3063,#5054,.T.);
#5054 = LINE('',#5055,#5056);
#5055 = CARTESIAN_POINT('',(-0.1,-2.69,-3.1));
#5056 = VECTOR('',#5057,1.);
#5057 = DIRECTION('',(1.,-1.110223024625E-16,0.));
#5058 = ORIENTED_EDGE('',*,*,#3070,.T.);
#5059 = ORIENTED_EDGE('',*,*,#5036,.F.);
#5060 = ORIENTED_EDGE('',*,*,#3134,.F.);
#5061 = PLANE('',#5062);
#5062 = AXIS2_PLACEMENT_3D('',#5063,#5064,#5065);
#5063 = CARTESIAN_POINT('',(-0.1,-2.69,-3.1));
#5064 = DIRECTION('',(-1.077074540829E-16,-0.970142500145,
    -0.242535625036));
#5065 = DIRECTION('',(-2.692686352073E-17,-0.242535625036,0.970142500145
    ));
#5066 = ADVANCED_FACE('',(#5067),#5078,.T.);
#5067 = FACE_BOUND('',#5068,.T.);
#5068 = EDGE_LOOP('',(#5069,#5075,#5076,#5077));
#5069 = ORIENTED_EDGE('',*,*,#5070,.T.);
#5070 = EDGE_CURVE('',#3119,#3055,#5071,.T.);
#5071 = LINE('',#5072,#5073);
#5072 = CARTESIAN_POINT('',(-0.1,-2.39,-3.1));
#5073 = VECTOR('',#5074,1.);
#5074 = DIRECTION('',(1.,-1.110223024625E-16,0.));
#5075 = ORIENTED_EDGE('',*,*,#3062,.T.);
#5076 = ORIENTED_EDGE('',*,*,#5053,.F.);
#5077 = ORIENTED_EDGE('',*,*,#3126,.T.);
#5078 = PLANE('',#5079);
#5079 = AXIS2_PLACEMENT_3D('',#5080,#5081,#5082);
#5080 = CARTESIAN_POINT('',(-0.1,-2.39,-3.1));
#5081 = DIRECTION('',(0.,-0.,-1.));
#5082 = DIRECTION('',(-1.110223024625E-16,-1.,0.));
#5083 = ADVANCED_FACE('',(#5084),#5095,.T.);
#5084 = FACE_BOUND('',#5085,.T.);
#5085 = EDGE_LOOP('',(#5086,#5092,#5093,#5094));
#5086 = ORIENTED_EDGE('',*,*,#5087,.T.);
#5087 = EDGE_CURVE('',#3111,#3047,#5088,.T.);
#5088 = LINE('',#5089,#5090);
#5089 = CARTESIAN_POINT('',(-0.1,-2.24,-2.5));
#5090 = VECTOR('',#5091,1.);
#5091 = DIRECTION('',(1.,-1.110223024625E-16,0.));
#5092 = ORIENTED_EDGE('',*,*,#3054,.T.);
#5093 = ORIENTED_EDGE('',*,*,#5070,.F.);
#5094 = ORIENTED_EDGE('',*,*,#3118,.F.);
#5095 = PLANE('',#5096);
#5096 = AXIS2_PLACEMENT_3D('',#5097,#5098,#5099);
#5097 = CARTESIAN_POINT('',(-0.1,-2.24,-2.5));
#5098 = DIRECTION('',(1.077074540829E-16,0.970142500145,-0.242535625036)
  );
#5099 = DIRECTION('',(-2.692686352073E-17,-0.242535625036,
    -0.970142500145));
#5100 = ADVANCED_FACE('',(#5101),#5107,.T.);
#5101 = FACE_BOUND('',#5102,.T.);
#5102 = EDGE_LOOP('',(#5103,#5104,#5105,#5106));
#5103 = ORIENTED_EDGE('',*,*,#3084,.T.);
#5104 = ORIENTED_EDGE('',*,*,#3046,.T.);
#5105 = ORIENTED_EDGE('',*,*,#5087,.F.);
#5106 = ORIENTED_EDGE('',*,*,#3110,.F.);
#5107 = PLANE('',#5108);
#5108 = AXIS2_PLACEMENT_3D('',#5109,#5110,#5111);
#5109 = CARTESIAN_POINT('',(-0.1,-2.24,0.2));
#5110 = DIRECTION('',(1.110223024625E-16,1.,0.));
#5111 = DIRECTION('',(0.,0.,-1.));
#5112 = ADVANCED_FACE('',(#5113),#5124,.T.);
#5113 = FACE_BOUND('',#5114,.T.);
#5114 = EDGE_LOOP('',(#5115,#5121,#5122,#5123));
#5115 = ORIENTED_EDGE('',*,*,#5116,.T.);
#5116 = EDGE_CURVE('',#3230,#3166,#5117,.T.);
#5117 = LINE('',#5118,#5119);
#5118 = CARTESIAN_POINT('',(-0.1,-0.3,-2.5));
#5119 = VECTOR('',#5120,1.);
#5120 = DIRECTION('',(1.,-1.110223024625E-16,0.));
#5121 = ORIENTED_EDGE('',*,*,#3165,.T.);
#5122 = ORIENTED_EDGE('',*,*,#3150,.F.);
#5123 = ORIENTED_EDGE('',*,*,#3229,.F.);
#5124 = PLANE('',#5125);
#5125 = AXIS2_PLACEMENT_3D('',#5126,#5127,#5128);
#5126 = CARTESIAN_POINT('',(-0.1,-0.3,-2.5));
#5127 = DIRECTION('',(-1.110223024625E-16,-1.,0.));
#5128 = DIRECTION('',(0.,0.,1.));
#5129 = ADVANCED_FACE('',(#5130),#5141,.T.);
#5130 = FACE_BOUND('',#5131,.T.);
#5131 = EDGE_LOOP('',(#5132,#5138,#5139,#5140));
#5132 = ORIENTED_EDGE('',*,*,#5133,.T.);
#5133 = EDGE_CURVE('',#3255,#3191,#5134,.T.);
#5134 = LINE('',#5135,#5136);
#5135 = CARTESIAN_POINT('',(-0.1,-0.15,-3.1));
#5136 = VECTOR('',#5137,1.);
#5137 = DIRECTION('',(1.,-1.110223024625E-16,0.));
#5138 = ORIENTED_EDGE('',*,*,#3198,.T.);
#5139 = ORIENTED_EDGE('',*,*,#5116,.F.);
#5140 = ORIENTED_EDGE('',*,*,#3262,.F.);
#5141 = PLANE('',#5142);
#5142 = AXIS2_PLACEMENT_3D('',#5143,#5144,#5145);
#5143 = CARTESIAN_POINT('',(-0.1,-0.15,-3.1));
#5144 = DIRECTION('',(-1.077074540829E-16,-0.970142500145,
    -0.242535625036));
#5145 = DIRECTION('',(-2.692686352073E-17,-0.242535625036,0.970142500145
    ));
#5146 = ADVANCED_FACE('',(#5147),#5158,.T.);
#5147 = FACE_BOUND('',#5148,.T.);
#5148 = EDGE_LOOP('',(#5149,#5155,#5156,#5157));
#5149 = ORIENTED_EDGE('',*,*,#5150,.T.);
#5150 = EDGE_CURVE('',#3247,#3183,#5151,.T.);
#5151 = LINE('',#5152,#5153);
#5152 = CARTESIAN_POINT('',(-0.1,0.15,-3.1));
#5153 = VECTOR('',#5154,1.);
#5154 = DIRECTION('',(1.,-1.110223024625E-16,0.));
#5155 = ORIENTED_EDGE('',*,*,#3190,.T.);
#5156 = ORIENTED_EDGE('',*,*,#5133,.F.);
#5157 = ORIENTED_EDGE('',*,*,#3254,.T.);
#5158 = PLANE('',#5159);
#5159 = AXIS2_PLACEMENT_3D('',#5160,#5161,#5162);
#5160 = CARTESIAN_POINT('',(-0.1,0.15,-3.1));
#5161 = DIRECTION('',(0.,-0.,-1.));
#5162 = DIRECTION('',(-1.110223024625E-16,-1.,0.));
#5163 = ADVANCED_FACE('',(#5164),#5175,.T.);
#5164 = FACE_BOUND('',#5165,.T.);
#5165 = EDGE_LOOP('',(#5166,#5172,#5173,#5174));
#5166 = ORIENTED_EDGE('',*,*,#5167,.T.);
#5167 = EDGE_CURVE('',#3239,#3175,#5168,.T.);
#5168 = LINE('',#5169,#5170);
#5169 = CARTESIAN_POINT('',(-0.1,0.3,-2.5));
#5170 = VECTOR('',#5171,1.);
#5171 = DIRECTION('',(1.,-1.110223024625E-16,0.));
#5172 = ORIENTED_EDGE('',*,*,#3182,.T.);
#5173 = ORIENTED_EDGE('',*,*,#5150,.F.);
#5174 = ORIENTED_EDGE('',*,*,#3246,.F.);
#5175 = PLANE('',#5176);
#5176 = AXIS2_PLACEMENT_3D('',#5177,#5178,#5179);
#5177 = CARTESIAN_POINT('',(-0.1,0.3,-2.5));
#5178 = DIRECTION('',(1.077074540829E-16,0.970142500145,-0.242535625036)
  );
#5179 = DIRECTION('',(-2.692686352073E-17,-0.242535625036,
    -0.970142500145));
#5180 = ADVANCED_FACE('',(#5181),#5187,.T.);
#5181 = FACE_BOUND('',#5182,.T.);
#5182 = EDGE_LOOP('',(#5183,#5184,#5185,#5186));
#5183 = ORIENTED_EDGE('',*,*,#3212,.T.);
#5184 = ORIENTED_EDGE('',*,*,#3174,.T.);
#5185 = ORIENTED_EDGE('',*,*,#5167,.F.);
#5186 = ORIENTED_EDGE('',*,*,#3238,.F.);
#5187 = PLANE('',#5188);
#5188 = AXIS2_PLACEMENT_3D('',#5189,#5190,#5191);
#5189 = CARTESIAN_POINT('',(-0.1,0.3,0.2));
#5190 = DIRECTION('',(1.110223024625E-16,1.,0.));
#5191 = DIRECTION('',(0.,0.,-1.));
#5192 = ADVANCED_FACE('',(#5193),#5204,.T.);
#5193 = FACE_BOUND('',#5194,.T.);
#5194 = EDGE_LOOP('',(#5195,#5196,#5197,#5198));
#5195 = ORIENTED_EDGE('',*,*,#3421,.T.);
#5196 = ORIENTED_EDGE('',*,*,#3284,.T.);
#5197 = ORIENTED_EDGE('',*,*,#3309,.T.);
#5198 = ORIENTED_EDGE('',*,*,#5199,.T.);
#5199 = EDGE_CURVE('',#3310,#3414,#5200,.T.);
#5200 = LINE('',#5201,#5202);
#5201 = CARTESIAN_POINT('',(0.1,-17.78,0.9));
#5202 = VECTOR('',#5203,1.);
#5203 = DIRECTION('',(-1.110223024625E-16,-1.,0.));
#5204 = PLANE('',#5205);
#5205 = AXIS2_PLACEMENT_3D('',#5206,#5207,#5208);
#5206 = CARTESIAN_POINT('',(-2.067651605486E-15,-17.78,0.9));
#5207 = DIRECTION('',(0.,0.,1.));
#5208 = DIRECTION('',(1.110223024625E-16,1.,-0.));
#5209 = ADVANCED_FACE('',(#5210),#5221,.T.);
#5210 = FACE_BOUND('',#5211,.T.);
#5211 = EDGE_LOOP('',(#5212,#5213,#5219,#5220));
#5212 = ORIENTED_EDGE('',*,*,#3389,.T.);
#5213 = ORIENTED_EDGE('',*,*,#5214,.F.);
#5214 = EDGE_CURVE('',#3334,#3390,#5215,.T.);
#5215 = LINE('',#5216,#5217);
#5216 = CARTESIAN_POINT('',(-0.1,-17.78,0.9));
#5217 = VECTOR('',#5218,1.);
#5218 = DIRECTION('',(-1.110223024625E-16,-1.,0.));
#5219 = ORIENTED_EDGE('',*,*,#3341,.T.);
#5220 = ORIENTED_EDGE('',*,*,#3364,.T.);
#5221 = PLANE('',#5222);
#5222 = AXIS2_PLACEMENT_3D('',#5223,#5224,#5225);
#5223 = CARTESIAN_POINT('',(-2.067651605486E-15,-17.78,0.9));
#5224 = DIRECTION('',(0.,0.,1.));
#5225 = DIRECTION('',(1.110223024625E-16,1.,-0.));
#5226 = ADVANCED_FACE('',(#5227),#5270,.T.);
#5227 = FACE_BOUND('',#5228,.T.);
#5228 = EDGE_LOOP('',(#5229,#5230,#5238,#5246,#5254,#5262,#5268,#5269));
#5229 = ORIENTED_EDGE('',*,*,#3397,.F.);
#5230 = ORIENTED_EDGE('',*,*,#5231,.T.);
#5231 = EDGE_CURVE('',#3398,#5232,#5234,.T.);
#5232 = VERTEX_POINT('',#5233);
#5233 = CARTESIAN_POINT('',(-0.1,-18.03,7.35));
#5234 = LINE('',#5235,#5236);
#5235 = CARTESIAN_POINT('',(-0.1,-18.08,7.4));
#5236 = VECTOR('',#5237,1.);
#5237 = DIRECTION('',(7.850462293414E-17,0.707106781187,-0.707106781187)
  );
#5238 = ORIENTED_EDGE('',*,*,#5239,.T.);
#5239 = EDGE_CURVE('',#5232,#5240,#5242,.T.);
#5240 = VERTEX_POINT('',#5241);
#5241 = CARTESIAN_POINT('',(-0.1,-18.03,1.25));
#5242 = LINE('',#5243,#5244);
#5243 = CARTESIAN_POINT('',(-0.1,-18.03,7.35));
#5244 = VECTOR('',#5245,1.);
#5245 = DIRECTION('',(0.,0.,-1.));
#5246 = ORIENTED_EDGE('',*,*,#5247,.T.);
#5247 = EDGE_CURVE('',#5240,#5248,#5250,.T.);
#5248 = VERTEX_POINT('',#5249);
#5249 = CARTESIAN_POINT('',(-0.1,-17.53,1.25));
#5250 = LINE('',#5251,#5252);
#5251 = CARTESIAN_POINT('',(-0.1,-18.03,1.25));
#5252 = VECTOR('',#5253,1.);
#5253 = DIRECTION('',(1.110223024625E-16,1.,0.));
#5254 = ORIENTED_EDGE('',*,*,#5255,.T.);
#5255 = EDGE_CURVE('',#5248,#5256,#5258,.T.);
#5256 = VERTEX_POINT('',#5257);
#5257 = CARTESIAN_POINT('',(-0.1,-17.53,7.35));
#5258 = LINE('',#5259,#5260);
#5259 = CARTESIAN_POINT('',(-0.1,-17.53,1.25));
#5260 = VECTOR('',#5261,1.);
#5261 = DIRECTION('',(0.,0.,1.));
#5262 = ORIENTED_EDGE('',*,*,#5263,.T.);
#5263 = EDGE_CURVE('',#5256,#3326,#5264,.T.);
#5264 = LINE('',#5265,#5266);
#5265 = CARTESIAN_POINT('',(-0.1,-17.53,7.35));
#5266 = VECTOR('',#5267,1.);
#5267 = DIRECTION('',(7.850462293414E-17,0.707106781187,0.707106781187)
  );
#5268 = ORIENTED_EDGE('',*,*,#3333,.F.);
#5269 = ORIENTED_EDGE('',*,*,#5214,.T.);
#5270 = PLANE('',#5271);
#5271 = AXIS2_PLACEMENT_3D('',#5272,#5273,#5274);
#5272 = CARTESIAN_POINT('',(-0.1,-17.78,3.911477598424));
#5273 = DIRECTION('',(-1.,1.110223024625E-16,0.));
#5274 = DIRECTION('',(0.,0.,1.));
#5275 = ADVANCED_FACE('',(#5276),#5294,.T.);
#5276 = FACE_BOUND('',#5277,.T.);
#5277 = EDGE_LOOP('',(#5278,#5286,#5292,#5293));
#5278 = ORIENTED_EDGE('',*,*,#5279,.T.);
#5279 = EDGE_CURVE('',#5256,#5280,#5282,.T.);
#5280 = VERTEX_POINT('',#5281);
#5281 = CARTESIAN_POINT('',(0.1,-17.53,7.35));
#5282 = LINE('',#5283,#5284);
#5283 = CARTESIAN_POINT('',(-0.1,-17.53,7.35));
#5284 = VECTOR('',#5285,1.);
#5285 = DIRECTION('',(1.,-1.110223024625E-16,0.));
#5286 = ORIENTED_EDGE('',*,*,#5287,.T.);
#5287 = EDGE_CURVE('',#5280,#3318,#5288,.T.);
#5288 = LINE('',#5289,#5290);
#5289 = CARTESIAN_POINT('',(0.1,-17.53,7.35));
#5290 = VECTOR('',#5291,1.);
#5291 = DIRECTION('',(7.850462293414E-17,0.707106781187,0.707106781187)
  );
#5292 = ORIENTED_EDGE('',*,*,#3325,.F.);
#5293 = ORIENTED_EDGE('',*,*,#5263,.F.);
#5294 = PLANE('',#5295);
#5295 = AXIS2_PLACEMENT_3D('',#5296,#5297,#5298);
#5296 = CARTESIAN_POINT('',(-0.1,-17.53,7.35));
#5297 = DIRECTION('',(-7.850462293414E-17,-0.707106781187,0.707106781187
    ));
#5298 = DIRECTION('',(7.850462293414E-17,0.707106781187,0.707106781187)
  );
#5299 = ADVANCED_FACE('',(#5300),#5336,.F.);
#5300 = FACE_BOUND('',#5301,.F.);
#5301 = EDGE_LOOP('',(#5302,#5303,#5311,#5319,#5327,#5333,#5334,#5335));
#5302 = ORIENTED_EDGE('',*,*,#3413,.F.);
#5303 = ORIENTED_EDGE('',*,*,#5304,.T.);
#5304 = EDGE_CURVE('',#3406,#5305,#5307,.T.);
#5305 = VERTEX_POINT('',#5306);
#5306 = CARTESIAN_POINT('',(0.1,-18.03,7.35));
#5307 = LINE('',#5308,#5309);
#5308 = CARTESIAN_POINT('',(0.1,-18.08,7.4));
#5309 = VECTOR('',#5310,1.);
#5310 = DIRECTION('',(7.850462293414E-17,0.707106781187,-0.707106781187)
  );
#5311 = ORIENTED_EDGE('',*,*,#5312,.T.);
#5312 = EDGE_CURVE('',#5305,#5313,#5315,.T.);
#5313 = VERTEX_POINT('',#5314);
#5314 = CARTESIAN_POINT('',(0.1,-18.03,1.25));
#5315 = LINE('',#5316,#5317);
#5316 = CARTESIAN_POINT('',(0.1,-18.03,7.35));
#5317 = VECTOR('',#5318,1.);
#5318 = DIRECTION('',(0.,0.,-1.));
#5319 = ORIENTED_EDGE('',*,*,#5320,.T.);
#5320 = EDGE_CURVE('',#5313,#5321,#5323,.T.);
#5321 = VERTEX_POINT('',#5322);
#5322 = CARTESIAN_POINT('',(0.1,-17.53,1.25));
#5323 = LINE('',#5324,#5325);
#5324 = CARTESIAN_POINT('',(0.1,-18.03,1.25));
#5325 = VECTOR('',#5326,1.);
#5326 = DIRECTION('',(1.110223024625E-16,1.,0.));
#5327 = ORIENTED_EDGE('',*,*,#5328,.T.);
#5328 = EDGE_CURVE('',#5321,#5280,#5329,.T.);
#5329 = LINE('',#5330,#5331);
#5330 = CARTESIAN_POINT('',(0.1,-17.53,1.25));
#5331 = VECTOR('',#5332,1.);
#5332 = DIRECTION('',(0.,0.,1.));
#5333 = ORIENTED_EDGE('',*,*,#5287,.T.);
#5334 = ORIENTED_EDGE('',*,*,#3317,.F.);
#5335 = ORIENTED_EDGE('',*,*,#5199,.T.);
#5336 = PLANE('',#5337);
#5337 = AXIS2_PLACEMENT_3D('',#5338,#5339,#5340);
#5338 = CARTESIAN_POINT('',(0.1,-17.78,3.911477598424));
#5339 = DIRECTION('',(-1.,1.110223024625E-16,0.));
#5340 = DIRECTION('',(0.,0.,1.));
#5341 = ADVANCED_FACE('',(#5342),#5353,.T.);
#5342 = FACE_BOUND('',#5343,.T.);
#5343 = EDGE_LOOP('',(#5344,#5345,#5346,#5352));
#5344 = ORIENTED_EDGE('',*,*,#3405,.T.);
#5345 = ORIENTED_EDGE('',*,*,#5304,.T.);
#5346 = ORIENTED_EDGE('',*,*,#5347,.F.);
#5347 = EDGE_CURVE('',#5232,#5305,#5348,.T.);
#5348 = LINE('',#5349,#5350);
#5349 = CARTESIAN_POINT('',(-0.1,-18.03,7.35));
#5350 = VECTOR('',#5351,1.);
#5351 = DIRECTION('',(1.,-1.110223024625E-16,0.));
#5352 = ORIENTED_EDGE('',*,*,#5231,.F.);
#5353 = PLANE('',#5354);
#5354 = AXIS2_PLACEMENT_3D('',#5355,#5356,#5357);
#5355 = CARTESIAN_POINT('',(-0.1,-18.08,7.4));
#5356 = DIRECTION('',(7.850462293414E-17,0.707106781187,0.707106781187)
  );
#5357 = DIRECTION('',(7.850462293414E-17,0.707106781187,-0.707106781187)
  );
#5358 = ADVANCED_FACE('',(#5359),#5370,.T.);
#5359 = FACE_BOUND('',#5360,.T.);
#5360 = EDGE_LOOP('',(#5361,#5362,#5363,#5364));
#5361 = ORIENTED_EDGE('',*,*,#3581,.T.);
#5362 = ORIENTED_EDGE('',*,*,#3444,.T.);
#5363 = ORIENTED_EDGE('',*,*,#3469,.T.);
#5364 = ORIENTED_EDGE('',*,*,#5365,.T.);
#5365 = EDGE_CURVE('',#3470,#3574,#5366,.T.);
#5366 = LINE('',#5367,#5368);
#5367 = CARTESIAN_POINT('',(0.1,-15.24,0.9));
#5368 = VECTOR('',#5369,1.);
#5369 = DIRECTION('',(-1.110223024625E-16,-1.,0.));
#5370 = PLANE('',#5371);
#5371 = AXIS2_PLACEMENT_3D('',#5372,#5373,#5374);
#5372 = CARTESIAN_POINT('',(-1.785654957231E-15,-15.24,0.9));
#5373 = DIRECTION('',(0.,0.,1.));
#5374 = DIRECTION('',(1.110223024625E-16,1.,-0.));
#5375 = ADVANCED_FACE('',(#5376),#5387,.T.);
#5376 = FACE_BOUND('',#5377,.T.);
#5377 = EDGE_LOOP('',(#5378,#5379,#5385,#5386));
#5378 = ORIENTED_EDGE('',*,*,#3549,.T.);
#5379 = ORIENTED_EDGE('',*,*,#5380,.F.);
#5380 = EDGE_CURVE('',#3494,#3550,#5381,.T.);
#5381 = LINE('',#5382,#5383);
#5382 = CARTESIAN_POINT('',(-0.1,-15.24,0.9));
#5383 = VECTOR('',#5384,1.);
#5384 = DIRECTION('',(-1.110223024625E-16,-1.,0.));
#5385 = ORIENTED_EDGE('',*,*,#3501,.T.);
#5386 = ORIENTED_EDGE('',*,*,#3524,.T.);
#5387 = PLANE('',#5388);
#5388 = AXIS2_PLACEMENT_3D('',#5389,#5390,#5391);
#5389 = CARTESIAN_POINT('',(-1.785654957231E-15,-15.24,0.9));
#5390 = DIRECTION('',(0.,0.,1.));
#5391 = DIRECTION('',(1.110223024625E-16,1.,-0.));
#5392 = ADVANCED_FACE('',(#5393),#5436,.T.);
#5393 = FACE_BOUND('',#5394,.T.);
#5394 = EDGE_LOOP('',(#5395,#5396,#5404,#5412,#5420,#5428,#5434,#5435));
#5395 = ORIENTED_EDGE('',*,*,#3557,.F.);
#5396 = ORIENTED_EDGE('',*,*,#5397,.T.);
#5397 = EDGE_CURVE('',#3558,#5398,#5400,.T.);
#5398 = VERTEX_POINT('',#5399);
#5399 = CARTESIAN_POINT('',(-0.1,-15.49,7.35));
#5400 = LINE('',#5401,#5402);
#5401 = CARTESIAN_POINT('',(-0.1,-15.54,7.4));
#5402 = VECTOR('',#5403,1.);
#5403 = DIRECTION('',(7.850462293414E-17,0.707106781187,-0.707106781187)
  );
#5404 = ORIENTED_EDGE('',*,*,#5405,.T.);
#5405 = EDGE_CURVE('',#5398,#5406,#5408,.T.);
#5406 = VERTEX_POINT('',#5407);
#5407 = CARTESIAN_POINT('',(-0.1,-15.49,1.25));
#5408 = LINE('',#5409,#5410);
#5409 = CARTESIAN_POINT('',(-0.1,-15.49,7.35));
#5410 = VECTOR('',#5411,1.);
#5411 = DIRECTION('',(0.,0.,-1.));
#5412 = ORIENTED_EDGE('',*,*,#5413,.T.);
#5413 = EDGE_CURVE('',#5406,#5414,#5416,.T.);
#5414 = VERTEX_POINT('',#5415);
#5415 = CARTESIAN_POINT('',(-0.1,-14.99,1.25));
#5416 = LINE('',#5417,#5418);
#5417 = CARTESIAN_POINT('',(-0.1,-15.49,1.25));
#5418 = VECTOR('',#5419,1.);
#5419 = DIRECTION('',(1.110223024625E-16,1.,0.));
#5420 = ORIENTED_EDGE('',*,*,#5421,.T.);
#5421 = EDGE_CURVE('',#5414,#5422,#5424,.T.);
#5422 = VERTEX_POINT('',#5423);
#5423 = CARTESIAN_POINT('',(-0.1,-14.99,7.35));
#5424 = LINE('',#5425,#5426);
#5425 = CARTESIAN_POINT('',(-0.1,-14.99,1.25));
#5426 = VECTOR('',#5427,1.);
#5427 = DIRECTION('',(0.,0.,1.));
#5428 = ORIENTED_EDGE('',*,*,#5429,.T.);
#5429 = EDGE_CURVE('',#5422,#3486,#5430,.T.);
#5430 = LINE('',#5431,#5432);
#5431 = CARTESIAN_POINT('',(-0.1,-14.99,7.35));
#5432 = VECTOR('',#5433,1.);
#5433 = DIRECTION('',(7.850462293414E-17,0.707106781187,0.707106781187)
  );
#5434 = ORIENTED_EDGE('',*,*,#3493,.F.);
#5435 = ORIENTED_EDGE('',*,*,#5380,.T.);
#5436 = PLANE('',#5437);
#5437 = AXIS2_PLACEMENT_3D('',#5438,#5439,#5440);
#5438 = CARTESIAN_POINT('',(-0.1,-15.24,3.911477598424));
#5439 = DIRECTION('',(-1.,1.110223024625E-16,0.));
#5440 = DIRECTION('',(0.,0.,1.));
#5441 = ADVANCED_FACE('',(#5442),#5460,.T.);
#5442 = FACE_BOUND('',#5443,.T.);
#5443 = EDGE_LOOP('',(#5444,#5452,#5458,#5459));
#5444 = ORIENTED_EDGE('',*,*,#5445,.T.);
#5445 = EDGE_CURVE('',#5422,#5446,#5448,.T.);
#5446 = VERTEX_POINT('',#5447);
#5447 = CARTESIAN_POINT('',(0.1,-14.99,7.35));
#5448 = LINE('',#5449,#5450);
#5449 = CARTESIAN_POINT('',(-0.1,-14.99,7.35));
#5450 = VECTOR('',#5451,1.);
#5451 = DIRECTION('',(1.,-1.110223024625E-16,0.));
#5452 = ORIENTED_EDGE('',*,*,#5453,.T.);
#5453 = EDGE_CURVE('',#5446,#3478,#5454,.T.);
#5454 = LINE('',#5455,#5456);
#5455 = CARTESIAN_POINT('',(0.1,-14.99,7.35));
#5456 = VECTOR('',#5457,1.);
#5457 = DIRECTION('',(7.850462293414E-17,0.707106781187,0.707106781187)
  );
#5458 = ORIENTED_EDGE('',*,*,#3485,.F.);
#5459 = ORIENTED_EDGE('',*,*,#5429,.F.);
#5460 = PLANE('',#5461);
#5461 = AXIS2_PLACEMENT_3D('',#5462,#5463,#5464);
#5462 = CARTESIAN_POINT('',(-0.1,-14.99,7.35));
#5463 = DIRECTION('',(-7.850462293414E-17,-0.707106781187,0.707106781187
    ));
#5464 = DIRECTION('',(7.850462293414E-17,0.707106781187,0.707106781187)
  );
#5465 = ADVANCED_FACE('',(#5466),#5502,.F.);
#5466 = FACE_BOUND('',#5467,.F.);
#5467 = EDGE_LOOP('',(#5468,#5469,#5477,#5485,#5493,#5499,#5500,#5501));
#5468 = ORIENTED_EDGE('',*,*,#3573,.F.);
#5469 = ORIENTED_EDGE('',*,*,#5470,.T.);
#5470 = EDGE_CURVE('',#3566,#5471,#5473,.T.);
#5471 = VERTEX_POINT('',#5472);
#5472 = CARTESIAN_POINT('',(0.1,-15.49,7.35));
#5473 = LINE('',#5474,#5475);
#5474 = CARTESIAN_POINT('',(0.1,-15.54,7.4));
#5475 = VECTOR('',#5476,1.);
#5476 = DIRECTION('',(7.850462293414E-17,0.707106781187,-0.707106781187)
  );
#5477 = ORIENTED_EDGE('',*,*,#5478,.T.);
#5478 = EDGE_CURVE('',#5471,#5479,#5481,.T.);
#5479 = VERTEX_POINT('',#5480);
#5480 = CARTESIAN_POINT('',(0.1,-15.49,1.25));
#5481 = LINE('',#5482,#5483);
#5482 = CARTESIAN_POINT('',(0.1,-15.49,7.35));
#5483 = VECTOR('',#5484,1.);
#5484 = DIRECTION('',(0.,0.,-1.));
#5485 = ORIENTED_EDGE('',*,*,#5486,.T.);
#5486 = EDGE_CURVE('',#5479,#5487,#5489,.T.);
#5487 = VERTEX_POINT('',#5488);
#5488 = CARTESIAN_POINT('',(0.1,-14.99,1.25));
#5489 = LINE('',#5490,#5491);
#5490 = CARTESIAN_POINT('',(0.1,-15.49,1.25));
#5491 = VECTOR('',#5492,1.);
#5492 = DIRECTION('',(1.110223024625E-16,1.,0.));
#5493 = ORIENTED_EDGE('',*,*,#5494,.T.);
#5494 = EDGE_CURVE('',#5487,#5446,#5495,.T.);
#5495 = LINE('',#5496,#5497);
#5496 = CARTESIAN_POINT('',(0.1,-14.99,1.25));
#5497 = VECTOR('',#5498,1.);
#5498 = DIRECTION('',(0.,0.,1.));
#5499 = ORIENTED_EDGE('',*,*,#5453,.T.);
#5500 = ORIENTED_EDGE('',*,*,#3477,.F.);
#5501 = ORIENTED_EDGE('',*,*,#5365,.T.);
#5502 = PLANE('',#5503);
#5503 = AXIS2_PLACEMENT_3D('',#5504,#5505,#5506);
#5504 = CARTESIAN_POINT('',(0.1,-15.24,3.911477598424));
#5505 = DIRECTION('',(-1.,1.110223024625E-16,0.));
#5506 = DIRECTION('',(0.,0.,1.));
#5507 = ADVANCED_FACE('',(#5508),#5519,.T.);
#5508 = FACE_BOUND('',#5509,.T.);
#5509 = EDGE_LOOP('',(#5510,#5511,#5512,#5518));
#5510 = ORIENTED_EDGE('',*,*,#3565,.T.);
#5511 = ORIENTED_EDGE('',*,*,#5470,.T.);
#5512 = ORIENTED_EDGE('',*,*,#5513,.F.);
#5513 = EDGE_CURVE('',#5398,#5471,#5514,.T.);
#5514 = LINE('',#5515,#5516);
#5515 = CARTESIAN_POINT('',(-0.1,-15.49,7.35));
#5516 = VECTOR('',#5517,1.);
#5517 = DIRECTION('',(1.,-1.110223024625E-16,0.));
#5518 = ORIENTED_EDGE('',*,*,#5397,.F.);
#5519 = PLANE('',#5520);
#5520 = AXIS2_PLACEMENT_3D('',#5521,#5522,#5523);
#5521 = CARTESIAN_POINT('',(-0.1,-15.54,7.4));
#5522 = DIRECTION('',(7.850462293414E-17,0.707106781187,0.707106781187)
  );
#5523 = DIRECTION('',(7.850462293414E-17,0.707106781187,-0.707106781187)
  );
#5524 = ADVANCED_FACE('',(#5525),#5536,.T.);
#5525 = FACE_BOUND('',#5526,.T.);
#5526 = EDGE_LOOP('',(#5527,#5528,#5529,#5530));
#5527 = ORIENTED_EDGE('',*,*,#3741,.T.);
#5528 = ORIENTED_EDGE('',*,*,#3604,.T.);
#5529 = ORIENTED_EDGE('',*,*,#3629,.T.);
#5530 = ORIENTED_EDGE('',*,*,#5531,.T.);
#5531 = EDGE_CURVE('',#3630,#3734,#5532,.T.);
#5532 = LINE('',#5533,#5534);
#5533 = CARTESIAN_POINT('',(0.1,-12.7,0.9));
#5534 = VECTOR('',#5535,1.);
#5535 = DIRECTION('',(-1.110223024625E-16,-1.,0.));
#5536 = PLANE('',#5537);
#5537 = AXIS2_PLACEMENT_3D('',#5538,#5539,#5540);
#5538 = CARTESIAN_POINT('',(-1.503658308977E-15,-12.7,0.9));
#5539 = DIRECTION('',(0.,0.,1.));
#5540 = DIRECTION('',(1.110223024625E-16,1.,-0.));
#5541 = ADVANCED_FACE('',(#5542),#5553,.T.);
#5542 = FACE_BOUND('',#5543,.T.);
#5543 = EDGE_LOOP('',(#5544,#5545,#5551,#5552));
#5544 = ORIENTED_EDGE('',*,*,#3709,.T.);
#5545 = ORIENTED_EDGE('',*,*,#5546,.F.);
#5546 = EDGE_CURVE('',#3654,#3710,#5547,.T.);
#5547 = LINE('',#5548,#5549);
#5548 = CARTESIAN_POINT('',(-0.1,-12.7,0.9));
#5549 = VECTOR('',#5550,1.);
#5550 = DIRECTION('',(-1.110223024625E-16,-1.,0.));
#5551 = ORIENTED_EDGE('',*,*,#3661,.T.);
#5552 = ORIENTED_EDGE('',*,*,#3684,.T.);
#5553 = PLANE('',#5554);
#5554 = AXIS2_PLACEMENT_3D('',#5555,#5556,#5557);
#5555 = CARTESIAN_POINT('',(-1.503658308977E-15,-12.7,0.9));
#5556 = DIRECTION('',(0.,0.,1.));
#5557 = DIRECTION('',(1.110223024625E-16,1.,-0.));
#5558 = ADVANCED_FACE('',(#5559),#5602,.T.);
#5559 = FACE_BOUND('',#5560,.T.);
#5560 = EDGE_LOOP('',(#5561,#5562,#5570,#5578,#5586,#5594,#5600,#5601));
#5561 = ORIENTED_EDGE('',*,*,#3717,.F.);
#5562 = ORIENTED_EDGE('',*,*,#5563,.T.);
#5563 = EDGE_CURVE('',#3718,#5564,#5566,.T.);
#5564 = VERTEX_POINT('',#5565);
#5565 = CARTESIAN_POINT('',(-0.1,-12.95,7.35));
#5566 = LINE('',#5567,#5568);
#5567 = CARTESIAN_POINT('',(-0.1,-13.,7.4));
#5568 = VECTOR('',#5569,1.);
#5569 = DIRECTION('',(7.850462293414E-17,0.707106781187,-0.707106781187)
  );
#5570 = ORIENTED_EDGE('',*,*,#5571,.T.);
#5571 = EDGE_CURVE('',#5564,#5572,#5574,.T.);
#5572 = VERTEX_POINT('',#5573);
#5573 = CARTESIAN_POINT('',(-0.1,-12.95,1.25));
#5574 = LINE('',#5575,#5576);
#5575 = CARTESIAN_POINT('',(-0.1,-12.95,7.35));
#5576 = VECTOR('',#5577,1.);
#5577 = DIRECTION('',(0.,0.,-1.));
#5578 = ORIENTED_EDGE('',*,*,#5579,.T.);
#5579 = EDGE_CURVE('',#5572,#5580,#5582,.T.);
#5580 = VERTEX_POINT('',#5581);
#5581 = CARTESIAN_POINT('',(-0.1,-12.45,1.25));
#5582 = LINE('',#5583,#5584);
#5583 = CARTESIAN_POINT('',(-0.1,-12.95,1.25));
#5584 = VECTOR('',#5585,1.);
#5585 = DIRECTION('',(1.110223024625E-16,1.,0.));
#5586 = ORIENTED_EDGE('',*,*,#5587,.T.);
#5587 = EDGE_CURVE('',#5580,#5588,#5590,.T.);
#5588 = VERTEX_POINT('',#5589);
#5589 = CARTESIAN_POINT('',(-0.1,-12.45,7.35));
#5590 = LINE('',#5591,#5592);
#5591 = CARTESIAN_POINT('',(-0.1,-12.45,1.25));
#5592 = VECTOR('',#5593,1.);
#5593 = DIRECTION('',(0.,0.,1.));
#5594 = ORIENTED_EDGE('',*,*,#5595,.T.);
#5595 = EDGE_CURVE('',#5588,#3646,#5596,.T.);
#5596 = LINE('',#5597,#5598);
#5597 = CARTESIAN_POINT('',(-0.1,-12.45,7.35));
#5598 = VECTOR('',#5599,1.);
#5599 = DIRECTION('',(7.850462293414E-17,0.707106781187,0.707106781187)
  );
#5600 = ORIENTED_EDGE('',*,*,#3653,.F.);
#5601 = ORIENTED_EDGE('',*,*,#5546,.T.);
#5602 = PLANE('',#5603);
#5603 = AXIS2_PLACEMENT_3D('',#5604,#5605,#5606);
#5604 = CARTESIAN_POINT('',(-0.1,-12.7,3.911477598424));
#5605 = DIRECTION('',(-1.,1.110223024625E-16,0.));
#5606 = DIRECTION('',(0.,0.,1.));
#5607 = ADVANCED_FACE('',(#5608),#5626,.T.);
#5608 = FACE_BOUND('',#5609,.T.);
#5609 = EDGE_LOOP('',(#5610,#5618,#5624,#5625));
#5610 = ORIENTED_EDGE('',*,*,#5611,.T.);
#5611 = EDGE_CURVE('',#5588,#5612,#5614,.T.);
#5612 = VERTEX_POINT('',#5613);
#5613 = CARTESIAN_POINT('',(0.1,-12.45,7.35));
#5614 = LINE('',#5615,#5616);
#5615 = CARTESIAN_POINT('',(-0.1,-12.45,7.35));
#5616 = VECTOR('',#5617,1.);
#5617 = DIRECTION('',(1.,-1.110223024625E-16,0.));
#5618 = ORIENTED_EDGE('',*,*,#5619,.T.);
#5619 = EDGE_CURVE('',#5612,#3638,#5620,.T.);
#5620 = LINE('',#5621,#5622);
#5621 = CARTESIAN_POINT('',(0.1,-12.45,7.35));
#5622 = VECTOR('',#5623,1.);
#5623 = DIRECTION('',(7.850462293414E-17,0.707106781187,0.707106781187)
  );
#5624 = ORIENTED_EDGE('',*,*,#3645,.F.);
#5625 = ORIENTED_EDGE('',*,*,#5595,.F.);
#5626 = PLANE('',#5627);
#5627 = AXIS2_PLACEMENT_3D('',#5628,#5629,#5630);
#5628 = CARTESIAN_POINT('',(-0.1,-12.45,7.35));
#5629 = DIRECTION('',(-7.850462293414E-17,-0.707106781187,0.707106781187
    ));
#5630 = DIRECTION('',(7.850462293414E-17,0.707106781187,0.707106781187)
  );
#5631 = ADVANCED_FACE('',(#5632),#5668,.F.);
#5632 = FACE_BOUND('',#5633,.F.);
#5633 = EDGE_LOOP('',(#5634,#5635,#5643,#5651,#5659,#5665,#5666,#5667));
#5634 = ORIENTED_EDGE('',*,*,#3733,.F.);
#5635 = ORIENTED_EDGE('',*,*,#5636,.T.);
#5636 = EDGE_CURVE('',#3726,#5637,#5639,.T.);
#5637 = VERTEX_POINT('',#5638);
#5638 = CARTESIAN_POINT('',(0.1,-12.95,7.35));
#5639 = LINE('',#5640,#5641);
#5640 = CARTESIAN_POINT('',(0.1,-13.,7.4));
#5641 = VECTOR('',#5642,1.);
#5642 = DIRECTION('',(7.850462293414E-17,0.707106781187,-0.707106781187)
  );
#5643 = ORIENTED_EDGE('',*,*,#5644,.T.);
#5644 = EDGE_CURVE('',#5637,#5645,#5647,.T.);
#5645 = VERTEX_POINT('',#5646);
#5646 = CARTESIAN_POINT('',(0.1,-12.95,1.25));
#5647 = LINE('',#5648,#5649);
#5648 = CARTESIAN_POINT('',(0.1,-12.95,7.35));
#5649 = VECTOR('',#5650,1.);
#5650 = DIRECTION('',(0.,0.,-1.));
#5651 = ORIENTED_EDGE('',*,*,#5652,.T.);
#5652 = EDGE_CURVE('',#5645,#5653,#5655,.T.);
#5653 = VERTEX_POINT('',#5654);
#5654 = CARTESIAN_POINT('',(0.1,-12.45,1.25));
#5655 = LINE('',#5656,#5657);
#5656 = CARTESIAN_POINT('',(0.1,-12.95,1.25));
#5657 = VECTOR('',#5658,1.);
#5658 = DIRECTION('',(1.110223024625E-16,1.,0.));
#5659 = ORIENTED_EDGE('',*,*,#5660,.T.);
#5660 = EDGE_CURVE('',#5653,#5612,#5661,.T.);
#5661 = LINE('',#5662,#5663);
#5662 = CARTESIAN_POINT('',(0.1,-12.45,1.25));
#5663 = VECTOR('',#5664,1.);
#5664 = DIRECTION('',(0.,0.,1.));
#5665 = ORIENTED_EDGE('',*,*,#5619,.T.);
#5666 = ORIENTED_EDGE('',*,*,#3637,.F.);
#5667 = ORIENTED_EDGE('',*,*,#5531,.T.);
#5668 = PLANE('',#5669);
#5669 = AXIS2_PLACEMENT_3D('',#5670,#5671,#5672);
#5670 = CARTESIAN_POINT('',(0.1,-12.7,3.911477598424));
#5671 = DIRECTION('',(-1.,1.110223024625E-16,0.));
#5672 = DIRECTION('',(0.,0.,1.));
#5673 = ADVANCED_FACE('',(#5674),#5685,.T.);
#5674 = FACE_BOUND('',#5675,.T.);
#5675 = EDGE_LOOP('',(#5676,#5677,#5678,#5684));
#5676 = ORIENTED_EDGE('',*,*,#3725,.T.);
#5677 = ORIENTED_EDGE('',*,*,#5636,.T.);
#5678 = ORIENTED_EDGE('',*,*,#5679,.F.);
#5679 = EDGE_CURVE('',#5564,#5637,#5680,.T.);
#5680 = LINE('',#5681,#5682);
#5681 = CARTESIAN_POINT('',(-0.1,-12.95,7.35));
#5682 = VECTOR('',#5683,1.);
#5683 = DIRECTION('',(1.,-1.110223024625E-16,0.));
#5684 = ORIENTED_EDGE('',*,*,#5563,.F.);
#5685 = PLANE('',#5686);
#5686 = AXIS2_PLACEMENT_3D('',#5687,#5688,#5689);
#5687 = CARTESIAN_POINT('',(-0.1,-13.,7.4));
#5688 = DIRECTION('',(7.850462293414E-17,0.707106781187,0.707106781187)
  );
#5689 = DIRECTION('',(7.850462293414E-17,0.707106781187,-0.707106781187)
  );
#5690 = ADVANCED_FACE('',(#5691),#5702,.T.);
#5691 = FACE_BOUND('',#5692,.T.);
#5692 = EDGE_LOOP('',(#5693,#5694,#5695,#5696));
#5693 = ORIENTED_EDGE('',*,*,#3901,.T.);
#5694 = ORIENTED_EDGE('',*,*,#3764,.T.);
#5695 = ORIENTED_EDGE('',*,*,#3789,.T.);
#5696 = ORIENTED_EDGE('',*,*,#5697,.T.);
#5697 = EDGE_CURVE('',#3790,#3894,#5698,.T.);
#5698 = LINE('',#5699,#5700);
#5699 = CARTESIAN_POINT('',(0.1,-10.16,0.9));
#5700 = VECTOR('',#5701,1.);
#5701 = DIRECTION('',(-1.110223024625E-16,-1.,0.));
#5702 = PLANE('',#5703);
#5703 = AXIS2_PLACEMENT_3D('',#5704,#5705,#5706);
#5704 = CARTESIAN_POINT('',(-1.221661660722E-15,-10.16,0.9));
#5705 = DIRECTION('',(0.,0.,1.));
#5706 = DIRECTION('',(1.110223024625E-16,1.,-0.));
#5707 = ADVANCED_FACE('',(#5708),#5719,.T.);
#5708 = FACE_BOUND('',#5709,.T.);
#5709 = EDGE_LOOP('',(#5710,#5711,#5717,#5718));
#5710 = ORIENTED_EDGE('',*,*,#3869,.T.);
#5711 = ORIENTED_EDGE('',*,*,#5712,.F.);
#5712 = EDGE_CURVE('',#3814,#3870,#5713,.T.);
#5713 = LINE('',#5714,#5715);
#5714 = CARTESIAN_POINT('',(-0.1,-10.16,0.9));
#5715 = VECTOR('',#5716,1.);
#5716 = DIRECTION('',(-1.110223024625E-16,-1.,0.));
#5717 = ORIENTED_EDGE('',*,*,#3821,.T.);
#5718 = ORIENTED_EDGE('',*,*,#3844,.T.);
#5719 = PLANE('',#5720);
#5720 = AXIS2_PLACEMENT_3D('',#5721,#5722,#5723);
#5721 = CARTESIAN_POINT('',(-1.221661660722E-15,-10.16,0.9));
#5722 = DIRECTION('',(0.,0.,1.));
#5723 = DIRECTION('',(1.110223024625E-16,1.,-0.));
#5724 = ADVANCED_FACE('',(#5725),#5768,.T.);
#5725 = FACE_BOUND('',#5726,.T.);
#5726 = EDGE_LOOP('',(#5727,#5728,#5736,#5744,#5752,#5760,#5766,#5767));
#5727 = ORIENTED_EDGE('',*,*,#3877,.F.);
#5728 = ORIENTED_EDGE('',*,*,#5729,.T.);
#5729 = EDGE_CURVE('',#3878,#5730,#5732,.T.);
#5730 = VERTEX_POINT('',#5731);
#5731 = CARTESIAN_POINT('',(-0.1,-10.41,7.35));
#5732 = LINE('',#5733,#5734);
#5733 = CARTESIAN_POINT('',(-0.1,-10.46,7.4));
#5734 = VECTOR('',#5735,1.);
#5735 = DIRECTION('',(7.850462293414E-17,0.707106781187,-0.707106781187)
  );
#5736 = ORIENTED_EDGE('',*,*,#5737,.T.);
#5737 = EDGE_CURVE('',#5730,#5738,#5740,.T.);
#5738 = VERTEX_POINT('',#5739);
#5739 = CARTESIAN_POINT('',(-0.1,-10.41,1.25));
#5740 = LINE('',#5741,#5742);
#5741 = CARTESIAN_POINT('',(-0.1,-10.41,7.35));
#5742 = VECTOR('',#5743,1.);
#5743 = DIRECTION('',(0.,0.,-1.));
#5744 = ORIENTED_EDGE('',*,*,#5745,.T.);
#5745 = EDGE_CURVE('',#5738,#5746,#5748,.T.);
#5746 = VERTEX_POINT('',#5747);
#5747 = CARTESIAN_POINT('',(-0.1,-9.91,1.25));
#5748 = LINE('',#5749,#5750);
#5749 = CARTESIAN_POINT('',(-0.1,-10.41,1.25));
#5750 = VECTOR('',#5751,1.);
#5751 = DIRECTION('',(1.110223024625E-16,1.,0.));
#5752 = ORIENTED_EDGE('',*,*,#5753,.T.);
#5753 = EDGE_CURVE('',#5746,#5754,#5756,.T.);
#5754 = VERTEX_POINT('',#5755);
#5755 = CARTESIAN_POINT('',(-0.1,-9.91,7.35));
#5756 = LINE('',#5757,#5758);
#5757 = CARTESIAN_POINT('',(-0.1,-9.91,1.25));
#5758 = VECTOR('',#5759,1.);
#5759 = DIRECTION('',(0.,0.,1.));
#5760 = ORIENTED_EDGE('',*,*,#5761,.T.);
#5761 = EDGE_CURVE('',#5754,#3806,#5762,.T.);
#5762 = LINE('',#5763,#5764);
#5763 = CARTESIAN_POINT('',(-0.1,-9.91,7.35));
#5764 = VECTOR('',#5765,1.);
#5765 = DIRECTION('',(7.850462293414E-17,0.707106781187,0.707106781187)
  );
#5766 = ORIENTED_EDGE('',*,*,#3813,.F.);
#5767 = ORIENTED_EDGE('',*,*,#5712,.T.);
#5768 = PLANE('',#5769);
#5769 = AXIS2_PLACEMENT_3D('',#5770,#5771,#5772);
#5770 = CARTESIAN_POINT('',(-0.1,-10.16,3.911477598424));
#5771 = DIRECTION('',(-1.,1.110223024625E-16,0.));
#5772 = DIRECTION('',(0.,0.,1.));
#5773 = ADVANCED_FACE('',(#5774),#5792,.T.);
#5774 = FACE_BOUND('',#5775,.T.);
#5775 = EDGE_LOOP('',(#5776,#5784,#5790,#5791));
#5776 = ORIENTED_EDGE('',*,*,#5777,.T.);
#5777 = EDGE_CURVE('',#5754,#5778,#5780,.T.);
#5778 = VERTEX_POINT('',#5779);
#5779 = CARTESIAN_POINT('',(0.1,-9.91,7.35));
#5780 = LINE('',#5781,#5782);
#5781 = CARTESIAN_POINT('',(-0.1,-9.91,7.35));
#5782 = VECTOR('',#5783,1.);
#5783 = DIRECTION('',(1.,-1.110223024625E-16,0.));
#5784 = ORIENTED_EDGE('',*,*,#5785,.T.);
#5785 = EDGE_CURVE('',#5778,#3798,#5786,.T.);
#5786 = LINE('',#5787,#5788);
#5787 = CARTESIAN_POINT('',(0.1,-9.91,7.35));
#5788 = VECTOR('',#5789,1.);
#5789 = DIRECTION('',(7.850462293414E-17,0.707106781187,0.707106781187)
  );
#5790 = ORIENTED_EDGE('',*,*,#3805,.F.);
#5791 = ORIENTED_EDGE('',*,*,#5761,.F.);
#5792 = PLANE('',#5793);
#5793 = AXIS2_PLACEMENT_3D('',#5794,#5795,#5796);
#5794 = CARTESIAN_POINT('',(-0.1,-9.91,7.35));
#5795 = DIRECTION('',(-7.850462293414E-17,-0.707106781187,0.707106781187
    ));
#5796 = DIRECTION('',(7.850462293414E-17,0.707106781187,0.707106781187)
  );
#5797 = ADVANCED_FACE('',(#5798),#5834,.F.);
#5798 = FACE_BOUND('',#5799,.F.);
#5799 = EDGE_LOOP('',(#5800,#5801,#5809,#5817,#5825,#5831,#5832,#5833));
#5800 = ORIENTED_EDGE('',*,*,#3893,.F.);
#5801 = ORIENTED_EDGE('',*,*,#5802,.T.);
#5802 = EDGE_CURVE('',#3886,#5803,#5805,.T.);
#5803 = VERTEX_POINT('',#5804);
#5804 = CARTESIAN_POINT('',(0.1,-10.41,7.35));
#5805 = LINE('',#5806,#5807);
#5806 = CARTESIAN_POINT('',(0.1,-10.46,7.4));
#5807 = VECTOR('',#5808,1.);
#5808 = DIRECTION('',(7.850462293414E-17,0.707106781187,-0.707106781187)
  );
#5809 = ORIENTED_EDGE('',*,*,#5810,.T.);
#5810 = EDGE_CURVE('',#5803,#5811,#5813,.T.);
#5811 = VERTEX_POINT('',#5812);
#5812 = CARTESIAN_POINT('',(0.1,-10.41,1.25));
#5813 = LINE('',#5814,#5815);
#5814 = CARTESIAN_POINT('',(0.1,-10.41,7.35));
#5815 = VECTOR('',#5816,1.);
#5816 = DIRECTION('',(0.,0.,-1.));
#5817 = ORIENTED_EDGE('',*,*,#5818,.T.);
#5818 = EDGE_CURVE('',#5811,#5819,#5821,.T.);
#5819 = VERTEX_POINT('',#5820);
#5820 = CARTESIAN_POINT('',(0.1,-9.91,1.25));
#5821 = LINE('',#5822,#5823);
#5822 = CARTESIAN_POINT('',(0.1,-10.41,1.25));
#5823 = VECTOR('',#5824,1.);
#5824 = DIRECTION('',(1.110223024625E-16,1.,0.));
#5825 = ORIENTED_EDGE('',*,*,#5826,.T.);
#5826 = EDGE_CURVE('',#5819,#5778,#5827,.T.);
#5827 = LINE('',#5828,#5829);
#5828 = CARTESIAN_POINT('',(0.1,-9.91,1.25));
#5829 = VECTOR('',#5830,1.);
#5830 = DIRECTION('',(0.,0.,1.));
#5831 = ORIENTED_EDGE('',*,*,#5785,.T.);
#5832 = ORIENTED_EDGE('',*,*,#3797,.F.);
#5833 = ORIENTED_EDGE('',*,*,#5697,.T.);
#5834 = PLANE('',#5835);
#5835 = AXIS2_PLACEMENT_3D('',#5836,#5837,#5838);
#5836 = CARTESIAN_POINT('',(0.1,-10.16,3.911477598424));
#5837 = DIRECTION('',(-1.,1.110223024625E-16,0.));
#5838 = DIRECTION('',(0.,0.,1.));
#5839 = ADVANCED_FACE('',(#5840),#5851,.T.);
#5840 = FACE_BOUND('',#5841,.T.);
#5841 = EDGE_LOOP('',(#5842,#5843,#5844,#5850));
#5842 = ORIENTED_EDGE('',*,*,#3885,.T.);
#5843 = ORIENTED_EDGE('',*,*,#5802,.T.);
#5844 = ORIENTED_EDGE('',*,*,#5845,.F.);
#5845 = EDGE_CURVE('',#5730,#5803,#5846,.T.);
#5846 = LINE('',#5847,#5848);
#5847 = CARTESIAN_POINT('',(-0.1,-10.41,7.35));
#5848 = VECTOR('',#5849,1.);
#5849 = DIRECTION('',(1.,-1.110223024625E-16,0.));
#5850 = ORIENTED_EDGE('',*,*,#5729,.F.);
#5851 = PLANE('',#5852);
#5852 = AXIS2_PLACEMENT_3D('',#5853,#5854,#5855);
#5853 = CARTESIAN_POINT('',(-0.1,-10.46,7.4));
#5854 = DIRECTION('',(7.850462293414E-17,0.707106781187,0.707106781187)
  );
#5855 = DIRECTION('',(7.850462293414E-17,0.707106781187,-0.707106781187)
  );
#5856 = ADVANCED_FACE('',(#5857),#5868,.T.);
#5857 = FACE_BOUND('',#5858,.T.);
#5858 = EDGE_LOOP('',(#5859,#5860,#5861,#5862));
#5859 = ORIENTED_EDGE('',*,*,#4061,.T.);
#5860 = ORIENTED_EDGE('',*,*,#3924,.T.);
#5861 = ORIENTED_EDGE('',*,*,#3949,.T.);
#5862 = ORIENTED_EDGE('',*,*,#5863,.T.);
#5863 = EDGE_CURVE('',#3950,#4054,#5864,.T.);
#5864 = LINE('',#5865,#5866);
#5865 = CARTESIAN_POINT('',(0.1,-7.62,0.9));
#5866 = VECTOR('',#5867,1.);
#5867 = DIRECTION('',(-1.110223024625E-16,-1.,0.));
#5868 = PLANE('',#5869);
#5869 = AXIS2_PLACEMENT_3D('',#5870,#5871,#5872);
#5870 = CARTESIAN_POINT('',(-9.396650124671E-16,-7.62,0.9));
#5871 = DIRECTION('',(0.,0.,1.));
#5872 = DIRECTION('',(1.110223024625E-16,1.,-0.));
#5873 = ADVANCED_FACE('',(#5874),#5885,.T.);
#5874 = FACE_BOUND('',#5875,.T.);
#5875 = EDGE_LOOP('',(#5876,#5877,#5883,#5884));
#5876 = ORIENTED_EDGE('',*,*,#4029,.T.);
#5877 = ORIENTED_EDGE('',*,*,#5878,.F.);
#5878 = EDGE_CURVE('',#3974,#4030,#5879,.T.);
#5879 = LINE('',#5880,#5881);
#5880 = CARTESIAN_POINT('',(-0.1,-7.62,0.9));
#5881 = VECTOR('',#5882,1.);
#5882 = DIRECTION('',(-1.110223024625E-16,-1.,0.));
#5883 = ORIENTED_EDGE('',*,*,#3981,.T.);
#5884 = ORIENTED_EDGE('',*,*,#4004,.T.);
#5885 = PLANE('',#5886);
#5886 = AXIS2_PLACEMENT_3D('',#5887,#5888,#5889);
#5887 = CARTESIAN_POINT('',(-9.396650124671E-16,-7.62,0.9));
#5888 = DIRECTION('',(0.,0.,1.));
#5889 = DIRECTION('',(1.110223024625E-16,1.,-0.));
#5890 = ADVANCED_FACE('',(#5891),#5934,.T.);
#5891 = FACE_BOUND('',#5892,.T.);
#5892 = EDGE_LOOP('',(#5893,#5894,#5902,#5910,#5918,#5926,#5932,#5933));
#5893 = ORIENTED_EDGE('',*,*,#4037,.F.);
#5894 = ORIENTED_EDGE('',*,*,#5895,.T.);
#5895 = EDGE_CURVE('',#4038,#5896,#5898,.T.);
#5896 = VERTEX_POINT('',#5897);
#5897 = CARTESIAN_POINT('',(-0.1,-7.87,7.35));
#5898 = LINE('',#5899,#5900);
#5899 = CARTESIAN_POINT('',(-0.1,-7.92,7.4));
#5900 = VECTOR('',#5901,1.);
#5901 = DIRECTION('',(7.850462293414E-17,0.707106781187,-0.707106781187)
  );
#5902 = ORIENTED_EDGE('',*,*,#5903,.T.);
#5903 = EDGE_CURVE('',#5896,#5904,#5906,.T.);
#5904 = VERTEX_POINT('',#5905);
#5905 = CARTESIAN_POINT('',(-0.1,-7.87,1.25));
#5906 = LINE('',#5907,#5908);
#5907 = CARTESIAN_POINT('',(-0.1,-7.87,7.35));
#5908 = VECTOR('',#5909,1.);
#5909 = DIRECTION('',(0.,0.,-1.));
#5910 = ORIENTED_EDGE('',*,*,#5911,.T.);
#5911 = EDGE_CURVE('',#5904,#5912,#5914,.T.);
#5912 = VERTEX_POINT('',#5913);
#5913 = CARTESIAN_POINT('',(-0.1,-7.37,1.25));
#5914 = LINE('',#5915,#5916);
#5915 = CARTESIAN_POINT('',(-0.1,-7.87,1.25));
#5916 = VECTOR('',#5917,1.);
#5917 = DIRECTION('',(1.110223024625E-16,1.,0.));
#5918 = ORIENTED_EDGE('',*,*,#5919,.T.);
#5919 = EDGE_CURVE('',#5912,#5920,#5922,.T.);
#5920 = VERTEX_POINT('',#5921);
#5921 = CARTESIAN_POINT('',(-0.1,-7.37,7.35));
#5922 = LINE('',#5923,#5924);
#5923 = CARTESIAN_POINT('',(-0.1,-7.37,1.25));
#5924 = VECTOR('',#5925,1.);
#5925 = DIRECTION('',(0.,0.,1.));
#5926 = ORIENTED_EDGE('',*,*,#5927,.T.);
#5927 = EDGE_CURVE('',#5920,#3966,#5928,.T.);
#5928 = LINE('',#5929,#5930);
#5929 = CARTESIAN_POINT('',(-0.1,-7.37,7.35));
#5930 = VECTOR('',#5931,1.);
#5931 = DIRECTION('',(7.850462293414E-17,0.707106781187,0.707106781187)
  );
#5932 = ORIENTED_EDGE('',*,*,#3973,.F.);
#5933 = ORIENTED_EDGE('',*,*,#5878,.T.);
#5934 = PLANE('',#5935);
#5935 = AXIS2_PLACEMENT_3D('',#5936,#5937,#5938);
#5936 = CARTESIAN_POINT('',(-0.1,-7.62,3.911477598424));
#5937 = DIRECTION('',(-1.,1.110223024625E-16,0.));
#5938 = DIRECTION('',(0.,0.,1.));
#5939 = ADVANCED_FACE('',(#5940),#5958,.T.);
#5940 = FACE_BOUND('',#5941,.T.);
#5941 = EDGE_LOOP('',(#5942,#5950,#5956,#5957));
#5942 = ORIENTED_EDGE('',*,*,#5943,.T.);
#5943 = EDGE_CURVE('',#5920,#5944,#5946,.T.);
#5944 = VERTEX_POINT('',#5945);
#5945 = CARTESIAN_POINT('',(0.1,-7.37,7.35));
#5946 = LINE('',#5947,#5948);
#5947 = CARTESIAN_POINT('',(-0.1,-7.37,7.35));
#5948 = VECTOR('',#5949,1.);
#5949 = DIRECTION('',(1.,-1.110223024625E-16,0.));
#5950 = ORIENTED_EDGE('',*,*,#5951,.T.);
#5951 = EDGE_CURVE('',#5944,#3958,#5952,.T.);
#5952 = LINE('',#5953,#5954);
#5953 = CARTESIAN_POINT('',(0.1,-7.37,7.35));
#5954 = VECTOR('',#5955,1.);
#5955 = DIRECTION('',(7.850462293414E-17,0.707106781187,0.707106781187)
  );
#5956 = ORIENTED_EDGE('',*,*,#3965,.F.);
#5957 = ORIENTED_EDGE('',*,*,#5927,.F.);
#5958 = PLANE('',#5959);
#5959 = AXIS2_PLACEMENT_3D('',#5960,#5961,#5962);
#5960 = CARTESIAN_POINT('',(-0.1,-7.37,7.35));
#5961 = DIRECTION('',(-7.850462293414E-17,-0.707106781187,0.707106781187
    ));
#5962 = DIRECTION('',(7.850462293414E-17,0.707106781187,0.707106781187)
  );
#5963 = ADVANCED_FACE('',(#5964),#6000,.F.);
#5964 = FACE_BOUND('',#5965,.F.);
#5965 = EDGE_LOOP('',(#5966,#5967,#5975,#5983,#5991,#5997,#5998,#5999));
#5966 = ORIENTED_EDGE('',*,*,#4053,.F.);
#5967 = ORIENTED_EDGE('',*,*,#5968,.T.);
#5968 = EDGE_CURVE('',#4046,#5969,#5971,.T.);
#5969 = VERTEX_POINT('',#5970);
#5970 = CARTESIAN_POINT('',(0.1,-7.87,7.35));
#5971 = LINE('',#5972,#5973);
#5972 = CARTESIAN_POINT('',(0.1,-7.92,7.4));
#5973 = VECTOR('',#5974,1.);
#5974 = DIRECTION('',(7.850462293414E-17,0.707106781187,-0.707106781187)
  );
#5975 = ORIENTED_EDGE('',*,*,#5976,.T.);
#5976 = EDGE_CURVE('',#5969,#5977,#5979,.T.);
#5977 = VERTEX_POINT('',#5978);
#5978 = CARTESIAN_POINT('',(0.1,-7.87,1.25));
#5979 = LINE('',#5980,#5981);
#5980 = CARTESIAN_POINT('',(0.1,-7.87,7.35));
#5981 = VECTOR('',#5982,1.);
#5982 = DIRECTION('',(0.,0.,-1.));
#5983 = ORIENTED_EDGE('',*,*,#5984,.T.);
#5984 = EDGE_CURVE('',#5977,#5985,#5987,.T.);
#5985 = VERTEX_POINT('',#5986);
#5986 = CARTESIAN_POINT('',(0.1,-7.37,1.25));
#5987 = LINE('',#5988,#5989);
#5988 = CARTESIAN_POINT('',(0.1,-7.87,1.25));
#5989 = VECTOR('',#5990,1.);
#5990 = DIRECTION('',(1.110223024625E-16,1.,0.));
#5991 = ORIENTED_EDGE('',*,*,#5992,.T.);
#5992 = EDGE_CURVE('',#5985,#5944,#5993,.T.);
#5993 = LINE('',#5994,#5995);
#5994 = CARTESIAN_POINT('',(0.1,-7.37,1.25));
#5995 = VECTOR('',#5996,1.);
#5996 = DIRECTION('',(0.,0.,1.));
#5997 = ORIENTED_EDGE('',*,*,#5951,.T.);
#5998 = ORIENTED_EDGE('',*,*,#3957,.F.);
#5999 = ORIENTED_EDGE('',*,*,#5863,.T.);
#6000 = PLANE('',#6001);
#6001 = AXIS2_PLACEMENT_3D('',#6002,#6003,#6004);
#6002 = CARTESIAN_POINT('',(0.1,-7.62,3.911477598424));
#6003 = DIRECTION('',(-1.,1.110223024625E-16,0.));
#6004 = DIRECTION('',(0.,0.,1.));
#6005 = ADVANCED_FACE('',(#6006),#6017,.T.);
#6006 = FACE_BOUND('',#6007,.T.);
#6007 = EDGE_LOOP('',(#6008,#6009,#6010,#6016));
#6008 = ORIENTED_EDGE('',*,*,#4045,.T.);
#6009 = ORIENTED_EDGE('',*,*,#5968,.T.);
#6010 = ORIENTED_EDGE('',*,*,#6011,.F.);
#6011 = EDGE_CURVE('',#5896,#5969,#6012,.T.);
#6012 = LINE('',#6013,#6014);
#6013 = CARTESIAN_POINT('',(-0.1,-7.87,7.35));
#6014 = VECTOR('',#6015,1.);
#6015 = DIRECTION('',(1.,-1.110223024625E-16,0.));
#6016 = ORIENTED_EDGE('',*,*,#5895,.F.);
#6017 = PLANE('',#6018);
#6018 = AXIS2_PLACEMENT_3D('',#6019,#6020,#6021);
#6019 = CARTESIAN_POINT('',(-0.1,-7.92,7.4));
#6020 = DIRECTION('',(7.850462293414E-17,0.707106781187,0.707106781187)
  );
#6021 = DIRECTION('',(7.850462293414E-17,0.707106781187,-0.707106781187)
  );
#6022 = ADVANCED_FACE('',(#6023),#6034,.T.);
#6023 = FACE_BOUND('',#6024,.T.);
#6024 = EDGE_LOOP('',(#6025,#6026,#6027,#6028));
#6025 = ORIENTED_EDGE('',*,*,#4221,.T.);
#6026 = ORIENTED_EDGE('',*,*,#4084,.T.);
#6027 = ORIENTED_EDGE('',*,*,#4109,.T.);
#6028 = ORIENTED_EDGE('',*,*,#6029,.T.);
#6029 = EDGE_CURVE('',#4110,#4214,#6030,.T.);
#6030 = LINE('',#6031,#6032);
#6031 = CARTESIAN_POINT('',(0.1,-5.08,0.9));
#6032 = VECTOR('',#6033,1.);
#6033 = DIRECTION('',(-1.110223024625E-16,-1.,0.));
#6034 = PLANE('',#6035);
#6035 = AXIS2_PLACEMENT_3D('',#6036,#6037,#6038);
#6036 = CARTESIAN_POINT('',(-6.576683642123E-16,-5.08,0.9));
#6037 = DIRECTION('',(0.,0.,1.));
#6038 = DIRECTION('',(1.110223024625E-16,1.,-0.));
#6039 = ADVANCED_FACE('',(#6040),#6051,.T.);
#6040 = FACE_BOUND('',#6041,.T.);
#6041 = EDGE_LOOP('',(#6042,#6043,#6049,#6050));
#6042 = ORIENTED_EDGE('',*,*,#4189,.T.);
#6043 = ORIENTED_EDGE('',*,*,#6044,.F.);
#6044 = EDGE_CURVE('',#4134,#4190,#6045,.T.);
#6045 = LINE('',#6046,#6047);
#6046 = CARTESIAN_POINT('',(-0.1,-5.08,0.9));
#6047 = VECTOR('',#6048,1.);
#6048 = DIRECTION('',(-1.110223024625E-16,-1.,0.));
#6049 = ORIENTED_EDGE('',*,*,#4141,.T.);
#6050 = ORIENTED_EDGE('',*,*,#4164,.T.);
#6051 = PLANE('',#6052);
#6052 = AXIS2_PLACEMENT_3D('',#6053,#6054,#6055);
#6053 = CARTESIAN_POINT('',(-6.576683642123E-16,-5.08,0.9));
#6054 = DIRECTION('',(0.,0.,1.));
#6055 = DIRECTION('',(1.110223024625E-16,1.,-0.));
#6056 = ADVANCED_FACE('',(#6057),#6100,.T.);
#6057 = FACE_BOUND('',#6058,.T.);
#6058 = EDGE_LOOP('',(#6059,#6060,#6068,#6076,#6084,#6092,#6098,#6099));
#6059 = ORIENTED_EDGE('',*,*,#4197,.F.);
#6060 = ORIENTED_EDGE('',*,*,#6061,.T.);
#6061 = EDGE_CURVE('',#4198,#6062,#6064,.T.);
#6062 = VERTEX_POINT('',#6063);
#6063 = CARTESIAN_POINT('',(-0.1,-5.33,7.35));
#6064 = LINE('',#6065,#6066);
#6065 = CARTESIAN_POINT('',(-0.1,-5.38,7.4));
#6066 = VECTOR('',#6067,1.);
#6067 = DIRECTION('',(7.850462293414E-17,0.707106781187,-0.707106781187)
  );
#6068 = ORIENTED_EDGE('',*,*,#6069,.T.);
#6069 = EDGE_CURVE('',#6062,#6070,#6072,.T.);
#6070 = VERTEX_POINT('',#6071);
#6071 = CARTESIAN_POINT('',(-0.1,-5.33,1.25));
#6072 = LINE('',#6073,#6074);
#6073 = CARTESIAN_POINT('',(-0.1,-5.33,7.35));
#6074 = VECTOR('',#6075,1.);
#6075 = DIRECTION('',(0.,0.,-1.));
#6076 = ORIENTED_EDGE('',*,*,#6077,.T.);
#6077 = EDGE_CURVE('',#6070,#6078,#6080,.T.);
#6078 = VERTEX_POINT('',#6079);
#6079 = CARTESIAN_POINT('',(-0.1,-4.83,1.25));
#6080 = LINE('',#6081,#6082);
#6081 = CARTESIAN_POINT('',(-0.1,-5.33,1.25));
#6082 = VECTOR('',#6083,1.);
#6083 = DIRECTION('',(1.110223024625E-16,1.,0.));
#6084 = ORIENTED_EDGE('',*,*,#6085,.T.);
#6085 = EDGE_CURVE('',#6078,#6086,#6088,.T.);
#6086 = VERTEX_POINT('',#6087);
#6087 = CARTESIAN_POINT('',(-0.1,-4.83,7.35));
#6088 = LINE('',#6089,#6090);
#6089 = CARTESIAN_POINT('',(-0.1,-4.83,1.25));
#6090 = VECTOR('',#6091,1.);
#6091 = DIRECTION('',(0.,0.,1.));
#6092 = ORIENTED_EDGE('',*,*,#6093,.T.);
#6093 = EDGE_CURVE('',#6086,#4126,#6094,.T.);
#6094 = LINE('',#6095,#6096);
#6095 = CARTESIAN_POINT('',(-0.1,-4.83,7.35));
#6096 = VECTOR('',#6097,1.);
#6097 = DIRECTION('',(7.850462293414E-17,0.707106781187,0.707106781187)
  );
#6098 = ORIENTED_EDGE('',*,*,#4133,.F.);
#6099 = ORIENTED_EDGE('',*,*,#6044,.T.);
#6100 = PLANE('',#6101);
#6101 = AXIS2_PLACEMENT_3D('',#6102,#6103,#6104);
#6102 = CARTESIAN_POINT('',(-0.1,-5.08,3.911477598424));
#6103 = DIRECTION('',(-1.,1.110223024625E-16,0.));
#6104 = DIRECTION('',(0.,0.,1.));
#6105 = ADVANCED_FACE('',(#6106),#6124,.T.);
#6106 = FACE_BOUND('',#6107,.T.);
#6107 = EDGE_LOOP('',(#6108,#6116,#6122,#6123));
#6108 = ORIENTED_EDGE('',*,*,#6109,.T.);
#6109 = EDGE_CURVE('',#6086,#6110,#6112,.T.);
#6110 = VERTEX_POINT('',#6111);
#6111 = CARTESIAN_POINT('',(0.1,-4.83,7.35));
#6112 = LINE('',#6113,#6114);
#6113 = CARTESIAN_POINT('',(-0.1,-4.83,7.35));
#6114 = VECTOR('',#6115,1.);
#6115 = DIRECTION('',(1.,-1.110223024625E-16,0.));
#6116 = ORIENTED_EDGE('',*,*,#6117,.T.);
#6117 = EDGE_CURVE('',#6110,#4118,#6118,.T.);
#6118 = LINE('',#6119,#6120);
#6119 = CARTESIAN_POINT('',(0.1,-4.83,7.35));
#6120 = VECTOR('',#6121,1.);
#6121 = DIRECTION('',(7.850462293414E-17,0.707106781187,0.707106781187)
  );
#6122 = ORIENTED_EDGE('',*,*,#4125,.F.);
#6123 = ORIENTED_EDGE('',*,*,#6093,.F.);
#6124 = PLANE('',#6125);
#6125 = AXIS2_PLACEMENT_3D('',#6126,#6127,#6128);
#6126 = CARTESIAN_POINT('',(-0.1,-4.83,7.35));
#6127 = DIRECTION('',(-7.850462293414E-17,-0.707106781187,0.707106781187
    ));
#6128 = DIRECTION('',(7.850462293414E-17,0.707106781187,0.707106781187)
  );
#6129 = ADVANCED_FACE('',(#6130),#6166,.F.);
#6130 = FACE_BOUND('',#6131,.F.);
#6131 = EDGE_LOOP('',(#6132,#6133,#6141,#6149,#6157,#6163,#6164,#6165));
#6132 = ORIENTED_EDGE('',*,*,#4213,.F.);
#6133 = ORIENTED_EDGE('',*,*,#6134,.T.);
#6134 = EDGE_CURVE('',#4206,#6135,#6137,.T.);
#6135 = VERTEX_POINT('',#6136);
#6136 = CARTESIAN_POINT('',(0.1,-5.33,7.35));
#6137 = LINE('',#6138,#6139);
#6138 = CARTESIAN_POINT('',(0.1,-5.38,7.4));
#6139 = VECTOR('',#6140,1.);
#6140 = DIRECTION('',(7.850462293414E-17,0.707106781187,-0.707106781187)
  );
#6141 = ORIENTED_EDGE('',*,*,#6142,.T.);
#6142 = EDGE_CURVE('',#6135,#6143,#6145,.T.);
#6143 = VERTEX_POINT('',#6144);
#6144 = CARTESIAN_POINT('',(0.1,-5.33,1.25));
#6145 = LINE('',#6146,#6147);
#6146 = CARTESIAN_POINT('',(0.1,-5.33,7.35));
#6147 = VECTOR('',#6148,1.);
#6148 = DIRECTION('',(0.,0.,-1.));
#6149 = ORIENTED_EDGE('',*,*,#6150,.T.);
#6150 = EDGE_CURVE('',#6143,#6151,#6153,.T.);
#6151 = VERTEX_POINT('',#6152);
#6152 = CARTESIAN_POINT('',(0.1,-4.83,1.25));
#6153 = LINE('',#6154,#6155);
#6154 = CARTESIAN_POINT('',(0.1,-5.33,1.25));
#6155 = VECTOR('',#6156,1.);
#6156 = DIRECTION('',(1.110223024625E-16,1.,0.));
#6157 = ORIENTED_EDGE('',*,*,#6158,.T.);
#6158 = EDGE_CURVE('',#6151,#6110,#6159,.T.);
#6159 = LINE('',#6160,#6161);
#6160 = CARTESIAN_POINT('',(0.1,-4.83,1.25));
#6161 = VECTOR('',#6162,1.);
#6162 = DIRECTION('',(0.,0.,1.));
#6163 = ORIENTED_EDGE('',*,*,#6117,.T.);
#6164 = ORIENTED_EDGE('',*,*,#4117,.F.);
#6165 = ORIENTED_EDGE('',*,*,#6029,.T.);
#6166 = PLANE('',#6167);
#6167 = AXIS2_PLACEMENT_3D('',#6168,#6169,#6170);
#6168 = CARTESIAN_POINT('',(0.1,-5.08,3.911477598424));
#6169 = DIRECTION('',(-1.,1.110223024625E-16,0.));
#6170 = DIRECTION('',(0.,0.,1.));
#6171 = ADVANCED_FACE('',(#6172),#6183,.T.);
#6172 = FACE_BOUND('',#6173,.T.);
#6173 = EDGE_LOOP('',(#6174,#6175,#6176,#6182));
#6174 = ORIENTED_EDGE('',*,*,#4205,.T.);
#6175 = ORIENTED_EDGE('',*,*,#6134,.T.);
#6176 = ORIENTED_EDGE('',*,*,#6177,.F.);
#6177 = EDGE_CURVE('',#6062,#6135,#6178,.T.);
#6178 = LINE('',#6179,#6180);
#6179 = CARTESIAN_POINT('',(-0.1,-5.33,7.35));
#6180 = VECTOR('',#6181,1.);
#6181 = DIRECTION('',(1.,-1.110223024625E-16,0.));
#6182 = ORIENTED_EDGE('',*,*,#6061,.F.);
#6183 = PLANE('',#6184);
#6184 = AXIS2_PLACEMENT_3D('',#6185,#6186,#6187);
#6185 = CARTESIAN_POINT('',(-0.1,-5.38,7.4));
#6186 = DIRECTION('',(7.850462293414E-17,0.707106781187,0.707106781187)
  );
#6187 = DIRECTION('',(7.850462293414E-17,0.707106781187,-0.707106781187)
  );
#6188 = ADVANCED_FACE('',(#6189),#6200,.T.);
#6189 = FACE_BOUND('',#6190,.T.);
#6190 = EDGE_LOOP('',(#6191,#6192,#6193,#6194));
#6191 = ORIENTED_EDGE('',*,*,#4381,.T.);
#6192 = ORIENTED_EDGE('',*,*,#4244,.T.);
#6193 = ORIENTED_EDGE('',*,*,#4269,.T.);
#6194 = ORIENTED_EDGE('',*,*,#6195,.T.);
#6195 = EDGE_CURVE('',#4270,#4374,#6196,.T.);
#6196 = LINE('',#6197,#6198);
#6197 = CARTESIAN_POINT('',(0.1,-2.54,0.9));
#6198 = VECTOR('',#6199,1.);
#6199 = DIRECTION('',(-1.110223024625E-16,-1.,0.));
#6200 = PLANE('',#6201);
#6201 = AXIS2_PLACEMENT_3D('',#6202,#6203,#6204);
#6202 = CARTESIAN_POINT('',(-3.756717159575E-16,-2.54,0.9));
#6203 = DIRECTION('',(0.,0.,1.));
#6204 = DIRECTION('',(1.110223024625E-16,1.,-0.));
#6205 = ADVANCED_FACE('',(#6206),#6217,.T.);
#6206 = FACE_BOUND('',#6207,.T.);
#6207 = EDGE_LOOP('',(#6208,#6209,#6215,#6216));
#6208 = ORIENTED_EDGE('',*,*,#4349,.T.);
#6209 = ORIENTED_EDGE('',*,*,#6210,.F.);
#6210 = EDGE_CURVE('',#4294,#4350,#6211,.T.);
#6211 = LINE('',#6212,#6213);
#6212 = CARTESIAN_POINT('',(-0.1,-2.54,0.9));
#6213 = VECTOR('',#6214,1.);
#6214 = DIRECTION('',(-1.110223024625E-16,-1.,0.));
#6215 = ORIENTED_EDGE('',*,*,#4301,.T.);
#6216 = ORIENTED_EDGE('',*,*,#4324,.T.);
#6217 = PLANE('',#6218);
#6218 = AXIS2_PLACEMENT_3D('',#6219,#6220,#6221);
#6219 = CARTESIAN_POINT('',(-3.756717159575E-16,-2.54,0.9));
#6220 = DIRECTION('',(0.,0.,1.));
#6221 = DIRECTION('',(1.110223024625E-16,1.,-0.));
#6222 = ADVANCED_FACE('',(#6223),#6266,.T.);
#6223 = FACE_BOUND('',#6224,.T.);
#6224 = EDGE_LOOP('',(#6225,#6226,#6234,#6242,#6250,#6258,#6264,#6265));
#6225 = ORIENTED_EDGE('',*,*,#4357,.F.);
#6226 = ORIENTED_EDGE('',*,*,#6227,.T.);
#6227 = EDGE_CURVE('',#4358,#6228,#6230,.T.);
#6228 = VERTEX_POINT('',#6229);
#6229 = CARTESIAN_POINT('',(-0.1,-2.79,7.35));
#6230 = LINE('',#6231,#6232);
#6231 = CARTESIAN_POINT('',(-0.1,-2.84,7.4));
#6232 = VECTOR('',#6233,1.);
#6233 = DIRECTION('',(7.850462293414E-17,0.707106781187,-0.707106781187)
  );
#6234 = ORIENTED_EDGE('',*,*,#6235,.T.);
#6235 = EDGE_CURVE('',#6228,#6236,#6238,.T.);
#6236 = VERTEX_POINT('',#6237);
#6237 = CARTESIAN_POINT('',(-0.1,-2.79,1.25));
#6238 = LINE('',#6239,#6240);
#6239 = CARTESIAN_POINT('',(-0.1,-2.79,7.35));
#6240 = VECTOR('',#6241,1.);
#6241 = DIRECTION('',(0.,0.,-1.));
#6242 = ORIENTED_EDGE('',*,*,#6243,.T.);
#6243 = EDGE_CURVE('',#6236,#6244,#6246,.T.);
#6244 = VERTEX_POINT('',#6245);
#6245 = CARTESIAN_POINT('',(-0.1,-2.29,1.25));
#6246 = LINE('',#6247,#6248);
#6247 = CARTESIAN_POINT('',(-0.1,-2.79,1.25));
#6248 = VECTOR('',#6249,1.);
#6249 = DIRECTION('',(1.110223024625E-16,1.,0.));
#6250 = ORIENTED_EDGE('',*,*,#6251,.T.);
#6251 = EDGE_CURVE('',#6244,#6252,#6254,.T.);
#6252 = VERTEX_POINT('',#6253);
#6253 = CARTESIAN_POINT('',(-0.1,-2.29,7.35));
#6254 = LINE('',#6255,#6256);
#6255 = CARTESIAN_POINT('',(-0.1,-2.29,1.25));
#6256 = VECTOR('',#6257,1.);
#6257 = DIRECTION('',(0.,0.,1.));
#6258 = ORIENTED_EDGE('',*,*,#6259,.T.);
#6259 = EDGE_CURVE('',#6252,#4286,#6260,.T.);
#6260 = LINE('',#6261,#6262);
#6261 = CARTESIAN_POINT('',(-0.1,-2.29,7.35));
#6262 = VECTOR('',#6263,1.);
#6263 = DIRECTION('',(7.850462293414E-17,0.707106781187,0.707106781187)
  );
#6264 = ORIENTED_EDGE('',*,*,#4293,.F.);
#6265 = ORIENTED_EDGE('',*,*,#6210,.T.);
#6266 = PLANE('',#6267);
#6267 = AXIS2_PLACEMENT_3D('',#6268,#6269,#6270);
#6268 = CARTESIAN_POINT('',(-0.1,-2.54,3.911477598424));
#6269 = DIRECTION('',(-1.,1.110223024625E-16,0.));
#6270 = DIRECTION('',(0.,0.,1.));
#6271 = ADVANCED_FACE('',(#6272),#6290,.T.);
#6272 = FACE_BOUND('',#6273,.T.);
#6273 = EDGE_LOOP('',(#6274,#6282,#6288,#6289));
#6274 = ORIENTED_EDGE('',*,*,#6275,.T.);
#6275 = EDGE_CURVE('',#6252,#6276,#6278,.T.);
#6276 = VERTEX_POINT('',#6277);
#6277 = CARTESIAN_POINT('',(0.1,-2.29,7.35));
#6278 = LINE('',#6279,#6280);
#6279 = CARTESIAN_POINT('',(-0.1,-2.29,7.35));
#6280 = VECTOR('',#6281,1.);
#6281 = DIRECTION('',(1.,-1.110223024625E-16,0.));
#6282 = ORIENTED_EDGE('',*,*,#6283,.T.);
#6283 = EDGE_CURVE('',#6276,#4278,#6284,.T.);
#6284 = LINE('',#6285,#6286);
#6285 = CARTESIAN_POINT('',(0.1,-2.29,7.35));
#6286 = VECTOR('',#6287,1.);
#6287 = DIRECTION('',(7.850462293414E-17,0.707106781187,0.707106781187)
  );
#6288 = ORIENTED_EDGE('',*,*,#4285,.F.);
#6289 = ORIENTED_EDGE('',*,*,#6259,.F.);
#6290 = PLANE('',#6291);
#6291 = AXIS2_PLACEMENT_3D('',#6292,#6293,#6294);
#6292 = CARTESIAN_POINT('',(-0.1,-2.29,7.35));
#6293 = DIRECTION('',(-7.850462293414E-17,-0.707106781187,0.707106781187
    ));
#6294 = DIRECTION('',(7.850462293414E-17,0.707106781187,0.707106781187)
  );
#6295 = ADVANCED_FACE('',(#6296),#6332,.F.);
#6296 = FACE_BOUND('',#6297,.F.);
#6297 = EDGE_LOOP('',(#6298,#6299,#6307,#6315,#6323,#6329,#6330,#6331));
#6298 = ORIENTED_EDGE('',*,*,#4373,.F.);
#6299 = ORIENTED_EDGE('',*,*,#6300,.T.);
#6300 = EDGE_CURVE('',#4366,#6301,#6303,.T.);
#6301 = VERTEX_POINT('',#6302);
#6302 = CARTESIAN_POINT('',(0.1,-2.79,7.35));
#6303 = LINE('',#6304,#6305);
#6304 = CARTESIAN_POINT('',(0.1,-2.84,7.4));
#6305 = VECTOR('',#6306,1.);
#6306 = DIRECTION('',(7.850462293414E-17,0.707106781187,-0.707106781187)
  );
#6307 = ORIENTED_EDGE('',*,*,#6308,.T.);
#6308 = EDGE_CURVE('',#6301,#6309,#6311,.T.);
#6309 = VERTEX_POINT('',#6310);
#6310 = CARTESIAN_POINT('',(0.1,-2.79,1.25));
#6311 = LINE('',#6312,#6313);
#6312 = CARTESIAN_POINT('',(0.1,-2.79,7.35));
#6313 = VECTOR('',#6314,1.);
#6314 = DIRECTION('',(0.,0.,-1.));
#6315 = ORIENTED_EDGE('',*,*,#6316,.T.);
#6316 = EDGE_CURVE('',#6309,#6317,#6319,.T.);
#6317 = VERTEX_POINT('',#6318);
#6318 = CARTESIAN_POINT('',(0.1,-2.29,1.25));
#6319 = LINE('',#6320,#6321);
#6320 = CARTESIAN_POINT('',(0.1,-2.79,1.25));
#6321 = VECTOR('',#6322,1.);
#6322 = DIRECTION('',(1.110223024625E-16,1.,0.));
#6323 = ORIENTED_EDGE('',*,*,#6324,.T.);
#6324 = EDGE_CURVE('',#6317,#6276,#6325,.T.);
#6325 = LINE('',#6326,#6327);
#6326 = CARTESIAN_POINT('',(0.1,-2.29,1.25));
#6327 = VECTOR('',#6328,1.);
#6328 = DIRECTION('',(0.,0.,1.));
#6329 = ORIENTED_EDGE('',*,*,#6283,.T.);
#6330 = ORIENTED_EDGE('',*,*,#4277,.F.);
#6331 = ORIENTED_EDGE('',*,*,#6195,.T.);
#6332 = PLANE('',#6333);
#6333 = AXIS2_PLACEMENT_3D('',#6334,#6335,#6336);
#6334 = CARTESIAN_POINT('',(0.1,-2.54,3.911477598424));
#6335 = DIRECTION('',(-1.,1.110223024625E-16,0.));
#6336 = DIRECTION('',(0.,0.,1.));
#6337 = ADVANCED_FACE('',(#6338),#6349,.T.);
#6338 = FACE_BOUND('',#6339,.T.);
#6339 = EDGE_LOOP('',(#6340,#6341,#6342,#6348));
#6340 = ORIENTED_EDGE('',*,*,#4365,.T.);
#6341 = ORIENTED_EDGE('',*,*,#6300,.T.);
#6342 = ORIENTED_EDGE('',*,*,#6343,.F.);
#6343 = EDGE_CURVE('',#6228,#6301,#6344,.T.);
#6344 = LINE('',#6345,#6346);
#6345 = CARTESIAN_POINT('',(-0.1,-2.79,7.35));
#6346 = VECTOR('',#6347,1.);
#6347 = DIRECTION('',(1.,-1.110223024625E-16,0.));
#6348 = ORIENTED_EDGE('',*,*,#6227,.F.);
#6349 = PLANE('',#6350);
#6350 = AXIS2_PLACEMENT_3D('',#6351,#6352,#6353);
#6351 = CARTESIAN_POINT('',(-0.1,-2.84,7.4));
#6352 = DIRECTION('',(7.850462293414E-17,0.707106781187,0.707106781187)
  );
#6353 = DIRECTION('',(7.850462293414E-17,0.707106781187,-0.707106781187)
  );
#6354 = ADVANCED_FACE('',(#6355),#6366,.T.);
#6355 = FACE_BOUND('',#6356,.T.);
#6356 = EDGE_LOOP('',(#6357,#6358,#6359,#6360));
#6357 = ORIENTED_EDGE('',*,*,#4541,.T.);
#6358 = ORIENTED_EDGE('',*,*,#4404,.T.);
#6359 = ORIENTED_EDGE('',*,*,#4429,.T.);
#6360 = ORIENTED_EDGE('',*,*,#6361,.T.);
#6361 = EDGE_CURVE('',#4430,#4534,#6362,.T.);
#6362 = LINE('',#6363,#6364);
#6363 = CARTESIAN_POINT('',(0.1,8.770761894539E-16,0.9));
#6364 = VECTOR('',#6365,1.);
#6365 = DIRECTION('',(-1.110223024625E-16,-1.,0.));
#6366 = PLANE('',#6367);
#6367 = AXIS2_PLACEMENT_3D('',#6368,#6369,#6370);
#6368 = CARTESIAN_POINT('',(-9.367506770275E-17,1.7763568394E-15,0.9));
#6369 = DIRECTION('',(0.,0.,1.));
#6370 = DIRECTION('',(1.110223024625E-16,1.,-0.));
#6371 = ADVANCED_FACE('',(#6372),#6383,.T.);
#6372 = FACE_BOUND('',#6373,.T.);
#6373 = EDGE_LOOP('',(#6374,#6375,#6381,#6382));
#6374 = ORIENTED_EDGE('',*,*,#4509,.T.);
#6375 = ORIENTED_EDGE('',*,*,#6376,.F.);
#6376 = EDGE_CURVE('',#4454,#4510,#6377,.T.);
#6377 = LINE('',#6378,#6379);
#6378 = CARTESIAN_POINT('',(-0.1,8.992806499464E-16,0.9));
#6379 = VECTOR('',#6380,1.);
#6380 = DIRECTION('',(-1.110223024625E-16,-1.,0.));
#6381 = ORIENTED_EDGE('',*,*,#4461,.T.);
#6382 = ORIENTED_EDGE('',*,*,#4484,.T.);
#6383 = PLANE('',#6384);
#6384 = AXIS2_PLACEMENT_3D('',#6385,#6386,#6387);
#6385 = CARTESIAN_POINT('',(-9.367506770275E-17,1.7763568394E-15,0.9));
#6386 = DIRECTION('',(0.,0.,1.));
#6387 = DIRECTION('',(1.110223024625E-16,1.,-0.));
#6388 = ADVANCED_FACE('',(#6389),#6432,.T.);
#6389 = FACE_BOUND('',#6390,.T.);
#6390 = EDGE_LOOP('',(#6391,#6392,#6400,#6408,#6416,#6424,#6430,#6431));
#6391 = ORIENTED_EDGE('',*,*,#4517,.F.);
#6392 = ORIENTED_EDGE('',*,*,#6393,.T.);
#6393 = EDGE_CURVE('',#4518,#6394,#6396,.T.);
#6394 = VERTEX_POINT('',#6395);
#6395 = CARTESIAN_POINT('',(-0.1,-0.25,7.35));
#6396 = LINE('',#6397,#6398);
#6397 = CARTESIAN_POINT('',(-0.1,-0.3,7.4));
#6398 = VECTOR('',#6399,1.);
#6399 = DIRECTION('',(7.850462293414E-17,0.707106781187,-0.707106781187)
  );
#6400 = ORIENTED_EDGE('',*,*,#6401,.T.);
#6401 = EDGE_CURVE('',#6394,#6402,#6404,.T.);
#6402 = VERTEX_POINT('',#6403);
#6403 = CARTESIAN_POINT('',(-0.1,-0.25,1.25));
#6404 = LINE('',#6405,#6406);
#6405 = CARTESIAN_POINT('',(-0.1,-0.25,7.35));
#6406 = VECTOR('',#6407,1.);
#6407 = DIRECTION('',(0.,0.,-1.));
#6408 = ORIENTED_EDGE('',*,*,#6409,.T.);
#6409 = EDGE_CURVE('',#6402,#6410,#6412,.T.);
#6410 = VERTEX_POINT('',#6411);
#6411 = CARTESIAN_POINT('',(-0.1,0.25,1.25));
#6412 = LINE('',#6413,#6414);
#6413 = CARTESIAN_POINT('',(-0.1,-0.25,1.25));
#6414 = VECTOR('',#6415,1.);
#6415 = DIRECTION('',(1.110223024625E-16,1.,0.));
#6416 = ORIENTED_EDGE('',*,*,#6417,.T.);
#6417 = EDGE_CURVE('',#6410,#6418,#6420,.T.);
#6418 = VERTEX_POINT('',#6419);
#6419 = CARTESIAN_POINT('',(-0.1,0.25,7.35));
#6420 = LINE('',#6421,#6422);
#6421 = CARTESIAN_POINT('',(-0.1,0.25,1.25));
#6422 = VECTOR('',#6423,1.);
#6423 = DIRECTION('',(0.,0.,1.));
#6424 = ORIENTED_EDGE('',*,*,#6425,.T.);
#6425 = EDGE_CURVE('',#6418,#4446,#6426,.T.);
#6426 = LINE('',#6427,#6428);
#6427 = CARTESIAN_POINT('',(-0.1,0.25,7.35));
#6428 = VECTOR('',#6429,1.);
#6429 = DIRECTION('',(7.850462293414E-17,0.707106781187,0.707106781187)
  );
#6430 = ORIENTED_EDGE('',*,*,#4453,.F.);
#6431 = ORIENTED_EDGE('',*,*,#6376,.T.);
#6432 = PLANE('',#6433);
#6433 = AXIS2_PLACEMENT_3D('',#6434,#6435,#6436);
#6434 = CARTESIAN_POINT('',(-0.1,1.110223024625E-17,3.911477598424));
#6435 = DIRECTION('',(-1.,1.110223024625E-16,0.));
#6436 = DIRECTION('',(0.,0.,1.));
#6437 = ADVANCED_FACE('',(#6438),#6456,.T.);
#6438 = FACE_BOUND('',#6439,.T.);
#6439 = EDGE_LOOP('',(#6440,#6448,#6454,#6455));
#6440 = ORIENTED_EDGE('',*,*,#6441,.T.);
#6441 = EDGE_CURVE('',#6418,#6442,#6444,.T.);
#6442 = VERTEX_POINT('',#6443);
#6443 = CARTESIAN_POINT('',(0.1,0.25,7.35));
#6444 = LINE('',#6445,#6446);
#6445 = CARTESIAN_POINT('',(-0.1,0.25,7.35));
#6446 = VECTOR('',#6447,1.);
#6447 = DIRECTION('',(1.,-1.110223024625E-16,0.));
#6448 = ORIENTED_EDGE('',*,*,#6449,.T.);
#6449 = EDGE_CURVE('',#6442,#4438,#6450,.T.);
#6450 = LINE('',#6451,#6452);
#6451 = CARTESIAN_POINT('',(0.1,0.25,7.35));
#6452 = VECTOR('',#6453,1.);
#6453 = DIRECTION('',(7.850462293414E-17,0.707106781187,0.707106781187)
  );
#6454 = ORIENTED_EDGE('',*,*,#4445,.F.);
#6455 = ORIENTED_EDGE('',*,*,#6425,.F.);
#6456 = PLANE('',#6457);
#6457 = AXIS2_PLACEMENT_3D('',#6458,#6459,#6460);
#6458 = CARTESIAN_POINT('',(-0.1,0.25,7.35));
#6459 = DIRECTION('',(-7.850462293414E-17,-0.707106781187,0.707106781187
    ));
#6460 = DIRECTION('',(7.850462293414E-17,0.707106781187,0.707106781187)
  );
#6461 = ADVANCED_FACE('',(#6462),#6498,.F.);
#6462 = FACE_BOUND('',#6463,.F.);
#6463 = EDGE_LOOP('',(#6464,#6465,#6473,#6481,#6489,#6495,#6496,#6497));
#6464 = ORIENTED_EDGE('',*,*,#4533,.F.);
#6465 = ORIENTED_EDGE('',*,*,#6466,.T.);
#6466 = EDGE_CURVE('',#4526,#6467,#6469,.T.);
#6467 = VERTEX_POINT('',#6468);
#6468 = CARTESIAN_POINT('',(0.1,-0.25,7.35));
#6469 = LINE('',#6470,#6471);
#6470 = CARTESIAN_POINT('',(0.1,-0.3,7.4));
#6471 = VECTOR('',#6472,1.);
#6472 = DIRECTION('',(7.850462293414E-17,0.707106781187,-0.707106781187)
  );
#6473 = ORIENTED_EDGE('',*,*,#6474,.T.);
#6474 = EDGE_CURVE('',#6467,#6475,#6477,.T.);
#6475 = VERTEX_POINT('',#6476);
#6476 = CARTESIAN_POINT('',(0.1,-0.25,1.25));
#6477 = LINE('',#6478,#6479);
#6478 = CARTESIAN_POINT('',(0.1,-0.25,7.35));
#6479 = VECTOR('',#6480,1.);
#6480 = DIRECTION('',(0.,0.,-1.));
#6481 = ORIENTED_EDGE('',*,*,#6482,.T.);
#6482 = EDGE_CURVE('',#6475,#6483,#6485,.T.);
#6483 = VERTEX_POINT('',#6484);
#6484 = CARTESIAN_POINT('',(0.1,0.25,1.25));
#6485 = LINE('',#6486,#6487);
#6486 = CARTESIAN_POINT('',(0.1,-0.25,1.25));
#6487 = VECTOR('',#6488,1.);
#6488 = DIRECTION('',(1.110223024625E-16,1.,0.));
#6489 = ORIENTED_EDGE('',*,*,#6490,.T.);
#6490 = EDGE_CURVE('',#6483,#6442,#6491,.T.);
#6491 = LINE('',#6492,#6493);
#6492 = CARTESIAN_POINT('',(0.1,0.25,1.25));
#6493 = VECTOR('',#6494,1.);
#6494 = DIRECTION('',(0.,0.,1.));
#6495 = ORIENTED_EDGE('',*,*,#6449,.T.);
#6496 = ORIENTED_EDGE('',*,*,#4437,.F.);
#6497 = ORIENTED_EDGE('',*,*,#6361,.T.);
#6498 = PLANE('',#6499);
#6499 = AXIS2_PLACEMENT_3D('',#6500,#6501,#6502);
#6500 = CARTESIAN_POINT('',(0.1,-1.110223024625E-17,3.911477598424));
#6501 = DIRECTION('',(-1.,1.110223024625E-16,0.));
#6502 = DIRECTION('',(0.,0.,1.));
#6503 = ADVANCED_FACE('',(#6504),#6515,.T.);
#6504 = FACE_BOUND('',#6505,.T.);
#6505 = EDGE_LOOP('',(#6506,#6507,#6508,#6514));
#6506 = ORIENTED_EDGE('',*,*,#4525,.T.);
#6507 = ORIENTED_EDGE('',*,*,#6466,.T.);
#6508 = ORIENTED_EDGE('',*,*,#6509,.F.);
#6509 = EDGE_CURVE('',#6394,#6467,#6510,.T.);
#6510 = LINE('',#6511,#6512);
#6511 = CARTESIAN_POINT('',(-0.1,-0.25,7.35));
#6512 = VECTOR('',#6513,1.);
#6513 = DIRECTION('',(1.,-1.110223024625E-16,0.));
#6514 = ORIENTED_EDGE('',*,*,#6393,.F.);
#6515 = PLANE('',#6516);
#6516 = AXIS2_PLACEMENT_3D('',#6517,#6518,#6519);
#6517 = CARTESIAN_POINT('',(-0.1,-0.3,7.4));
#6518 = DIRECTION('',(7.850462293414E-17,0.707106781187,0.707106781187)
  );
#6519 = DIRECTION('',(7.850462293414E-17,0.707106781187,-0.707106781187)
  );
#6520 = ADVANCED_FACE('',(#6521),#6532,.T.);
#6521 = FACE_BOUND('',#6522,.T.);
#6522 = EDGE_LOOP('',(#6523,#6529,#6530,#6531));
#6523 = ORIENTED_EDGE('',*,*,#6524,.T.);
#6524 = EDGE_CURVE('',#5248,#5321,#6525,.T.);
#6525 = LINE('',#6526,#6527);
#6526 = CARTESIAN_POINT('',(-0.1,-17.53,1.25));
#6527 = VECTOR('',#6528,1.);
#6528 = DIRECTION('',(1.,-1.110223024625E-16,0.));
#6529 = ORIENTED_EDGE('',*,*,#5328,.T.);
#6530 = ORIENTED_EDGE('',*,*,#5279,.F.);
#6531 = ORIENTED_EDGE('',*,*,#5255,.F.);
#6532 = PLANE('',#6533);
#6533 = AXIS2_PLACEMENT_3D('',#6534,#6535,#6536);
#6534 = CARTESIAN_POINT('',(-0.1,-17.53,1.25));
#6535 = DIRECTION('',(-1.110223024625E-16,-1.,0.));
#6536 = DIRECTION('',(0.,0.,1.));
#6537 = ADVANCED_FACE('',(#6538),#6549,.T.);
#6538 = FACE_BOUND('',#6539,.T.);
#6539 = EDGE_LOOP('',(#6540,#6546,#6547,#6548));
#6540 = ORIENTED_EDGE('',*,*,#6541,.T.);
#6541 = EDGE_CURVE('',#5240,#5313,#6542,.T.);
#6542 = LINE('',#6543,#6544);
#6543 = CARTESIAN_POINT('',(-0.1,-18.03,1.25));
#6544 = VECTOR('',#6545,1.);
#6545 = DIRECTION('',(1.,-1.110223024625E-16,0.));
#6546 = ORIENTED_EDGE('',*,*,#5320,.T.);
#6547 = ORIENTED_EDGE('',*,*,#6524,.F.);
#6548 = ORIENTED_EDGE('',*,*,#5247,.F.);
#6549 = PLANE('',#6550);
#6550 = AXIS2_PLACEMENT_3D('',#6551,#6552,#6553);
#6551 = CARTESIAN_POINT('',(-0.1,-18.03,1.25));
#6552 = DIRECTION('',(0.,0.,1.));
#6553 = DIRECTION('',(1.110223024625E-16,1.,-0.));
#6554 = ADVANCED_FACE('',(#6555),#6561,.T.);
#6555 = FACE_BOUND('',#6556,.T.);
#6556 = EDGE_LOOP('',(#6557,#6558,#6559,#6560));
#6557 = ORIENTED_EDGE('',*,*,#5347,.T.);
#6558 = ORIENTED_EDGE('',*,*,#5312,.T.);
#6559 = ORIENTED_EDGE('',*,*,#6541,.F.);
#6560 = ORIENTED_EDGE('',*,*,#5239,.F.);
#6561 = PLANE('',#6562);
#6562 = AXIS2_PLACEMENT_3D('',#6563,#6564,#6565);
#6563 = CARTESIAN_POINT('',(-0.1,-18.03,7.35));
#6564 = DIRECTION('',(1.110223024625E-16,1.,0.));
#6565 = DIRECTION('',(0.,0.,-1.));
#6566 = ADVANCED_FACE('',(#6567),#6578,.T.);
#6567 = FACE_BOUND('',#6568,.T.);
#6568 = EDGE_LOOP('',(#6569,#6575,#6576,#6577));
#6569 = ORIENTED_EDGE('',*,*,#6570,.T.);
#6570 = EDGE_CURVE('',#5414,#5487,#6571,.T.);
#6571 = LINE('',#6572,#6573);
#6572 = CARTESIAN_POINT('',(-0.1,-14.99,1.25));
#6573 = VECTOR('',#6574,1.);
#6574 = DIRECTION('',(1.,-1.110223024625E-16,0.));
#6575 = ORIENTED_EDGE('',*,*,#5494,.T.);
#6576 = ORIENTED_EDGE('',*,*,#5445,.F.);
#6577 = ORIENTED_EDGE('',*,*,#5421,.F.);
#6578 = PLANE('',#6579);
#6579 = AXIS2_PLACEMENT_3D('',#6580,#6581,#6582);
#6580 = CARTESIAN_POINT('',(-0.1,-14.99,1.25));
#6581 = DIRECTION('',(-1.110223024625E-16,-1.,0.));
#6582 = DIRECTION('',(0.,0.,1.));
#6583 = ADVANCED_FACE('',(#6584),#6595,.T.);
#6584 = FACE_BOUND('',#6585,.T.);
#6585 = EDGE_LOOP('',(#6586,#6592,#6593,#6594));
#6586 = ORIENTED_EDGE('',*,*,#6587,.T.);
#6587 = EDGE_CURVE('',#5406,#5479,#6588,.T.);
#6588 = LINE('',#6589,#6590);
#6589 = CARTESIAN_POINT('',(-0.1,-15.49,1.25));
#6590 = VECTOR('',#6591,1.);
#6591 = DIRECTION('',(1.,-1.110223024625E-16,0.));
#6592 = ORIENTED_EDGE('',*,*,#5486,.T.);
#6593 = ORIENTED_EDGE('',*,*,#6570,.F.);
#6594 = ORIENTED_EDGE('',*,*,#5413,.F.);
#6595 = PLANE('',#6596);
#6596 = AXIS2_PLACEMENT_3D('',#6597,#6598,#6599);
#6597 = CARTESIAN_POINT('',(-0.1,-15.49,1.25));
#6598 = DIRECTION('',(0.,0.,1.));
#6599 = DIRECTION('',(1.110223024625E-16,1.,-0.));
#6600 = ADVANCED_FACE('',(#6601),#6607,.T.);
#6601 = FACE_BOUND('',#6602,.T.);
#6602 = EDGE_LOOP('',(#6603,#6604,#6605,#6606));
#6603 = ORIENTED_EDGE('',*,*,#5513,.T.);
#6604 = ORIENTED_EDGE('',*,*,#5478,.T.);
#6605 = ORIENTED_EDGE('',*,*,#6587,.F.);
#6606 = ORIENTED_EDGE('',*,*,#5405,.F.);
#6607 = PLANE('',#6608);
#6608 = AXIS2_PLACEMENT_3D('',#6609,#6610,#6611);
#6609 = CARTESIAN_POINT('',(-0.1,-15.49,7.35));
#6610 = DIRECTION('',(1.110223024625E-16,1.,0.));
#6611 = DIRECTION('',(0.,0.,-1.));
#6612 = ADVANCED_FACE('',(#6613),#6624,.T.);
#6613 = FACE_BOUND('',#6614,.T.);
#6614 = EDGE_LOOP('',(#6615,#6621,#6622,#6623));
#6615 = ORIENTED_EDGE('',*,*,#6616,.T.);
#6616 = EDGE_CURVE('',#5580,#5653,#6617,.T.);
#6617 = LINE('',#6618,#6619);
#6618 = CARTESIAN_POINT('',(-0.1,-12.45,1.25));
#6619 = VECTOR('',#6620,1.);
#6620 = DIRECTION('',(1.,-1.110223024625E-16,0.));
#6621 = ORIENTED_EDGE('',*,*,#5660,.T.);
#6622 = ORIENTED_EDGE('',*,*,#5611,.F.);
#6623 = ORIENTED_EDGE('',*,*,#5587,.F.);
#6624 = PLANE('',#6625);
#6625 = AXIS2_PLACEMENT_3D('',#6626,#6627,#6628);
#6626 = CARTESIAN_POINT('',(-0.1,-12.45,1.25));
#6627 = DIRECTION('',(-1.110223024625E-16,-1.,0.));
#6628 = DIRECTION('',(0.,0.,1.));
#6629 = ADVANCED_FACE('',(#6630),#6641,.T.);
#6630 = FACE_BOUND('',#6631,.T.);
#6631 = EDGE_LOOP('',(#6632,#6638,#6639,#6640));
#6632 = ORIENTED_EDGE('',*,*,#6633,.T.);
#6633 = EDGE_CURVE('',#5572,#5645,#6634,.T.);
#6634 = LINE('',#6635,#6636);
#6635 = CARTESIAN_POINT('',(-0.1,-12.95,1.25));
#6636 = VECTOR('',#6637,1.);
#6637 = DIRECTION('',(1.,-1.110223024625E-16,0.));
#6638 = ORIENTED_EDGE('',*,*,#5652,.T.);
#6639 = ORIENTED_EDGE('',*,*,#6616,.F.);
#6640 = ORIENTED_EDGE('',*,*,#5579,.F.);
#6641 = PLANE('',#6642);
#6642 = AXIS2_PLACEMENT_3D('',#6643,#6644,#6645);
#6643 = CARTESIAN_POINT('',(-0.1,-12.95,1.25));
#6644 = DIRECTION('',(0.,0.,1.));
#6645 = DIRECTION('',(1.110223024625E-16,1.,-0.));
#6646 = ADVANCED_FACE('',(#6647),#6653,.T.);
#6647 = FACE_BOUND('',#6648,.T.);
#6648 = EDGE_LOOP('',(#6649,#6650,#6651,#6652));
#6649 = ORIENTED_EDGE('',*,*,#5679,.T.);
#6650 = ORIENTED_EDGE('',*,*,#5644,.T.);
#6651 = ORIENTED_EDGE('',*,*,#6633,.F.);
#6652 = ORIENTED_EDGE('',*,*,#5571,.F.);
#6653 = PLANE('',#6654);
#6654 = AXIS2_PLACEMENT_3D('',#6655,#6656,#6657);
#6655 = CARTESIAN_POINT('',(-0.1,-12.95,7.35));
#6656 = DIRECTION('',(1.110223024625E-16,1.,0.));
#6657 = DIRECTION('',(0.,0.,-1.));
#6658 = ADVANCED_FACE('',(#6659),#6670,.T.);
#6659 = FACE_BOUND('',#6660,.T.);
#6660 = EDGE_LOOP('',(#6661,#6667,#6668,#6669));
#6661 = ORIENTED_EDGE('',*,*,#6662,.T.);
#6662 = EDGE_CURVE('',#5746,#5819,#6663,.T.);
#6663 = LINE('',#6664,#6665);
#6664 = CARTESIAN_POINT('',(-0.1,-9.91,1.25));
#6665 = VECTOR('',#6666,1.);
#6666 = DIRECTION('',(1.,-1.110223024625E-16,0.));
#6667 = ORIENTED_EDGE('',*,*,#5826,.T.);
#6668 = ORIENTED_EDGE('',*,*,#5777,.F.);
#6669 = ORIENTED_EDGE('',*,*,#5753,.F.);
#6670 = PLANE('',#6671);
#6671 = AXIS2_PLACEMENT_3D('',#6672,#6673,#6674);
#6672 = CARTESIAN_POINT('',(-0.1,-9.91,1.25));
#6673 = DIRECTION('',(-1.110223024625E-16,-1.,0.));
#6674 = DIRECTION('',(0.,0.,1.));
#6675 = ADVANCED_FACE('',(#6676),#6687,.T.);
#6676 = FACE_BOUND('',#6677,.T.);
#6677 = EDGE_LOOP('',(#6678,#6684,#6685,#6686));
#6678 = ORIENTED_EDGE('',*,*,#6679,.T.);
#6679 = EDGE_CURVE('',#5738,#5811,#6680,.T.);
#6680 = LINE('',#6681,#6682);
#6681 = CARTESIAN_POINT('',(-0.1,-10.41,1.25));
#6682 = VECTOR('',#6683,1.);
#6683 = DIRECTION('',(1.,-1.110223024625E-16,0.));
#6684 = ORIENTED_EDGE('',*,*,#5818,.T.);
#6685 = ORIENTED_EDGE('',*,*,#6662,.F.);
#6686 = ORIENTED_EDGE('',*,*,#5745,.F.);
#6687 = PLANE('',#6688);
#6688 = AXIS2_PLACEMENT_3D('',#6689,#6690,#6691);
#6689 = CARTESIAN_POINT('',(-0.1,-10.41,1.25));
#6690 = DIRECTION('',(0.,0.,1.));
#6691 = DIRECTION('',(1.110223024625E-16,1.,-0.));
#6692 = ADVANCED_FACE('',(#6693),#6699,.T.);
#6693 = FACE_BOUND('',#6694,.T.);
#6694 = EDGE_LOOP('',(#6695,#6696,#6697,#6698));
#6695 = ORIENTED_EDGE('',*,*,#5845,.T.);
#6696 = ORIENTED_EDGE('',*,*,#5810,.T.);
#6697 = ORIENTED_EDGE('',*,*,#6679,.F.);
#6698 = ORIENTED_EDGE('',*,*,#5737,.F.);
#6699 = PLANE('',#6700);
#6700 = AXIS2_PLACEMENT_3D('',#6701,#6702,#6703);
#6701 = CARTESIAN_POINT('',(-0.1,-10.41,7.35));
#6702 = DIRECTION('',(1.110223024625E-16,1.,0.));
#6703 = DIRECTION('',(0.,0.,-1.));
#6704 = ADVANCED_FACE('',(#6705),#6716,.T.);
#6705 = FACE_BOUND('',#6706,.T.);
#6706 = EDGE_LOOP('',(#6707,#6713,#6714,#6715));
#6707 = ORIENTED_EDGE('',*,*,#6708,.T.);
#6708 = EDGE_CURVE('',#5912,#5985,#6709,.T.);
#6709 = LINE('',#6710,#6711);
#6710 = CARTESIAN_POINT('',(-0.1,-7.37,1.25));
#6711 = VECTOR('',#6712,1.);
#6712 = DIRECTION('',(1.,-1.110223024625E-16,0.));
#6713 = ORIENTED_EDGE('',*,*,#5992,.T.);
#6714 = ORIENTED_EDGE('',*,*,#5943,.F.);
#6715 = ORIENTED_EDGE('',*,*,#5919,.F.);
#6716 = PLANE('',#6717);
#6717 = AXIS2_PLACEMENT_3D('',#6718,#6719,#6720);
#6718 = CARTESIAN_POINT('',(-0.1,-7.37,1.25));
#6719 = DIRECTION('',(-1.110223024625E-16,-1.,0.));
#6720 = DIRECTION('',(0.,0.,1.));
#6721 = ADVANCED_FACE('',(#6722),#6733,.T.);
#6722 = FACE_BOUND('',#6723,.T.);
#6723 = EDGE_LOOP('',(#6724,#6730,#6731,#6732));
#6724 = ORIENTED_EDGE('',*,*,#6725,.T.);
#6725 = EDGE_CURVE('',#5904,#5977,#6726,.T.);
#6726 = LINE('',#6727,#6728);
#6727 = CARTESIAN_POINT('',(-0.1,-7.87,1.25));
#6728 = VECTOR('',#6729,1.);
#6729 = DIRECTION('',(1.,-1.110223024625E-16,0.));
#6730 = ORIENTED_EDGE('',*,*,#5984,.T.);
#6731 = ORIENTED_EDGE('',*,*,#6708,.F.);
#6732 = ORIENTED_EDGE('',*,*,#5911,.F.);
#6733 = PLANE('',#6734);
#6734 = AXIS2_PLACEMENT_3D('',#6735,#6736,#6737);
#6735 = CARTESIAN_POINT('',(-0.1,-7.87,1.25));
#6736 = DIRECTION('',(0.,0.,1.));
#6737 = DIRECTION('',(1.110223024625E-16,1.,-0.));
#6738 = ADVANCED_FACE('',(#6739),#6745,.T.);
#6739 = FACE_BOUND('',#6740,.T.);
#6740 = EDGE_LOOP('',(#6741,#6742,#6743,#6744));
#6741 = ORIENTED_EDGE('',*,*,#6011,.T.);
#6742 = ORIENTED_EDGE('',*,*,#5976,.T.);
#6743 = ORIENTED_EDGE('',*,*,#6725,.F.);
#6744 = ORIENTED_EDGE('',*,*,#5903,.F.);
#6745 = PLANE('',#6746);
#6746 = AXIS2_PLACEMENT_3D('',#6747,#6748,#6749);
#6747 = CARTESIAN_POINT('',(-0.1,-7.87,7.35));
#6748 = DIRECTION('',(1.110223024625E-16,1.,0.));
#6749 = DIRECTION('',(0.,0.,-1.));
#6750 = ADVANCED_FACE('',(#6751),#6762,.T.);
#6751 = FACE_BOUND('',#6752,.T.);
#6752 = EDGE_LOOP('',(#6753,#6759,#6760,#6761));
#6753 = ORIENTED_EDGE('',*,*,#6754,.T.);
#6754 = EDGE_CURVE('',#6078,#6151,#6755,.T.);
#6755 = LINE('',#6756,#6757);
#6756 = CARTESIAN_POINT('',(-0.1,-4.83,1.25));
#6757 = VECTOR('',#6758,1.);
#6758 = DIRECTION('',(1.,-1.110223024625E-16,0.));
#6759 = ORIENTED_EDGE('',*,*,#6158,.T.);
#6760 = ORIENTED_EDGE('',*,*,#6109,.F.);
#6761 = ORIENTED_EDGE('',*,*,#6085,.F.);
#6762 = PLANE('',#6763);
#6763 = AXIS2_PLACEMENT_3D('',#6764,#6765,#6766);
#6764 = CARTESIAN_POINT('',(-0.1,-4.83,1.25));
#6765 = DIRECTION('',(-1.110223024625E-16,-1.,0.));
#6766 = DIRECTION('',(0.,0.,1.));
#6767 = ADVANCED_FACE('',(#6768),#6779,.T.);
#6768 = FACE_BOUND('',#6769,.T.);
#6769 = EDGE_LOOP('',(#6770,#6776,#6777,#6778));
#6770 = ORIENTED_EDGE('',*,*,#6771,.T.);
#6771 = EDGE_CURVE('',#6070,#6143,#6772,.T.);
#6772 = LINE('',#6773,#6774);
#6773 = CARTESIAN_POINT('',(-0.1,-5.33,1.25));
#6774 = VECTOR('',#6775,1.);
#6775 = DIRECTION('',(1.,-1.110223024625E-16,0.));
#6776 = ORIENTED_EDGE('',*,*,#6150,.T.);
#6777 = ORIENTED_EDGE('',*,*,#6754,.F.);
#6778 = ORIENTED_EDGE('',*,*,#6077,.F.);
#6779 = PLANE('',#6780);
#6780 = AXIS2_PLACEMENT_3D('',#6781,#6782,#6783);
#6781 = CARTESIAN_POINT('',(-0.1,-5.33,1.25));
#6782 = DIRECTION('',(0.,0.,1.));
#6783 = DIRECTION('',(1.110223024625E-16,1.,-0.));
#6784 = ADVANCED_FACE('',(#6785),#6791,.T.);
#6785 = FACE_BOUND('',#6786,.T.);
#6786 = EDGE_LOOP('',(#6787,#6788,#6789,#6790));
#6787 = ORIENTED_EDGE('',*,*,#6177,.T.);
#6788 = ORIENTED_EDGE('',*,*,#6142,.T.);
#6789 = ORIENTED_EDGE('',*,*,#6771,.F.);
#6790 = ORIENTED_EDGE('',*,*,#6069,.F.);
#6791 = PLANE('',#6792);
#6792 = AXIS2_PLACEMENT_3D('',#6793,#6794,#6795);
#6793 = CARTESIAN_POINT('',(-0.1,-5.33,7.35));
#6794 = DIRECTION('',(1.110223024625E-16,1.,0.));
#6795 = DIRECTION('',(0.,0.,-1.));
#6796 = ADVANCED_FACE('',(#6797),#6808,.T.);
#6797 = FACE_BOUND('',#6798,.T.);
#6798 = EDGE_LOOP('',(#6799,#6805,#6806,#6807));
#6799 = ORIENTED_EDGE('',*,*,#6800,.T.);
#6800 = EDGE_CURVE('',#6244,#6317,#6801,.T.);
#6801 = LINE('',#6802,#6803);
#6802 = CARTESIAN_POINT('',(-0.1,-2.29,1.25));
#6803 = VECTOR('',#6804,1.);
#6804 = DIRECTION('',(1.,-1.110223024625E-16,0.));
#6805 = ORIENTED_EDGE('',*,*,#6324,.T.);
#6806 = ORIENTED_EDGE('',*,*,#6275,.F.);
#6807 = ORIENTED_EDGE('',*,*,#6251,.F.);
#6808 = PLANE('',#6809);
#6809 = AXIS2_PLACEMENT_3D('',#6810,#6811,#6812);
#6810 = CARTESIAN_POINT('',(-0.1,-2.29,1.25));
#6811 = DIRECTION('',(-1.110223024625E-16,-1.,0.));
#6812 = DIRECTION('',(0.,0.,1.));
#6813 = ADVANCED_FACE('',(#6814),#6825,.T.);
#6814 = FACE_BOUND('',#6815,.T.);
#6815 = EDGE_LOOP('',(#6816,#6822,#6823,#6824));
#6816 = ORIENTED_EDGE('',*,*,#6817,.T.);
#6817 = EDGE_CURVE('',#6236,#6309,#6818,.T.);
#6818 = LINE('',#6819,#6820);
#6819 = CARTESIAN_POINT('',(-0.1,-2.79,1.25));
#6820 = VECTOR('',#6821,1.);
#6821 = DIRECTION('',(1.,-1.110223024625E-16,0.));
#6822 = ORIENTED_EDGE('',*,*,#6316,.T.);
#6823 = ORIENTED_EDGE('',*,*,#6800,.F.);
#6824 = ORIENTED_EDGE('',*,*,#6243,.F.);
#6825 = PLANE('',#6826);
#6826 = AXIS2_PLACEMENT_3D('',#6827,#6828,#6829);
#6827 = CARTESIAN_POINT('',(-0.1,-2.79,1.25));
#6828 = DIRECTION('',(0.,0.,1.));
#6829 = DIRECTION('',(1.110223024625E-16,1.,-0.));
#6830 = ADVANCED_FACE('',(#6831),#6837,.T.);
#6831 = FACE_BOUND('',#6832,.T.);
#6832 = EDGE_LOOP('',(#6833,#6834,#6835,#6836));
#6833 = ORIENTED_EDGE('',*,*,#6343,.T.);
#6834 = ORIENTED_EDGE('',*,*,#6308,.T.);
#6835 = ORIENTED_EDGE('',*,*,#6817,.F.);
#6836 = ORIENTED_EDGE('',*,*,#6235,.F.);
#6837 = PLANE('',#6838);
#6838 = AXIS2_PLACEMENT_3D('',#6839,#6840,#6841);
#6839 = CARTESIAN_POINT('',(-0.1,-2.79,7.35));
#6840 = DIRECTION('',(1.110223024625E-16,1.,0.));
#6841 = DIRECTION('',(0.,0.,-1.));
#6842 = ADVANCED_FACE('',(#6843),#6854,.T.);
#6843 = FACE_BOUND('',#6844,.T.);
#6844 = EDGE_LOOP('',(#6845,#6851,#6852,#6853));
#6845 = ORIENTED_EDGE('',*,*,#6846,.T.);
#6846 = EDGE_CURVE('',#6410,#6483,#6847,.T.);
#6847 = LINE('',#6848,#6849);
#6848 = CARTESIAN_POINT('',(-0.1,0.25,1.25));
#6849 = VECTOR('',#6850,1.);
#6850 = DIRECTION('',(1.,-1.110223024625E-16,0.));
#6851 = ORIENTED_EDGE('',*,*,#6490,.T.);
#6852 = ORIENTED_EDGE('',*,*,#6441,.F.);
#6853 = ORIENTED_EDGE('',*,*,#6417,.F.);
#6854 = PLANE('',#6855);
#6855 = AXIS2_PLACEMENT_3D('',#6856,#6857,#6858);
#6856 = CARTESIAN_POINT('',(-0.1,0.25,1.25));
#6857 = DIRECTION('',(-1.110223024625E-16,-1.,0.));
#6858 = DIRECTION('',(0.,0.,1.));
#6859 = ADVANCED_FACE('',(#6860),#6871,.T.);
#6860 = FACE_BOUND('',#6861,.T.);
#6861 = EDGE_LOOP('',(#6862,#6868,#6869,#6870));
#6862 = ORIENTED_EDGE('',*,*,#6863,.T.);
#6863 = EDGE_CURVE('',#6402,#6475,#6864,.T.);
#6864 = LINE('',#6865,#6866);
#6865 = CARTESIAN_POINT('',(-0.1,-0.25,1.25));
#6866 = VECTOR('',#6867,1.);
#6867 = DIRECTION('',(1.,-1.110223024625E-16,0.));
#6868 = ORIENTED_EDGE('',*,*,#6482,.T.);
#6869 = ORIENTED_EDGE('',*,*,#6846,.F.);
#6870 = ORIENTED_EDGE('',*,*,#6409,.F.);
#6871 = PLANE('',#6872);
#6872 = AXIS2_PLACEMENT_3D('',#6873,#6874,#6875);
#6873 = CARTESIAN_POINT('',(-0.1,-0.25,1.25));
#6874 = DIRECTION('',(0.,0.,1.));
#6875 = DIRECTION('',(1.110223024625E-16,1.,-0.));
#6876 = ADVANCED_FACE('',(#6877),#6883,.T.);
#6877 = FACE_BOUND('',#6878,.T.);
#6878 = EDGE_LOOP('',(#6879,#6880,#6881,#6882));
#6879 = ORIENTED_EDGE('',*,*,#6509,.T.);
#6880 = ORIENTED_EDGE('',*,*,#6474,.T.);
#6881 = ORIENTED_EDGE('',*,*,#6863,.F.);
#6882 = ORIENTED_EDGE('',*,*,#6401,.F.);
#6883 = PLANE('',#6884);
#6884 = AXIS2_PLACEMENT_3D('',#6885,#6886,#6887);
#6885 = CARTESIAN_POINT('',(-0.1,-0.25,7.35));
#6886 = DIRECTION('',(1.110223024625E-16,1.,0.));
#6887 = DIRECTION('',(0.,0.,-1.));
#6888 = ( GEOMETRIC_REPRESENTATION_CONTEXT(3) 
GLOBAL_UNCERTAINTY_ASSIGNED_CONTEXT((#6892)) 
GLOBAL_UNIT_ASSIGNED_CONTEXT((#6889,#6890,#6891)) REPRESENTATION_CONTEXT
('Context #1','3D Context with UNIT and UNCERTAINTY') );
#6889 = ( LENGTH_UNIT() NAMED_UNIT(*) SI_UNIT(.MILLI.,.METRE.) );
#6890 = ( NAMED_UNIT(*) PLANE_ANGLE_UNIT() SI_UNIT($,.RADIAN.) );
#6891 = ( NAMED_UNIT(*) SI_UNIT($,.STERADIAN.) SOLID_ANGLE_UNIT() );
#6892 = UNCERTAINTY_MEASURE_WITH_UNIT(LENGTH_MEASURE(1.E-07),#6889,
  'distance_accuracy_value','confusion accuracy');
#6893 = CONTEXT_DEPENDENT_SHAPE_REPRESENTATION(#6894,#6896);
#6894 = ( REPRESENTATION_RELATIONSHIP('','',#397,#374) 
REPRESENTATION_RELATIONSHIP_WITH_TRANSFORMATION(#6895) 
SHAPE_REPRESENTATION_RELATIONSHIP() );
#6895 = ITEM_DEFINED_TRANSFORMATION('','',#11,#375);
#6896 = PRODUCT_DEFINITION_SHAPE('Placement','Placement of an item',
  #6897);
#6897 = NEXT_ASSEMBLY_USAGE_OCCURRENCE('3','=>[0:1:1:5]','',#369,#392,$
  );
#6898 = PRODUCT_RELATED_PRODUCT_CATEGORY('part',$,(#394));
#6899 = SHAPE_DEFINITION_REPRESENTATION(#6900,#6906);
#6900 = PRODUCT_DEFINITION_SHAPE('','',#6901);
#6901 = PRODUCT_DEFINITION('design','',#6902,#6905);
#6902 = PRODUCT_DEFINITION_FORMATION('','',#6903);
#6903 = PRODUCT('BLADD3_PCB','BLADD3_PCB','',(#6904));
#6904 = PRODUCT_CONTEXT('',#2,'mechanical');
#6905 = PRODUCT_DEFINITION_CONTEXT('part definition',#2,'design');
#6906 = ADVANCED_BREP_SHAPE_REPRESENTATION('',(#11,#6907),#8383);
#6907 = MANIFOLD_SOLID_BREP('',#6908);
#6908 = CLOSED_SHELL('',(#6909,#6949,#6980,#7011,#7402,#7793,#7805,#7822
    ,#7839,#7856,#7873,#7890,#7907,#7924,#7941,#7958,#7975,#7992,#8009,
    #8026,#8043,#8060,#8077,#8094,#8111,#8128,#8145,#8162,#8179,#8196,
    #8213,#8230,#8247,#8264,#8281,#8298,#8315,#8332,#8349,#8366));
#6909 = ADVANCED_FACE('',(#6910),#6944,.T.);
#6910 = FACE_BOUND('',#6911,.T.);
#6911 = EDGE_LOOP('',(#6912,#6922,#6930,#6938));
#6912 = ORIENTED_EDGE('',*,*,#6913,.T.);
#6913 = EDGE_CURVE('',#6914,#6916,#6918,.T.);
#6914 = VERTEX_POINT('',#6915);
#6915 = CARTESIAN_POINT('',(164.5,-156.5,0.));
#6916 = VERTEX_POINT('',#6917);
#6917 = CARTESIAN_POINT('',(164.5,-156.5,1.51));
#6918 = LINE('',#6919,#6920);
#6919 = CARTESIAN_POINT('',(164.5,-156.5,0.));
#6920 = VECTOR('',#6921,1.);
#6921 = DIRECTION('',(0.,0.,1.));
#6922 = ORIENTED_EDGE('',*,*,#6923,.T.);
#6923 = EDGE_CURVE('',#6916,#6924,#6926,.T.);
#6924 = VERTEX_POINT('',#6925);
#6925 = CARTESIAN_POINT('',(47.,-156.5,1.51));
#6926 = LINE('',#6927,#6928);
#6927 = CARTESIAN_POINT('',(164.5,-156.5,1.51));
#6928 = VECTOR('',#6929,1.);
#6929 = DIRECTION('',(-1.,0.,0.));
#6930 = ORIENTED_EDGE('',*,*,#6931,.F.);
#6931 = EDGE_CURVE('',#6932,#6924,#6934,.T.);
#6932 = VERTEX_POINT('',#6933);
#6933 = CARTESIAN_POINT('',(47.,-156.5,0.));
#6934 = LINE('',#6935,#6936);
#6935 = CARTESIAN_POINT('',(47.,-156.5,0.));
#6936 = VECTOR('',#6937,1.);
#6937 = DIRECTION('',(0.,0.,1.));
#6938 = ORIENTED_EDGE('',*,*,#6939,.F.);
#6939 = EDGE_CURVE('',#6914,#6932,#6940,.T.);
#6940 = LINE('',#6941,#6942);
#6941 = CARTESIAN_POINT('',(164.5,-156.5,0.));
#6942 = VECTOR('',#6943,1.);
#6943 = DIRECTION('',(-1.,0.,0.));
#6944 = PLANE('',#6945);
#6945 = AXIS2_PLACEMENT_3D('',#6946,#6947,#6948);
#6946 = CARTESIAN_POINT('',(164.5,-156.5,0.));
#6947 = DIRECTION('',(0.,-1.,0.));
#6948 = DIRECTION('',(-1.,0.,0.));
#6949 = ADVANCED_FACE('',(#6950),#6975,.T.);
#6950 = FACE_BOUND('',#6951,.T.);
#6951 = EDGE_LOOP('',(#6952,#6962,#6968,#6969));
#6952 = ORIENTED_EDGE('',*,*,#6953,.T.);
#6953 = EDGE_CURVE('',#6954,#6956,#6958,.T.);
#6954 = VERTEX_POINT('',#6955);
#6955 = CARTESIAN_POINT('',(164.5,-64.5,0.));
#6956 = VERTEX_POINT('',#6957);
#6957 = CARTESIAN_POINT('',(164.5,-64.5,1.51));
#6958 = LINE('',#6959,#6960);
#6959 = CARTESIAN_POINT('',(164.5,-64.5,0.));
#6960 = VECTOR('',#6961,1.);
#6961 = DIRECTION('',(0.,0.,1.));
#6962 = ORIENTED_EDGE('',*,*,#6963,.T.);
#6963 = EDGE_CURVE('',#6956,#6916,#6964,.T.);
#6964 = LINE('',#6965,#6966);
#6965 = CARTESIAN_POINT('',(164.5,-64.5,1.51));
#6966 = VECTOR('',#6967,1.);
#6967 = DIRECTION('',(0.,-1.,0.));
#6968 = ORIENTED_EDGE('',*,*,#6913,.F.);
#6969 = ORIENTED_EDGE('',*,*,#6970,.F.);
#6970 = EDGE_CURVE('',#6954,#6914,#6971,.T.);
#6971 = LINE('',#6972,#6973);
#6972 = CARTESIAN_POINT('',(164.5,-64.5,0.));
#6973 = VECTOR('',#6974,1.);
#6974 = DIRECTION('',(0.,-1.,0.));
#6975 = PLANE('',#6976);
#6976 = AXIS2_PLACEMENT_3D('',#6977,#6978,#6979);
#6977 = CARTESIAN_POINT('',(164.5,-64.5,0.));
#6978 = DIRECTION('',(1.,0.,-0.));
#6979 = DIRECTION('',(0.,-1.,0.));
#6980 = ADVANCED_FACE('',(#6981),#7006,.T.);
#6981 = FACE_BOUND('',#6982,.T.);
#6982 = EDGE_LOOP('',(#6983,#6984,#6992,#7000));
#6983 = ORIENTED_EDGE('',*,*,#6931,.T.);
#6984 = ORIENTED_EDGE('',*,*,#6985,.T.);
#6985 = EDGE_CURVE('',#6924,#6986,#6988,.T.);
#6986 = VERTEX_POINT('',#6987);
#6987 = CARTESIAN_POINT('',(47.,-64.5,1.51));
#6988 = LINE('',#6989,#6990);
#6989 = CARTESIAN_POINT('',(47.,-156.5,1.51));
#6990 = VECTOR('',#6991,1.);
#6991 = DIRECTION('',(0.,1.,0.));
#6992 = ORIENTED_EDGE('',*,*,#6993,.F.);
#6993 = EDGE_CURVE('',#6994,#6986,#6996,.T.);
#6994 = VERTEX_POINT('',#6995);
#6995 = CARTESIAN_POINT('',(47.,-64.5,0.));
#6996 = LINE('',#6997,#6998);
#6997 = CARTESIAN_POINT('',(47.,-64.5,0.));
#6998 = VECTOR('',#6999,1.);
#6999 = DIRECTION('',(0.,0.,1.));
#7000 = ORIENTED_EDGE('',*,*,#7001,.F.);
#7001 = EDGE_CURVE('',#6932,#6994,#7002,.T.);
#7002 = LINE('',#7003,#7004);
#7003 = CARTESIAN_POINT('',(47.,-156.5,0.));
#7004 = VECTOR('',#7005,1.);
#7005 = DIRECTION('',(0.,1.,0.));
#7006 = PLANE('',#7007);
#7007 = AXIS2_PLACEMENT_3D('',#7008,#7009,#7010);
#7008 = CARTESIAN_POINT('',(47.,-156.5,0.));
#7009 = DIRECTION('',(-1.,0.,0.));
#7010 = DIRECTION('',(0.,1.,0.));
#7011 = ADVANCED_FACE('',(#7012,#7023,#7034,#7045,#7056,#7067,#7078,
    #7089,#7100,#7111,#7122,#7133,#7144,#7155,#7166,#7177,#7188,#7199,
    #7210,#7221,#7232,#7243,#7254,#7265,#7276,#7287,#7298,#7309,#7320,
    #7331,#7342,#7353,#7364,#7375,#7386),#7397,.F.);
#7012 = FACE_BOUND('',#7013,.F.);
#7013 = EDGE_LOOP('',(#7014,#7015,#7016,#7022));
#7014 = ORIENTED_EDGE('',*,*,#6939,.F.);
#7015 = ORIENTED_EDGE('',*,*,#6970,.F.);
#7016 = ORIENTED_EDGE('',*,*,#7017,.F.);
#7017 = EDGE_CURVE('',#6994,#6954,#7018,.T.);
#7018 = LINE('',#7019,#7020);
#7019 = CARTESIAN_POINT('',(47.,-64.5,0.));
#7020 = VECTOR('',#7021,1.);
#7021 = DIRECTION('',(1.,0.,0.));
#7022 = ORIENTED_EDGE('',*,*,#7001,.F.);
#7023 = FACE_BOUND('',#7024,.F.);
#7024 = EDGE_LOOP('',(#7025));
#7025 = ORIENTED_EDGE('',*,*,#7026,.T.);
#7026 = EDGE_CURVE('',#7027,#7027,#7029,.T.);
#7027 = VERTEX_POINT('',#7028);
#7028 = CARTESIAN_POINT('',(58.5,-151.1,0.));
#7029 = CIRCLE('',#7030,1.6);
#7030 = AXIS2_PLACEMENT_3D('',#7031,#7032,#7033);
#7031 = CARTESIAN_POINT('',(58.5,-149.5,0.));
#7032 = DIRECTION('',(-0.,0.,-1.));
#7033 = DIRECTION('',(-0.,-1.,0.));
#7034 = FACE_BOUND('',#7035,.F.);
#7035 = EDGE_LOOP('',(#7036));
#7036 = ORIENTED_EDGE('',*,*,#7037,.T.);
#7037 = EDGE_CURVE('',#7038,#7038,#7040,.T.);
#7038 = VERTEX_POINT('',#7039);
#7039 = CARTESIAN_POINT('',(86.76,-122.5,0.));
#7040 = CIRCLE('',#7041,0.5);
#7041 = AXIS2_PLACEMENT_3D('',#7042,#7043,#7044);
#7042 = CARTESIAN_POINT('',(86.76,-122.,0.));
#7043 = DIRECTION('',(-0.,0.,-1.));
#7044 = DIRECTION('',(-0.,-1.,0.));
#7045 = FACE_BOUND('',#7046,.F.);
#7046 = EDGE_LOOP('',(#7047));
#7047 = ORIENTED_EDGE('',*,*,#7048,.T.);
#7048 = EDGE_CURVE('',#7049,#7049,#7051,.T.);
#7049 = VERTEX_POINT('',#7050);
#7050 = CARTESIAN_POINT('',(89.3,-122.5,0.));
#7051 = CIRCLE('',#7052,0.5);
#7052 = AXIS2_PLACEMENT_3D('',#7053,#7054,#7055);
#7053 = CARTESIAN_POINT('',(89.3,-122.,0.));
#7054 = DIRECTION('',(-0.,0.,-1.));
#7055 = DIRECTION('',(-0.,-1.,0.));
#7056 = FACE_BOUND('',#7057,.F.);
#7057 = EDGE_LOOP('',(#7058));
#7058 = ORIENTED_EDGE('',*,*,#7059,.T.);
#7059 = EDGE_CURVE('',#7060,#7060,#7062,.T.);
#7060 = VERTEX_POINT('',#7061);
#7061 = CARTESIAN_POINT('',(91.84,-122.5,0.));
#7062 = CIRCLE('',#7063,0.5);
#7063 = AXIS2_PLACEMENT_3D('',#7064,#7065,#7066);
#7064 = CARTESIAN_POINT('',(91.84,-122.,0.));
#7065 = DIRECTION('',(-0.,0.,-1.));
#7066 = DIRECTION('',(-0.,-1.,0.));
#7067 = FACE_BOUND('',#7068,.F.);
#7068 = EDGE_LOOP('',(#7069));
#7069 = ORIENTED_EDGE('',*,*,#7070,.T.);
#7070 = EDGE_CURVE('',#7071,#7071,#7073,.T.);
#7071 = VERTEX_POINT('',#7072);
#7072 = CARTESIAN_POINT('',(94.38,-122.5,0.));
#7073 = CIRCLE('',#7074,0.5);
#7074 = AXIS2_PLACEMENT_3D('',#7075,#7076,#7077);
#7075 = CARTESIAN_POINT('',(94.38,-122.,0.));
#7076 = DIRECTION('',(-0.,0.,-1.));
#7077 = DIRECTION('',(-0.,-1.,0.));
#7078 = FACE_BOUND('',#7079,.F.);
#7079 = EDGE_LOOP('',(#7080));
#7080 = ORIENTED_EDGE('',*,*,#7081,.T.);
#7081 = EDGE_CURVE('',#7082,#7082,#7084,.T.);
#7082 = VERTEX_POINT('',#7083);
#7083 = CARTESIAN_POINT('',(96.92,-122.5,0.));
#7084 = CIRCLE('',#7085,0.5);
#7085 = AXIS2_PLACEMENT_3D('',#7086,#7087,#7088);
#7086 = CARTESIAN_POINT('',(96.92,-122.,0.));
#7087 = DIRECTION('',(-0.,0.,-1.));
#7088 = DIRECTION('',(-0.,-1.,0.));
#7089 = FACE_BOUND('',#7090,.F.);
#7090 = EDGE_LOOP('',(#7091));
#7091 = ORIENTED_EDGE('',*,*,#7092,.T.);
#7092 = EDGE_CURVE('',#7093,#7093,#7095,.T.);
#7093 = VERTEX_POINT('',#7094);
#7094 = CARTESIAN_POINT('',(99.46,-122.5,0.));
#7095 = CIRCLE('',#7096,0.5);
#7096 = AXIS2_PLACEMENT_3D('',#7097,#7098,#7099);
#7097 = CARTESIAN_POINT('',(99.46,-122.,0.));
#7098 = DIRECTION('',(-0.,0.,-1.));
#7099 = DIRECTION('',(-0.,-1.,0.));
#7100 = FACE_BOUND('',#7101,.F.);
#7101 = EDGE_LOOP('',(#7102));
#7102 = ORIENTED_EDGE('',*,*,#7103,.T.);
#7103 = EDGE_CURVE('',#7104,#7104,#7106,.T.);
#7104 = VERTEX_POINT('',#7105);
#7105 = CARTESIAN_POINT('',(102.,-122.5,0.));
#7106 = CIRCLE('',#7107,0.5);
#7107 = AXIS2_PLACEMENT_3D('',#7108,#7109,#7110);
#7108 = CARTESIAN_POINT('',(102.,-122.,0.));
#7109 = DIRECTION('',(-0.,0.,-1.));
#7110 = DIRECTION('',(-0.,-1.,0.));
#7111 = FACE_BOUND('',#7112,.F.);
#7112 = EDGE_LOOP('',(#7113));
#7113 = ORIENTED_EDGE('',*,*,#7114,.T.);
#7114 = EDGE_CURVE('',#7115,#7115,#7117,.T.);
#7115 = VERTEX_POINT('',#7116);
#7116 = CARTESIAN_POINT('',(104.54,-122.5,0.));
#7117 = CIRCLE('',#7118,0.5);
#7118 = AXIS2_PLACEMENT_3D('',#7119,#7120,#7121);
#7119 = CARTESIAN_POINT('',(104.54,-122.,0.));
#7120 = DIRECTION('',(-0.,0.,-1.));
#7121 = DIRECTION('',(-0.,-1.,0.));
#7122 = FACE_BOUND('',#7123,.F.);
#7123 = EDGE_LOOP('',(#7124));
#7124 = ORIENTED_EDGE('',*,*,#7125,.T.);
#7125 = EDGE_CURVE('',#7126,#7126,#7128,.T.);
#7126 = VERTEX_POINT('',#7127);
#7127 = CARTESIAN_POINT('',(130.88,-146.33,0.));
#7128 = CIRCLE('',#7129,0.75);
#7129 = AXIS2_PLACEMENT_3D('',#7130,#7131,#7132);
#7130 = CARTESIAN_POINT('',(130.88,-145.58,0.));
#7131 = DIRECTION('',(-0.,0.,-1.));
#7132 = DIRECTION('',(-0.,-1.,0.));
#7133 = FACE_BOUND('',#7134,.F.);
#7134 = EDGE_LOOP('',(#7135));
#7135 = ORIENTED_EDGE('',*,*,#7136,.T.);
#7136 = EDGE_CURVE('',#7137,#7137,#7139,.T.);
#7137 = VERTEX_POINT('',#7138);
#7138 = CARTESIAN_POINT('',(128.34,-141.35,0.));
#7139 = CIRCLE('',#7140,0.85);
#7140 = AXIS2_PLACEMENT_3D('',#7141,#7142,#7143);
#7141 = CARTESIAN_POINT('',(128.34,-140.5,0.));
#7142 = DIRECTION('',(-0.,0.,-1.));
#7143 = DIRECTION('',(-0.,-1.,0.));
#7144 = FACE_BOUND('',#7145,.F.);
#7145 = EDGE_LOOP('',(#7146));
#7146 = ORIENTED_EDGE('',*,*,#7147,.T.);
#7147 = EDGE_CURVE('',#7148,#7148,#7150,.T.);
#7148 = VERTEX_POINT('',#7149);
#7149 = CARTESIAN_POINT('',(133.42,-142.5,0.));
#7150 = CIRCLE('',#7151,2.);
#7151 = AXIS2_PLACEMENT_3D('',#7152,#7153,#7154);
#7152 = CARTESIAN_POINT('',(133.42,-140.5,0.));
#7153 = DIRECTION('',(-0.,0.,-1.));
#7154 = DIRECTION('',(-0.,-1.,0.));
#7155 = FACE_BOUND('',#7156,.F.);
#7156 = EDGE_LOOP('',(#7157));
#7157 = ORIENTED_EDGE('',*,*,#7158,.T.);
#7158 = EDGE_CURVE('',#7159,#7159,#7161,.T.);
#7159 = VERTEX_POINT('',#7160);
#7160 = CARTESIAN_POINT('',(137.23,-143.79,0.));
#7161 = CIRCLE('',#7162,0.75);
#7162 = AXIS2_PLACEMENT_3D('',#7163,#7164,#7165);
#7163 = CARTESIAN_POINT('',(137.23,-143.04,0.));
#7164 = DIRECTION('',(-0.,0.,-1.));
#7165 = DIRECTION('',(-0.,-1.,0.));
#7166 = FACE_BOUND('',#7167,.F.);
#7167 = EDGE_LOOP('',(#7168));
#7168 = ORIENTED_EDGE('',*,*,#7169,.T.);
#7169 = EDGE_CURVE('',#7170,#7170,#7172,.T.);
#7170 = VERTEX_POINT('',#7171);
#7171 = CARTESIAN_POINT('',(157.5,-151.6,0.));
#7172 = CIRCLE('',#7173,1.6);
#7173 = AXIS2_PLACEMENT_3D('',#7174,#7175,#7176);
#7174 = CARTESIAN_POINT('',(157.5,-150.,0.));
#7175 = DIRECTION('',(-0.,0.,-1.));
#7176 = DIRECTION('',(-0.,-1.,0.));
#7177 = FACE_BOUND('',#7178,.F.);
#7178 = EDGE_LOOP('',(#7179));
#7179 = ORIENTED_EDGE('',*,*,#7180,.T.);
#7180 = EDGE_CURVE('',#7181,#7181,#7183,.T.);
#7181 = VERTEX_POINT('',#7182);
#7182 = CARTESIAN_POINT('',(138.5,-141.35,0.));
#7183 = CIRCLE('',#7184,0.85);
#7184 = AXIS2_PLACEMENT_3D('',#7185,#7186,#7187);
#7185 = CARTESIAN_POINT('',(138.5,-140.5,0.));
#7186 = DIRECTION('',(-0.,0.,-1.));
#7187 = DIRECTION('',(-0.,-1.,0.));
#7188 = FACE_BOUND('',#7189,.F.);
#7189 = EDGE_LOOP('',(#7190));
#7190 = ORIENTED_EDGE('',*,*,#7191,.T.);
#7191 = EDGE_CURVE('',#7192,#7192,#7194,.T.);
#7192 = VERTEX_POINT('',#7193);
#7193 = CARTESIAN_POINT('',(131.,-127.25,0.));
#7194 = CIRCLE('',#7195,0.75);
#7195 = AXIS2_PLACEMENT_3D('',#7196,#7197,#7198);
#7196 = CARTESIAN_POINT('',(131.,-126.5,0.));
#7197 = DIRECTION('',(-0.,0.,-1.));
#7198 = DIRECTION('',(-0.,-1.,0.));
#7199 = FACE_BOUND('',#7200,.F.);
#7200 = EDGE_LOOP('',(#7201));
#7201 = ORIENTED_EDGE('',*,*,#7202,.T.);
#7202 = EDGE_CURVE('',#7203,#7203,#7205,.T.);
#7203 = VERTEX_POINT('',#7204);
#7204 = CARTESIAN_POINT('',(128.46,-122.27,0.));
#7205 = CIRCLE('',#7206,0.85);
#7206 = AXIS2_PLACEMENT_3D('',#7207,#7208,#7209);
#7207 = CARTESIAN_POINT('',(128.46,-121.42,0.));
#7208 = DIRECTION('',(-0.,0.,-1.));
#7209 = DIRECTION('',(-0.,-1.,0.));
#7210 = FACE_BOUND('',#7211,.F.);
#7211 = EDGE_LOOP('',(#7212));
#7212 = ORIENTED_EDGE('',*,*,#7213,.T.);
#7213 = EDGE_CURVE('',#7214,#7214,#7216,.T.);
#7214 = VERTEX_POINT('',#7215);
#7215 = CARTESIAN_POINT('',(137.35,-124.71,0.));
#7216 = CIRCLE('',#7217,0.75);
#7217 = AXIS2_PLACEMENT_3D('',#7218,#7219,#7220);
#7218 = CARTESIAN_POINT('',(137.35,-123.96,0.));
#7219 = DIRECTION('',(-0.,0.,-1.));
#7220 = DIRECTION('',(-0.,-1.,0.));
#7221 = FACE_BOUND('',#7222,.F.);
#7222 = EDGE_LOOP('',(#7223));
#7223 = ORIENTED_EDGE('',*,*,#7224,.T.);
#7224 = EDGE_CURVE('',#7225,#7225,#7227,.T.);
#7225 = VERTEX_POINT('',#7226);
#7226 = CARTESIAN_POINT('',(133.54,-123.42,0.));
#7227 = CIRCLE('',#7228,2.);
#7228 = AXIS2_PLACEMENT_3D('',#7229,#7230,#7231);
#7229 = CARTESIAN_POINT('',(133.54,-121.42,0.));
#7230 = DIRECTION('',(-0.,0.,-1.));
#7231 = DIRECTION('',(-0.,-1.,0.));
#7232 = FACE_BOUND('',#7233,.F.);
#7233 = EDGE_LOOP('',(#7234));
#7234 = ORIENTED_EDGE('',*,*,#7235,.T.);
#7235 = EDGE_CURVE('',#7236,#7236,#7238,.T.);
#7236 = VERTEX_POINT('',#7237);
#7237 = CARTESIAN_POINT('',(138.62,-122.27,0.));
#7238 = CIRCLE('',#7239,0.85);
#7239 = AXIS2_PLACEMENT_3D('',#7240,#7241,#7242);
#7240 = CARTESIAN_POINT('',(138.62,-121.42,0.));
#7241 = DIRECTION('',(-0.,0.,-1.));
#7242 = DIRECTION('',(-0.,-1.,0.));
#7243 = FACE_BOUND('',#7244,.F.);
#7244 = EDGE_LOOP('',(#7245));
#7245 = ORIENTED_EDGE('',*,*,#7246,.T.);
#7246 = EDGE_CURVE('',#7247,#7247,#7249,.T.);
#7247 = VERTEX_POINT('',#7248);
#7248 = CARTESIAN_POINT('',(68.,-108.5,0.));
#7249 = CIRCLE('',#7250,0.5);
#7250 = AXIS2_PLACEMENT_3D('',#7251,#7252,#7253);
#7251 = CARTESIAN_POINT('',(68.,-108.,0.));
#7252 = DIRECTION('',(-0.,0.,-1.));
#7253 = DIRECTION('',(-0.,-1.,0.));
#7254 = FACE_BOUND('',#7255,.F.);
#7255 = EDGE_LOOP('',(#7256));
#7256 = ORIENTED_EDGE('',*,*,#7257,.T.);
#7257 = EDGE_CURVE('',#7258,#7258,#7260,.T.);
#7258 = VERTEX_POINT('',#7259);
#7259 = CARTESIAN_POINT('',(75.6,-108.5,0.));
#7260 = CIRCLE('',#7261,0.5);
#7261 = AXIS2_PLACEMENT_3D('',#7262,#7263,#7264);
#7262 = CARTESIAN_POINT('',(75.6,-108.,0.));
#7263 = DIRECTION('',(-0.,0.,-1.));
#7264 = DIRECTION('',(-0.,-1.,0.));
#7265 = FACE_BOUND('',#7266,.F.);
#7266 = EDGE_LOOP('',(#7267));
#7267 = ORIENTED_EDGE('',*,*,#7268,.T.);
#7268 = EDGE_CURVE('',#7269,#7269,#7271,.T.);
#7269 = VERTEX_POINT('',#7270);
#7270 = CARTESIAN_POINT('',(58.,-73.1,0.));
#7271 = CIRCLE('',#7272,1.6);
#7272 = AXIS2_PLACEMENT_3D('',#7273,#7274,#7275);
#7273 = CARTESIAN_POINT('',(58.,-71.5,0.));
#7274 = DIRECTION('',(-0.,0.,-1.));
#7275 = DIRECTION('',(-0.,-1.,0.));
#7276 = FACE_BOUND('',#7277,.F.);
#7277 = EDGE_LOOP('',(#7278));
#7278 = ORIENTED_EDGE('',*,*,#7279,.T.);
#7279 = EDGE_CURVE('',#7280,#7280,#7282,.T.);
#7280 = VERTEX_POINT('',#7281);
#7281 = CARTESIAN_POINT('',(130.88,-107.83,0.));
#7282 = CIRCLE('',#7283,0.75);
#7283 = AXIS2_PLACEMENT_3D('',#7284,#7285,#7286);
#7284 = CARTESIAN_POINT('',(130.88,-107.08,0.));
#7285 = DIRECTION('',(-0.,0.,-1.));
#7286 = DIRECTION('',(-0.,-1.,0.));
#7287 = FACE_BOUND('',#7288,.F.);
#7288 = EDGE_LOOP('',(#7289));
#7289 = ORIENTED_EDGE('',*,*,#7290,.T.);
#7290 = EDGE_CURVE('',#7291,#7291,#7293,.T.);
#7291 = VERTEX_POINT('',#7292);
#7292 = CARTESIAN_POINT('',(128.34,-102.85,0.));
#7293 = CIRCLE('',#7294,0.85);
#7294 = AXIS2_PLACEMENT_3D('',#7295,#7296,#7297);
#7295 = CARTESIAN_POINT('',(128.34,-102.,0.));
#7296 = DIRECTION('',(-0.,0.,-1.));
#7297 = DIRECTION('',(-0.,-1.,0.));
#7298 = FACE_BOUND('',#7299,.F.);
#7299 = EDGE_LOOP('',(#7300));
#7300 = ORIENTED_EDGE('',*,*,#7301,.T.);
#7301 = EDGE_CURVE('',#7302,#7302,#7304,.T.);
#7302 = VERTEX_POINT('',#7303);
#7303 = CARTESIAN_POINT('',(133.42,-104.,0.));
#7304 = CIRCLE('',#7305,2.);
#7305 = AXIS2_PLACEMENT_3D('',#7306,#7307,#7308);
#7306 = CARTESIAN_POINT('',(133.42,-102.,0.));
#7307 = DIRECTION('',(-0.,0.,-1.));
#7308 = DIRECTION('',(-0.,-1.,0.));
#7309 = FACE_BOUND('',#7310,.F.);
#7310 = EDGE_LOOP('',(#7311));
#7311 = ORIENTED_EDGE('',*,*,#7312,.T.);
#7312 = EDGE_CURVE('',#7313,#7313,#7315,.T.);
#7313 = VERTEX_POINT('',#7314);
#7314 = CARTESIAN_POINT('',(137.23,-105.29,0.));
#7315 = CIRCLE('',#7316,0.75);
#7316 = AXIS2_PLACEMENT_3D('',#7317,#7318,#7319);
#7317 = CARTESIAN_POINT('',(137.23,-104.54,0.));
#7318 = DIRECTION('',(-0.,0.,-1.));
#7319 = DIRECTION('',(-0.,-1.,0.));
#7320 = FACE_BOUND('',#7321,.F.);
#7321 = EDGE_LOOP('',(#7322));
#7322 = ORIENTED_EDGE('',*,*,#7323,.T.);
#7323 = EDGE_CURVE('',#7324,#7324,#7326,.T.);
#7324 = VERTEX_POINT('',#7325);
#7325 = CARTESIAN_POINT('',(138.5,-102.85,0.));
#7326 = CIRCLE('',#7327,0.85);
#7327 = AXIS2_PLACEMENT_3D('',#7328,#7329,#7330);
#7328 = CARTESIAN_POINT('',(138.5,-102.,0.));
#7329 = DIRECTION('',(-0.,0.,-1.));
#7330 = DIRECTION('',(-0.,-1.,0.));
#7331 = FACE_BOUND('',#7332,.F.);
#7332 = EDGE_LOOP('',(#7333));
#7333 = ORIENTED_EDGE('',*,*,#7334,.T.);
#7334 = EDGE_CURVE('',#7335,#7335,#7337,.T.);
#7335 = VERTEX_POINT('',#7336);
#7336 = CARTESIAN_POINT('',(130.65,-88.79,0.));
#7337 = CIRCLE('',#7338,0.75);
#7338 = AXIS2_PLACEMENT_3D('',#7339,#7340,#7341);
#7339 = CARTESIAN_POINT('',(130.65,-88.04,0.));
#7340 = DIRECTION('',(-0.,0.,-1.));
#7341 = DIRECTION('',(-0.,-1.,0.));
#7342 = FACE_BOUND('',#7343,.F.);
#7343 = EDGE_LOOP('',(#7344));
#7344 = ORIENTED_EDGE('',*,*,#7345,.T.);
#7345 = EDGE_CURVE('',#7346,#7346,#7348,.T.);
#7346 = VERTEX_POINT('',#7347);
#7347 = CARTESIAN_POINT('',(128.11,-83.81,0.));
#7348 = CIRCLE('',#7349,0.85);
#7349 = AXIS2_PLACEMENT_3D('',#7350,#7351,#7352);
#7350 = CARTESIAN_POINT('',(128.11,-82.96,0.));
#7351 = DIRECTION('',(-0.,0.,-1.));
#7352 = DIRECTION('',(-0.,-1.,0.));
#7353 = FACE_BOUND('',#7354,.F.);
#7354 = EDGE_LOOP('',(#7355));
#7355 = ORIENTED_EDGE('',*,*,#7356,.T.);
#7356 = EDGE_CURVE('',#7357,#7357,#7359,.T.);
#7357 = VERTEX_POINT('',#7358);
#7358 = CARTESIAN_POINT('',(133.19,-84.96,0.));
#7359 = CIRCLE('',#7360,2.);
#7360 = AXIS2_PLACEMENT_3D('',#7361,#7362,#7363);
#7361 = CARTESIAN_POINT('',(133.19,-82.96,0.));
#7362 = DIRECTION('',(-0.,0.,-1.));
#7363 = DIRECTION('',(-0.,-1.,0.));
#7364 = FACE_BOUND('',#7365,.F.);
#7365 = EDGE_LOOP('',(#7366));
#7366 = ORIENTED_EDGE('',*,*,#7367,.T.);
#7367 = EDGE_CURVE('',#7368,#7368,#7370,.T.);
#7368 = VERTEX_POINT('',#7369);
#7369 = CARTESIAN_POINT('',(137.,-86.25,0.));
#7370 = CIRCLE('',#7371,0.75);
#7371 = AXIS2_PLACEMENT_3D('',#7372,#7373,#7374);
#7372 = CARTESIAN_POINT('',(137.,-85.5,0.));
#7373 = DIRECTION('',(-0.,0.,-1.));
#7374 = DIRECTION('',(-0.,-1.,0.));
#7375 = FACE_BOUND('',#7376,.F.);
#7376 = EDGE_LOOP('',(#7377));
#7377 = ORIENTED_EDGE('',*,*,#7378,.T.);
#7378 = EDGE_CURVE('',#7379,#7379,#7381,.T.);
#7379 = VERTEX_POINT('',#7380);
#7380 = CARTESIAN_POINT('',(138.27,-83.81,0.));
#7381 = CIRCLE('',#7382,0.85);
#7382 = AXIS2_PLACEMENT_3D('',#7383,#7384,#7385);
#7383 = CARTESIAN_POINT('',(138.27,-82.96,0.));
#7384 = DIRECTION('',(-0.,0.,-1.));
#7385 = DIRECTION('',(3.343730521224E-14,-1.,-0.));
#7386 = FACE_BOUND('',#7387,.F.);
#7387 = EDGE_LOOP('',(#7388));
#7388 = ORIENTED_EDGE('',*,*,#7389,.T.);
#7389 = EDGE_CURVE('',#7390,#7390,#7392,.T.);
#7390 = VERTEX_POINT('',#7391);
#7391 = CARTESIAN_POINT('',(156.5,-74.1,0.));
#7392 = CIRCLE('',#7393,1.6);
#7393 = AXIS2_PLACEMENT_3D('',#7394,#7395,#7396);
#7394 = CARTESIAN_POINT('',(156.5,-72.5,0.));
#7395 = DIRECTION('',(-0.,0.,-1.));
#7396 = DIRECTION('',(-0.,-1.,0.));
#7397 = PLANE('',#7398);
#7398 = AXIS2_PLACEMENT_3D('',#7399,#7400,#7401);
#7399 = CARTESIAN_POINT('',(0.,0.,0.));
#7400 = DIRECTION('',(0.,0.,1.));
#7401 = DIRECTION('',(1.,0.,-0.));
#7402 = ADVANCED_FACE('',(#7403,#7414,#7425,#7436,#7447,#7458,#7469,
    #7480,#7491,#7502,#7513,#7524,#7535,#7546,#7557,#7568,#7579,#7590,
    #7601,#7612,#7623,#7634,#7645,#7656,#7667,#7678,#7689,#7700,#7711,
    #7722,#7733,#7744,#7755,#7766,#7777),#7788,.T.);
#7403 = FACE_BOUND('',#7404,.T.);
#7404 = EDGE_LOOP('',(#7405,#7406,#7407,#7413));
#7405 = ORIENTED_EDGE('',*,*,#6923,.F.);
#7406 = ORIENTED_EDGE('',*,*,#6963,.F.);
#7407 = ORIENTED_EDGE('',*,*,#7408,.F.);
#7408 = EDGE_CURVE('',#6986,#6956,#7409,.T.);
#7409 = LINE('',#7410,#7411);
#7410 = CARTESIAN_POINT('',(47.,-64.5,1.51));
#7411 = VECTOR('',#7412,1.);
#7412 = DIRECTION('',(1.,0.,0.));
#7413 = ORIENTED_EDGE('',*,*,#6985,.F.);
#7414 = FACE_BOUND('',#7415,.T.);
#7415 = EDGE_LOOP('',(#7416));
#7416 = ORIENTED_EDGE('',*,*,#7417,.T.);
#7417 = EDGE_CURVE('',#7418,#7418,#7420,.T.);
#7418 = VERTEX_POINT('',#7419);
#7419 = CARTESIAN_POINT('',(58.5,-151.1,1.51));
#7420 = CIRCLE('',#7421,1.6);
#7421 = AXIS2_PLACEMENT_3D('',#7422,#7423,#7424);
#7422 = CARTESIAN_POINT('',(58.5,-149.5,1.51));
#7423 = DIRECTION('',(-0.,0.,-1.));
#7424 = DIRECTION('',(-0.,-1.,0.));
#7425 = FACE_BOUND('',#7426,.T.);
#7426 = EDGE_LOOP('',(#7427));
#7427 = ORIENTED_EDGE('',*,*,#7428,.T.);
#7428 = EDGE_CURVE('',#7429,#7429,#7431,.T.);
#7429 = VERTEX_POINT('',#7430);
#7430 = CARTESIAN_POINT('',(86.76,-122.5,1.51));
#7431 = CIRCLE('',#7432,0.5);
#7432 = AXIS2_PLACEMENT_3D('',#7433,#7434,#7435);
#7433 = CARTESIAN_POINT('',(86.76,-122.,1.51));
#7434 = DIRECTION('',(-0.,0.,-1.));
#7435 = DIRECTION('',(-0.,-1.,0.));
#7436 = FACE_BOUND('',#7437,.T.);
#7437 = EDGE_LOOP('',(#7438));
#7438 = ORIENTED_EDGE('',*,*,#7439,.T.);
#7439 = EDGE_CURVE('',#7440,#7440,#7442,.T.);
#7440 = VERTEX_POINT('',#7441);
#7441 = CARTESIAN_POINT('',(89.3,-122.5,1.51));
#7442 = CIRCLE('',#7443,0.5);
#7443 = AXIS2_PLACEMENT_3D('',#7444,#7445,#7446);
#7444 = CARTESIAN_POINT('',(89.3,-122.,1.51));
#7445 = DIRECTION('',(-0.,0.,-1.));
#7446 = DIRECTION('',(-0.,-1.,0.));
#7447 = FACE_BOUND('',#7448,.T.);
#7448 = EDGE_LOOP('',(#7449));
#7449 = ORIENTED_EDGE('',*,*,#7450,.T.);
#7450 = EDGE_CURVE('',#7451,#7451,#7453,.T.);
#7451 = VERTEX_POINT('',#7452);
#7452 = CARTESIAN_POINT('',(91.84,-122.5,1.51));
#7453 = CIRCLE('',#7454,0.5);
#7454 = AXIS2_PLACEMENT_3D('',#7455,#7456,#7457);
#7455 = CARTESIAN_POINT('',(91.84,-122.,1.51));
#7456 = DIRECTION('',(-0.,0.,-1.));
#7457 = DIRECTION('',(-0.,-1.,0.));
#7458 = FACE_BOUND('',#7459,.T.);
#7459 = EDGE_LOOP('',(#7460));
#7460 = ORIENTED_EDGE('',*,*,#7461,.T.);
#7461 = EDGE_CURVE('',#7462,#7462,#7464,.T.);
#7462 = VERTEX_POINT('',#7463);
#7463 = CARTESIAN_POINT('',(94.38,-122.5,1.51));
#7464 = CIRCLE('',#7465,0.5);
#7465 = AXIS2_PLACEMENT_3D('',#7466,#7467,#7468);
#7466 = CARTESIAN_POINT('',(94.38,-122.,1.51));
#7467 = DIRECTION('',(-0.,0.,-1.));
#7468 = DIRECTION('',(-0.,-1.,0.));
#7469 = FACE_BOUND('',#7470,.T.);
#7470 = EDGE_LOOP('',(#7471));
#7471 = ORIENTED_EDGE('',*,*,#7472,.T.);
#7472 = EDGE_CURVE('',#7473,#7473,#7475,.T.);
#7473 = VERTEX_POINT('',#7474);
#7474 = CARTESIAN_POINT('',(96.92,-122.5,1.51));
#7475 = CIRCLE('',#7476,0.5);
#7476 = AXIS2_PLACEMENT_3D('',#7477,#7478,#7479);
#7477 = CARTESIAN_POINT('',(96.92,-122.,1.51));
#7478 = DIRECTION('',(-0.,0.,-1.));
#7479 = DIRECTION('',(-0.,-1.,0.));
#7480 = FACE_BOUND('',#7481,.T.);
#7481 = EDGE_LOOP('',(#7482));
#7482 = ORIENTED_EDGE('',*,*,#7483,.T.);
#7483 = EDGE_CURVE('',#7484,#7484,#7486,.T.);
#7484 = VERTEX_POINT('',#7485);
#7485 = CARTESIAN_POINT('',(99.46,-122.5,1.51));
#7486 = CIRCLE('',#7487,0.5);
#7487 = AXIS2_PLACEMENT_3D('',#7488,#7489,#7490);
#7488 = CARTESIAN_POINT('',(99.46,-122.,1.51));
#7489 = DIRECTION('',(-0.,0.,-1.));
#7490 = DIRECTION('',(-0.,-1.,0.));
#7491 = FACE_BOUND('',#7492,.T.);
#7492 = EDGE_LOOP('',(#7493));
#7493 = ORIENTED_EDGE('',*,*,#7494,.T.);
#7494 = EDGE_CURVE('',#7495,#7495,#7497,.T.);
#7495 = VERTEX_POINT('',#7496);
#7496 = CARTESIAN_POINT('',(102.,-122.5,1.51));
#7497 = CIRCLE('',#7498,0.5);
#7498 = AXIS2_PLACEMENT_3D('',#7499,#7500,#7501);
#7499 = CARTESIAN_POINT('',(102.,-122.,1.51));
#7500 = DIRECTION('',(-0.,0.,-1.));
#7501 = DIRECTION('',(-0.,-1.,0.));
#7502 = FACE_BOUND('',#7503,.T.);
#7503 = EDGE_LOOP('',(#7504));
#7504 = ORIENTED_EDGE('',*,*,#7505,.T.);
#7505 = EDGE_CURVE('',#7506,#7506,#7508,.T.);
#7506 = VERTEX_POINT('',#7507);
#7507 = CARTESIAN_POINT('',(104.54,-122.5,1.51));
#7508 = CIRCLE('',#7509,0.5);
#7509 = AXIS2_PLACEMENT_3D('',#7510,#7511,#7512);
#7510 = CARTESIAN_POINT('',(104.54,-122.,1.51));
#7511 = DIRECTION('',(-0.,0.,-1.));
#7512 = DIRECTION('',(-0.,-1.,0.));
#7513 = FACE_BOUND('',#7514,.T.);
#7514 = EDGE_LOOP('',(#7515));
#7515 = ORIENTED_EDGE('',*,*,#7516,.T.);
#7516 = EDGE_CURVE('',#7517,#7517,#7519,.T.);
#7517 = VERTEX_POINT('',#7518);
#7518 = CARTESIAN_POINT('',(130.88,-146.33,1.51));
#7519 = CIRCLE('',#7520,0.75);
#7520 = AXIS2_PLACEMENT_3D('',#7521,#7522,#7523);
#7521 = CARTESIAN_POINT('',(130.88,-145.58,1.51));
#7522 = DIRECTION('',(-0.,0.,-1.));
#7523 = DIRECTION('',(-0.,-1.,0.));
#7524 = FACE_BOUND('',#7525,.T.);
#7525 = EDGE_LOOP('',(#7526));
#7526 = ORIENTED_EDGE('',*,*,#7527,.T.);
#7527 = EDGE_CURVE('',#7528,#7528,#7530,.T.);
#7528 = VERTEX_POINT('',#7529);
#7529 = CARTESIAN_POINT('',(128.34,-141.35,1.51));
#7530 = CIRCLE('',#7531,0.85);
#7531 = AXIS2_PLACEMENT_3D('',#7532,#7533,#7534);
#7532 = CARTESIAN_POINT('',(128.34,-140.5,1.51));
#7533 = DIRECTION('',(-0.,0.,-1.));
#7534 = DIRECTION('',(-0.,-1.,0.));
#7535 = FACE_BOUND('',#7536,.T.);
#7536 = EDGE_LOOP('',(#7537));
#7537 = ORIENTED_EDGE('',*,*,#7538,.T.);
#7538 = EDGE_CURVE('',#7539,#7539,#7541,.T.);
#7539 = VERTEX_POINT('',#7540);
#7540 = CARTESIAN_POINT('',(133.42,-142.5,1.51));
#7541 = CIRCLE('',#7542,2.);
#7542 = AXIS2_PLACEMENT_3D('',#7543,#7544,#7545);
#7543 = CARTESIAN_POINT('',(133.42,-140.5,1.51));
#7544 = DIRECTION('',(-0.,0.,-1.));
#7545 = DIRECTION('',(-0.,-1.,0.));
#7546 = FACE_BOUND('',#7547,.T.);
#7547 = EDGE_LOOP('',(#7548));
#7548 = ORIENTED_EDGE('',*,*,#7549,.T.);
#7549 = EDGE_CURVE('',#7550,#7550,#7552,.T.);
#7550 = VERTEX_POINT('',#7551);
#7551 = CARTESIAN_POINT('',(137.23,-143.79,1.51));
#7552 = CIRCLE('',#7553,0.75);
#7553 = AXIS2_PLACEMENT_3D('',#7554,#7555,#7556);
#7554 = CARTESIAN_POINT('',(137.23,-143.04,1.51));
#7555 = DIRECTION('',(-0.,0.,-1.));
#7556 = DIRECTION('',(-0.,-1.,0.));
#7557 = FACE_BOUND('',#7558,.T.);
#7558 = EDGE_LOOP('',(#7559));
#7559 = ORIENTED_EDGE('',*,*,#7560,.T.);
#7560 = EDGE_CURVE('',#7561,#7561,#7563,.T.);
#7561 = VERTEX_POINT('',#7562);
#7562 = CARTESIAN_POINT('',(157.5,-151.6,1.51));
#7563 = CIRCLE('',#7564,1.6);
#7564 = AXIS2_PLACEMENT_3D('',#7565,#7566,#7567);
#7565 = CARTESIAN_POINT('',(157.5,-150.,1.51));
#7566 = DIRECTION('',(-0.,0.,-1.));
#7567 = DIRECTION('',(-0.,-1.,0.));
#7568 = FACE_BOUND('',#7569,.T.);
#7569 = EDGE_LOOP('',(#7570));
#7570 = ORIENTED_EDGE('',*,*,#7571,.T.);
#7571 = EDGE_CURVE('',#7572,#7572,#7574,.T.);
#7572 = VERTEX_POINT('',#7573);
#7573 = CARTESIAN_POINT('',(138.5,-141.35,1.51));
#7574 = CIRCLE('',#7575,0.85);
#7575 = AXIS2_PLACEMENT_3D('',#7576,#7577,#7578);
#7576 = CARTESIAN_POINT('',(138.5,-140.5,1.51));
#7577 = DIRECTION('',(-0.,0.,-1.));
#7578 = DIRECTION('',(-0.,-1.,0.));
#7579 = FACE_BOUND('',#7580,.T.);
#7580 = EDGE_LOOP('',(#7581));
#7581 = ORIENTED_EDGE('',*,*,#7582,.T.);
#7582 = EDGE_CURVE('',#7583,#7583,#7585,.T.);
#7583 = VERTEX_POINT('',#7584);
#7584 = CARTESIAN_POINT('',(131.,-127.25,1.51));
#7585 = CIRCLE('',#7586,0.75);
#7586 = AXIS2_PLACEMENT_3D('',#7587,#7588,#7589);
#7587 = CARTESIAN_POINT('',(131.,-126.5,1.51));
#7588 = DIRECTION('',(-0.,0.,-1.));
#7589 = DIRECTION('',(-0.,-1.,0.));
#7590 = FACE_BOUND('',#7591,.T.);
#7591 = EDGE_LOOP('',(#7592));
#7592 = ORIENTED_EDGE('',*,*,#7593,.T.);
#7593 = EDGE_CURVE('',#7594,#7594,#7596,.T.);
#7594 = VERTEX_POINT('',#7595);
#7595 = CARTESIAN_POINT('',(128.46,-122.27,1.51));
#7596 = CIRCLE('',#7597,0.85);
#7597 = AXIS2_PLACEMENT_3D('',#7598,#7599,#7600);
#7598 = CARTESIAN_POINT('',(128.46,-121.42,1.51));
#7599 = DIRECTION('',(-0.,0.,-1.));
#7600 = DIRECTION('',(-0.,-1.,0.));
#7601 = FACE_BOUND('',#7602,.T.);
#7602 = EDGE_LOOP('',(#7603));
#7603 = ORIENTED_EDGE('',*,*,#7604,.T.);
#7604 = EDGE_CURVE('',#7605,#7605,#7607,.T.);
#7605 = VERTEX_POINT('',#7606);
#7606 = CARTESIAN_POINT('',(137.35,-124.71,1.51));
#7607 = CIRCLE('',#7608,0.75);
#7608 = AXIS2_PLACEMENT_3D('',#7609,#7610,#7611);
#7609 = CARTESIAN_POINT('',(137.35,-123.96,1.51));
#7610 = DIRECTION('',(-0.,0.,-1.));
#7611 = DIRECTION('',(-0.,-1.,0.));
#7612 = FACE_BOUND('',#7613,.T.);
#7613 = EDGE_LOOP('',(#7614));
#7614 = ORIENTED_EDGE('',*,*,#7615,.T.);
#7615 = EDGE_CURVE('',#7616,#7616,#7618,.T.);
#7616 = VERTEX_POINT('',#7617);
#7617 = CARTESIAN_POINT('',(133.54,-123.42,1.51));
#7618 = CIRCLE('',#7619,2.);
#7619 = AXIS2_PLACEMENT_3D('',#7620,#7621,#7622);
#7620 = CARTESIAN_POINT('',(133.54,-121.42,1.51));
#7621 = DIRECTION('',(-0.,0.,-1.));
#7622 = DIRECTION('',(-0.,-1.,0.));
#7623 = FACE_BOUND('',#7624,.T.);
#7624 = EDGE_LOOP('',(#7625));
#7625 = ORIENTED_EDGE('',*,*,#7626,.T.);
#7626 = EDGE_CURVE('',#7627,#7627,#7629,.T.);
#7627 = VERTEX_POINT('',#7628);
#7628 = CARTESIAN_POINT('',(138.62,-122.27,1.51));
#7629 = CIRCLE('',#7630,0.85);
#7630 = AXIS2_PLACEMENT_3D('',#7631,#7632,#7633);
#7631 = CARTESIAN_POINT('',(138.62,-121.42,1.51));
#7632 = DIRECTION('',(-0.,0.,-1.));
#7633 = DIRECTION('',(-0.,-1.,0.));
#7634 = FACE_BOUND('',#7635,.T.);
#7635 = EDGE_LOOP('',(#7636));
#7636 = ORIENTED_EDGE('',*,*,#7637,.T.);
#7637 = EDGE_CURVE('',#7638,#7638,#7640,.T.);
#7638 = VERTEX_POINT('',#7639);
#7639 = CARTESIAN_POINT('',(68.,-108.5,1.51));
#7640 = CIRCLE('',#7641,0.5);
#7641 = AXIS2_PLACEMENT_3D('',#7642,#7643,#7644);
#7642 = CARTESIAN_POINT('',(68.,-108.,1.51));
#7643 = DIRECTION('',(-0.,0.,-1.));
#7644 = DIRECTION('',(-0.,-1.,0.));
#7645 = FACE_BOUND('',#7646,.T.);
#7646 = EDGE_LOOP('',(#7647));
#7647 = ORIENTED_EDGE('',*,*,#7648,.T.);
#7648 = EDGE_CURVE('',#7649,#7649,#7651,.T.);
#7649 = VERTEX_POINT('',#7650);
#7650 = CARTESIAN_POINT('',(75.6,-108.5,1.51));
#7651 = CIRCLE('',#7652,0.5);
#7652 = AXIS2_PLACEMENT_3D('',#7653,#7654,#7655);
#7653 = CARTESIAN_POINT('',(75.6,-108.,1.51));
#7654 = DIRECTION('',(-0.,0.,-1.));
#7655 = DIRECTION('',(-0.,-1.,0.));
#7656 = FACE_BOUND('',#7657,.T.);
#7657 = EDGE_LOOP('',(#7658));
#7658 = ORIENTED_EDGE('',*,*,#7659,.T.);
#7659 = EDGE_CURVE('',#7660,#7660,#7662,.T.);
#7660 = VERTEX_POINT('',#7661);
#7661 = CARTESIAN_POINT('',(58.,-73.1,1.51));
#7662 = CIRCLE('',#7663,1.6);
#7663 = AXIS2_PLACEMENT_3D('',#7664,#7665,#7666);
#7664 = CARTESIAN_POINT('',(58.,-71.5,1.51));
#7665 = DIRECTION('',(-0.,0.,-1.));
#7666 = DIRECTION('',(-0.,-1.,0.));
#7667 = FACE_BOUND('',#7668,.T.);
#7668 = EDGE_LOOP('',(#7669));
#7669 = ORIENTED_EDGE('',*,*,#7670,.T.);
#7670 = EDGE_CURVE('',#7671,#7671,#7673,.T.);
#7671 = VERTEX_POINT('',#7672);
#7672 = CARTESIAN_POINT('',(130.88,-107.83,1.51));
#7673 = CIRCLE('',#7674,0.75);
#7674 = AXIS2_PLACEMENT_3D('',#7675,#7676,#7677);
#7675 = CARTESIAN_POINT('',(130.88,-107.08,1.51));
#7676 = DIRECTION('',(-0.,0.,-1.));
#7677 = DIRECTION('',(-0.,-1.,0.));
#7678 = FACE_BOUND('',#7679,.T.);
#7679 = EDGE_LOOP('',(#7680));
#7680 = ORIENTED_EDGE('',*,*,#7681,.T.);
#7681 = EDGE_CURVE('',#7682,#7682,#7684,.T.);
#7682 = VERTEX_POINT('',#7683);
#7683 = CARTESIAN_POINT('',(128.34,-102.85,1.51));
#7684 = CIRCLE('',#7685,0.85);
#7685 = AXIS2_PLACEMENT_3D('',#7686,#7687,#7688);
#7686 = CARTESIAN_POINT('',(128.34,-102.,1.51));
#7687 = DIRECTION('',(-0.,0.,-1.));
#7688 = DIRECTION('',(-0.,-1.,0.));
#7689 = FACE_BOUND('',#7690,.T.);
#7690 = EDGE_LOOP('',(#7691));
#7691 = ORIENTED_EDGE('',*,*,#7692,.T.);
#7692 = EDGE_CURVE('',#7693,#7693,#7695,.T.);
#7693 = VERTEX_POINT('',#7694);
#7694 = CARTESIAN_POINT('',(133.42,-104.,1.51));
#7695 = CIRCLE('',#7696,2.);
#7696 = AXIS2_PLACEMENT_3D('',#7697,#7698,#7699);
#7697 = CARTESIAN_POINT('',(133.42,-102.,1.51));
#7698 = DIRECTION('',(-0.,0.,-1.));
#7699 = DIRECTION('',(-0.,-1.,0.));
#7700 = FACE_BOUND('',#7701,.T.);
#7701 = EDGE_LOOP('',(#7702));
#7702 = ORIENTED_EDGE('',*,*,#7703,.T.);
#7703 = EDGE_CURVE('',#7704,#7704,#7706,.T.);
#7704 = VERTEX_POINT('',#7705);
#7705 = CARTESIAN_POINT('',(137.23,-105.29,1.51));
#7706 = CIRCLE('',#7707,0.75);
#7707 = AXIS2_PLACEMENT_3D('',#7708,#7709,#7710);
#7708 = CARTESIAN_POINT('',(137.23,-104.54,1.51));
#7709 = DIRECTION('',(-0.,0.,-1.));
#7710 = DIRECTION('',(-0.,-1.,0.));
#7711 = FACE_BOUND('',#7712,.T.);
#7712 = EDGE_LOOP('',(#7713));
#7713 = ORIENTED_EDGE('',*,*,#7714,.T.);
#7714 = EDGE_CURVE('',#7715,#7715,#7717,.T.);
#7715 = VERTEX_POINT('',#7716);
#7716 = CARTESIAN_POINT('',(138.5,-102.85,1.51));
#7717 = CIRCLE('',#7718,0.85);
#7718 = AXIS2_PLACEMENT_3D('',#7719,#7720,#7721);
#7719 = CARTESIAN_POINT('',(138.5,-102.,1.51));
#7720 = DIRECTION('',(-0.,0.,-1.));
#7721 = DIRECTION('',(-0.,-1.,0.));
#7722 = FACE_BOUND('',#7723,.T.);
#7723 = EDGE_LOOP('',(#7724));
#7724 = ORIENTED_EDGE('',*,*,#7725,.T.);
#7725 = EDGE_CURVE('',#7726,#7726,#7728,.T.);
#7726 = VERTEX_POINT('',#7727);
#7727 = CARTESIAN_POINT('',(130.65,-88.79,1.51));
#7728 = CIRCLE('',#7729,0.75);
#7729 = AXIS2_PLACEMENT_3D('',#7730,#7731,#7732);
#7730 = CARTESIAN_POINT('',(130.65,-88.04,1.51));
#7731 = DIRECTION('',(-0.,0.,-1.));
#7732 = DIRECTION('',(-0.,-1.,0.));
#7733 = FACE_BOUND('',#7734,.T.);
#7734 = EDGE_LOOP('',(#7735));
#7735 = ORIENTED_EDGE('',*,*,#7736,.T.);
#7736 = EDGE_CURVE('',#7737,#7737,#7739,.T.);
#7737 = VERTEX_POINT('',#7738);
#7738 = CARTESIAN_POINT('',(128.11,-83.81,1.51));
#7739 = CIRCLE('',#7740,0.85);
#7740 = AXIS2_PLACEMENT_3D('',#7741,#7742,#7743);
#7741 = CARTESIAN_POINT('',(128.11,-82.96,1.51));
#7742 = DIRECTION('',(-0.,0.,-1.));
#7743 = DIRECTION('',(-0.,-1.,0.));
#7744 = FACE_BOUND('',#7745,.T.);
#7745 = EDGE_LOOP('',(#7746));
#7746 = ORIENTED_EDGE('',*,*,#7747,.T.);
#7747 = EDGE_CURVE('',#7748,#7748,#7750,.T.);
#7748 = VERTEX_POINT('',#7749);
#7749 = CARTESIAN_POINT('',(133.19,-84.96,1.51));
#7750 = CIRCLE('',#7751,2.);
#7751 = AXIS2_PLACEMENT_3D('',#7752,#7753,#7754);
#7752 = CARTESIAN_POINT('',(133.19,-82.96,1.51));
#7753 = DIRECTION('',(-0.,0.,-1.));
#7754 = DIRECTION('',(-0.,-1.,0.));
#7755 = FACE_BOUND('',#7756,.T.);
#7756 = EDGE_LOOP('',(#7757));
#7757 = ORIENTED_EDGE('',*,*,#7758,.T.);
#7758 = EDGE_CURVE('',#7759,#7759,#7761,.T.);
#7759 = VERTEX_POINT('',#7760);
#7760 = CARTESIAN_POINT('',(137.,-86.25,1.51));
#7761 = CIRCLE('',#7762,0.75);
#7762 = AXIS2_PLACEMENT_3D('',#7763,#7764,#7765);
#7763 = CARTESIAN_POINT('',(137.,-85.5,1.51));
#7764 = DIRECTION('',(-0.,0.,-1.));
#7765 = DIRECTION('',(-0.,-1.,0.));
#7766 = FACE_BOUND('',#7767,.T.);
#7767 = EDGE_LOOP('',(#7768));
#7768 = ORIENTED_EDGE('',*,*,#7769,.T.);
#7769 = EDGE_CURVE('',#7770,#7770,#7772,.T.);
#7770 = VERTEX_POINT('',#7771);
#7771 = CARTESIAN_POINT('',(138.27,-83.81,1.51));
#7772 = CIRCLE('',#7773,0.85);
#7773 = AXIS2_PLACEMENT_3D('',#7774,#7775,#7776);
#7774 = CARTESIAN_POINT('',(138.27,-82.96,1.51));
#7775 = DIRECTION('',(-0.,0.,-1.));
#7776 = DIRECTION('',(3.343730521224E-14,-1.,-0.));
#7777 = FACE_BOUND('',#7778,.T.);
#7778 = EDGE_LOOP('',(#7779));
#7779 = ORIENTED_EDGE('',*,*,#7780,.T.);
#7780 = EDGE_CURVE('',#7781,#7781,#7783,.T.);
#7781 = VERTEX_POINT('',#7782);
#7782 = CARTESIAN_POINT('',(156.5,-74.1,1.51));
#7783 = CIRCLE('',#7784,1.6);
#7784 = AXIS2_PLACEMENT_3D('',#7785,#7786,#7787);
#7785 = CARTESIAN_POINT('',(156.5,-72.5,1.51));
#7786 = DIRECTION('',(-0.,0.,-1.));
#7787 = DIRECTION('',(-0.,-1.,0.));
#7788 = PLANE('',#7789);
#7789 = AXIS2_PLACEMENT_3D('',#7790,#7791,#7792);
#7790 = CARTESIAN_POINT('',(0.,0.,1.51));
#7791 = DIRECTION('',(0.,0.,1.));
#7792 = DIRECTION('',(1.,0.,-0.));
#7793 = ADVANCED_FACE('',(#7794),#7800,.T.);
#7794 = FACE_BOUND('',#7795,.T.);
#7795 = EDGE_LOOP('',(#7796,#7797,#7798,#7799));
#7796 = ORIENTED_EDGE('',*,*,#6993,.T.);
#7797 = ORIENTED_EDGE('',*,*,#7408,.T.);
#7798 = ORIENTED_EDGE('',*,*,#6953,.F.);
#7799 = ORIENTED_EDGE('',*,*,#7017,.F.);
#7800 = PLANE('',#7801);
#7801 = AXIS2_PLACEMENT_3D('',#7802,#7803,#7804);
#7802 = CARTESIAN_POINT('',(47.,-64.5,0.));
#7803 = DIRECTION('',(0.,1.,0.));
#7804 = DIRECTION('',(1.,0.,0.));
#7805 = ADVANCED_FACE('',(#7806),#7817,.F.);
#7806 = FACE_BOUND('',#7807,.T.);
#7807 = EDGE_LOOP('',(#7808,#7809,#7815,#7816));
#7808 = ORIENTED_EDGE('',*,*,#7026,.T.);
#7809 = ORIENTED_EDGE('',*,*,#7810,.T.);
#7810 = EDGE_CURVE('',#7027,#7418,#7811,.T.);
#7811 = LINE('',#7812,#7813);
#7812 = CARTESIAN_POINT('',(58.5,-151.1,-4.6E-02));
#7813 = VECTOR('',#7814,1.);
#7814 = DIRECTION('',(0.,0.,1.));
#7815 = ORIENTED_EDGE('',*,*,#7417,.F.);
#7816 = ORIENTED_EDGE('',*,*,#7810,.F.);
#7817 = CYLINDRICAL_SURFACE('',#7818,1.6);
#7818 = AXIS2_PLACEMENT_3D('',#7819,#7820,#7821);
#7819 = CARTESIAN_POINT('',(58.5,-149.5,-4.6E-02));
#7820 = DIRECTION('',(-0.,-0.,-1.));
#7821 = DIRECTION('',(-0.,-1.,0.));
#7822 = ADVANCED_FACE('',(#7823),#7834,.F.);
#7823 = FACE_BOUND('',#7824,.T.);
#7824 = EDGE_LOOP('',(#7825,#7826,#7832,#7833));
#7825 = ORIENTED_EDGE('',*,*,#7037,.T.);
#7826 = ORIENTED_EDGE('',*,*,#7827,.T.);
#7827 = EDGE_CURVE('',#7038,#7429,#7828,.T.);
#7828 = LINE('',#7829,#7830);
#7829 = CARTESIAN_POINT('',(86.76,-122.5,-4.6E-02));
#7830 = VECTOR('',#7831,1.);
#7831 = DIRECTION('',(0.,0.,1.));
#7832 = ORIENTED_EDGE('',*,*,#7428,.F.);
#7833 = ORIENTED_EDGE('',*,*,#7827,.F.);
#7834 = CYLINDRICAL_SURFACE('',#7835,0.5);
#7835 = AXIS2_PLACEMENT_3D('',#7836,#7837,#7838);
#7836 = CARTESIAN_POINT('',(86.76,-122.,-4.6E-02));
#7837 = DIRECTION('',(-0.,-0.,-1.));
#7838 = DIRECTION('',(-0.,-1.,0.));
#7839 = ADVANCED_FACE('',(#7840),#7851,.F.);
#7840 = FACE_BOUND('',#7841,.T.);
#7841 = EDGE_LOOP('',(#7842,#7843,#7849,#7850));
#7842 = ORIENTED_EDGE('',*,*,#7048,.T.);
#7843 = ORIENTED_EDGE('',*,*,#7844,.T.);
#7844 = EDGE_CURVE('',#7049,#7440,#7845,.T.);
#7845 = LINE('',#7846,#7847);
#7846 = CARTESIAN_POINT('',(89.3,-122.5,-4.6E-02));
#7847 = VECTOR('',#7848,1.);
#7848 = DIRECTION('',(0.,0.,1.));
#7849 = ORIENTED_EDGE('',*,*,#7439,.F.);
#7850 = ORIENTED_EDGE('',*,*,#7844,.F.);
#7851 = CYLINDRICAL_SURFACE('',#7852,0.5);
#7852 = AXIS2_PLACEMENT_3D('',#7853,#7854,#7855);
#7853 = CARTESIAN_POINT('',(89.3,-122.,-4.6E-02));
#7854 = DIRECTION('',(-0.,-0.,-1.));
#7855 = DIRECTION('',(-0.,-1.,0.));
#7856 = ADVANCED_FACE('',(#7857),#7868,.F.);
#7857 = FACE_BOUND('',#7858,.T.);
#7858 = EDGE_LOOP('',(#7859,#7860,#7866,#7867));
#7859 = ORIENTED_EDGE('',*,*,#7059,.T.);
#7860 = ORIENTED_EDGE('',*,*,#7861,.T.);
#7861 = EDGE_CURVE('',#7060,#7451,#7862,.T.);
#7862 = LINE('',#7863,#7864);
#7863 = CARTESIAN_POINT('',(91.84,-122.5,-4.6E-02));
#7864 = VECTOR('',#7865,1.);
#7865 = DIRECTION('',(0.,0.,1.));
#7866 = ORIENTED_EDGE('',*,*,#7450,.F.);
#7867 = ORIENTED_EDGE('',*,*,#7861,.F.);
#7868 = CYLINDRICAL_SURFACE('',#7869,0.5);
#7869 = AXIS2_PLACEMENT_3D('',#7870,#7871,#7872);
#7870 = CARTESIAN_POINT('',(91.84,-122.,-4.6E-02));
#7871 = DIRECTION('',(-0.,-0.,-1.));
#7872 = DIRECTION('',(-0.,-1.,0.));
#7873 = ADVANCED_FACE('',(#7874),#7885,.F.);
#7874 = FACE_BOUND('',#7875,.T.);
#7875 = EDGE_LOOP('',(#7876,#7877,#7883,#7884));
#7876 = ORIENTED_EDGE('',*,*,#7070,.T.);
#7877 = ORIENTED_EDGE('',*,*,#7878,.T.);
#7878 = EDGE_CURVE('',#7071,#7462,#7879,.T.);
#7879 = LINE('',#7880,#7881);
#7880 = CARTESIAN_POINT('',(94.38,-122.5,-4.6E-02));
#7881 = VECTOR('',#7882,1.);
#7882 = DIRECTION('',(0.,0.,1.));
#7883 = ORIENTED_EDGE('',*,*,#7461,.F.);
#7884 = ORIENTED_EDGE('',*,*,#7878,.F.);
#7885 = CYLINDRICAL_SURFACE('',#7886,0.5);
#7886 = AXIS2_PLACEMENT_3D('',#7887,#7888,#7889);
#7887 = CARTESIAN_POINT('',(94.38,-122.,-4.6E-02));
#7888 = DIRECTION('',(-0.,-0.,-1.));
#7889 = DIRECTION('',(-0.,-1.,0.));
#7890 = ADVANCED_FACE('',(#7891),#7902,.F.);
#7891 = FACE_BOUND('',#7892,.T.);
#7892 = EDGE_LOOP('',(#7893,#7894,#7900,#7901));
#7893 = ORIENTED_EDGE('',*,*,#7081,.T.);
#7894 = ORIENTED_EDGE('',*,*,#7895,.T.);
#7895 = EDGE_CURVE('',#7082,#7473,#7896,.T.);
#7896 = LINE('',#7897,#7898);
#7897 = CARTESIAN_POINT('',(96.92,-122.5,-4.6E-02));
#7898 = VECTOR('',#7899,1.);
#7899 = DIRECTION('',(0.,0.,1.));
#7900 = ORIENTED_EDGE('',*,*,#7472,.F.);
#7901 = ORIENTED_EDGE('',*,*,#7895,.F.);
#7902 = CYLINDRICAL_SURFACE('',#7903,0.5);
#7903 = AXIS2_PLACEMENT_3D('',#7904,#7905,#7906);
#7904 = CARTESIAN_POINT('',(96.92,-122.,-4.6E-02));
#7905 = DIRECTION('',(-0.,-0.,-1.));
#7906 = DIRECTION('',(-0.,-1.,0.));
#7907 = ADVANCED_FACE('',(#7908),#7919,.F.);
#7908 = FACE_BOUND('',#7909,.T.);
#7909 = EDGE_LOOP('',(#7910,#7911,#7917,#7918));
#7910 = ORIENTED_EDGE('',*,*,#7092,.T.);
#7911 = ORIENTED_EDGE('',*,*,#7912,.T.);
#7912 = EDGE_CURVE('',#7093,#7484,#7913,.T.);
#7913 = LINE('',#7914,#7915);
#7914 = CARTESIAN_POINT('',(99.46,-122.5,-4.6E-02));
#7915 = VECTOR('',#7916,1.);
#7916 = DIRECTION('',(0.,0.,1.));
#7917 = ORIENTED_EDGE('',*,*,#7483,.F.);
#7918 = ORIENTED_EDGE('',*,*,#7912,.F.);
#7919 = CYLINDRICAL_SURFACE('',#7920,0.5);
#7920 = AXIS2_PLACEMENT_3D('',#7921,#7922,#7923);
#7921 = CARTESIAN_POINT('',(99.46,-122.,-4.6E-02));
#7922 = DIRECTION('',(-0.,-0.,-1.));
#7923 = DIRECTION('',(-0.,-1.,0.));
#7924 = ADVANCED_FACE('',(#7925),#7936,.F.);
#7925 = FACE_BOUND('',#7926,.T.);
#7926 = EDGE_LOOP('',(#7927,#7928,#7934,#7935));
#7927 = ORIENTED_EDGE('',*,*,#7103,.T.);
#7928 = ORIENTED_EDGE('',*,*,#7929,.T.);
#7929 = EDGE_CURVE('',#7104,#7495,#7930,.T.);
#7930 = LINE('',#7931,#7932);
#7931 = CARTESIAN_POINT('',(102.,-122.5,-4.6E-02));
#7932 = VECTOR('',#7933,1.);
#7933 = DIRECTION('',(0.,0.,1.));
#7934 = ORIENTED_EDGE('',*,*,#7494,.F.);
#7935 = ORIENTED_EDGE('',*,*,#7929,.F.);
#7936 = CYLINDRICAL_SURFACE('',#7937,0.5);
#7937 = AXIS2_PLACEMENT_3D('',#7938,#7939,#7940);
#7938 = CARTESIAN_POINT('',(102.,-122.,-4.6E-02));
#7939 = DIRECTION('',(-0.,-0.,-1.));
#7940 = DIRECTION('',(-0.,-1.,0.));
#7941 = ADVANCED_FACE('',(#7942),#7953,.F.);
#7942 = FACE_BOUND('',#7943,.T.);
#7943 = EDGE_LOOP('',(#7944,#7945,#7951,#7952));
#7944 = ORIENTED_EDGE('',*,*,#7114,.T.);
#7945 = ORIENTED_EDGE('',*,*,#7946,.T.);
#7946 = EDGE_CURVE('',#7115,#7506,#7947,.T.);
#7947 = LINE('',#7948,#7949);
#7948 = CARTESIAN_POINT('',(104.54,-122.5,-4.6E-02));
#7949 = VECTOR('',#7950,1.);
#7950 = DIRECTION('',(0.,0.,1.));
#7951 = ORIENTED_EDGE('',*,*,#7505,.F.);
#7952 = ORIENTED_EDGE('',*,*,#7946,.F.);
#7953 = CYLINDRICAL_SURFACE('',#7954,0.5);
#7954 = AXIS2_PLACEMENT_3D('',#7955,#7956,#7957);
#7955 = CARTESIAN_POINT('',(104.54,-122.,-4.6E-02));
#7956 = DIRECTION('',(-0.,-0.,-1.));
#7957 = DIRECTION('',(-0.,-1.,0.));
#7958 = ADVANCED_FACE('',(#7959),#7970,.F.);
#7959 = FACE_BOUND('',#7960,.T.);
#7960 = EDGE_LOOP('',(#7961,#7962,#7968,#7969));
#7961 = ORIENTED_EDGE('',*,*,#7125,.T.);
#7962 = ORIENTED_EDGE('',*,*,#7963,.T.);
#7963 = EDGE_CURVE('',#7126,#7517,#7964,.T.);
#7964 = LINE('',#7965,#7966);
#7965 = CARTESIAN_POINT('',(130.88,-146.33,-4.6E-02));
#7966 = VECTOR('',#7967,1.);
#7967 = DIRECTION('',(0.,0.,1.));
#7968 = ORIENTED_EDGE('',*,*,#7516,.F.);
#7969 = ORIENTED_EDGE('',*,*,#7963,.F.);
#7970 = CYLINDRICAL_SURFACE('',#7971,0.75);
#7971 = AXIS2_PLACEMENT_3D('',#7972,#7973,#7974);
#7972 = CARTESIAN_POINT('',(130.88,-145.58,-4.6E-02));
#7973 = DIRECTION('',(-0.,-0.,-1.));
#7974 = DIRECTION('',(-0.,-1.,0.));
#7975 = ADVANCED_FACE('',(#7976),#7987,.F.);
#7976 = FACE_BOUND('',#7977,.T.);
#7977 = EDGE_LOOP('',(#7978,#7979,#7985,#7986));
#7978 = ORIENTED_EDGE('',*,*,#7136,.T.);
#7979 = ORIENTED_EDGE('',*,*,#7980,.T.);
#7980 = EDGE_CURVE('',#7137,#7528,#7981,.T.);
#7981 = LINE('',#7982,#7983);
#7982 = CARTESIAN_POINT('',(128.34,-141.35,-4.6E-02));
#7983 = VECTOR('',#7984,1.);
#7984 = DIRECTION('',(0.,0.,1.));
#7985 = ORIENTED_EDGE('',*,*,#7527,.F.);
#7986 = ORIENTED_EDGE('',*,*,#7980,.F.);
#7987 = CYLINDRICAL_SURFACE('',#7988,0.85);
#7988 = AXIS2_PLACEMENT_3D('',#7989,#7990,#7991);
#7989 = CARTESIAN_POINT('',(128.34,-140.5,-4.6E-02));
#7990 = DIRECTION('',(-0.,-0.,-1.));
#7991 = DIRECTION('',(-0.,-1.,0.));
#7992 = ADVANCED_FACE('',(#7993),#8004,.F.);
#7993 = FACE_BOUND('',#7994,.T.);
#7994 = EDGE_LOOP('',(#7995,#7996,#8002,#8003));
#7995 = ORIENTED_EDGE('',*,*,#7147,.T.);
#7996 = ORIENTED_EDGE('',*,*,#7997,.T.);
#7997 = EDGE_CURVE('',#7148,#7539,#7998,.T.);
#7998 = LINE('',#7999,#8000);
#7999 = CARTESIAN_POINT('',(133.42,-142.5,-4.6E-02));
#8000 = VECTOR('',#8001,1.);
#8001 = DIRECTION('',(0.,0.,1.));
#8002 = ORIENTED_EDGE('',*,*,#7538,.F.);
#8003 = ORIENTED_EDGE('',*,*,#7997,.F.);
#8004 = CYLINDRICAL_SURFACE('',#8005,2.);
#8005 = AXIS2_PLACEMENT_3D('',#8006,#8007,#8008);
#8006 = CARTESIAN_POINT('',(133.42,-140.5,-4.6E-02));
#8007 = DIRECTION('',(-0.,-0.,-1.));
#8008 = DIRECTION('',(-0.,-1.,0.));
#8009 = ADVANCED_FACE('',(#8010),#8021,.F.);
#8010 = FACE_BOUND('',#8011,.T.);
#8011 = EDGE_LOOP('',(#8012,#8013,#8019,#8020));
#8012 = ORIENTED_EDGE('',*,*,#7158,.T.);
#8013 = ORIENTED_EDGE('',*,*,#8014,.T.);
#8014 = EDGE_CURVE('',#7159,#7550,#8015,.T.);
#8015 = LINE('',#8016,#8017);
#8016 = CARTESIAN_POINT('',(137.23,-143.79,-4.6E-02));
#8017 = VECTOR('',#8018,1.);
#8018 = DIRECTION('',(0.,0.,1.));
#8019 = ORIENTED_EDGE('',*,*,#7549,.F.);
#8020 = ORIENTED_EDGE('',*,*,#8014,.F.);
#8021 = CYLINDRICAL_SURFACE('',#8022,0.75);
#8022 = AXIS2_PLACEMENT_3D('',#8023,#8024,#8025);
#8023 = CARTESIAN_POINT('',(137.23,-143.04,-4.6E-02));
#8024 = DIRECTION('',(-0.,-0.,-1.));
#8025 = DIRECTION('',(-0.,-1.,0.));
#8026 = ADVANCED_FACE('',(#8027),#8038,.F.);
#8027 = FACE_BOUND('',#8028,.T.);
#8028 = EDGE_LOOP('',(#8029,#8030,#8036,#8037));
#8029 = ORIENTED_EDGE('',*,*,#7169,.T.);
#8030 = ORIENTED_EDGE('',*,*,#8031,.T.);
#8031 = EDGE_CURVE('',#7170,#7561,#8032,.T.);
#8032 = LINE('',#8033,#8034);
#8033 = CARTESIAN_POINT('',(157.5,-151.6,-4.6E-02));
#8034 = VECTOR('',#8035,1.);
#8035 = DIRECTION('',(0.,0.,1.));
#8036 = ORIENTED_EDGE('',*,*,#7560,.F.);
#8037 = ORIENTED_EDGE('',*,*,#8031,.F.);
#8038 = CYLINDRICAL_SURFACE('',#8039,1.6);
#8039 = AXIS2_PLACEMENT_3D('',#8040,#8041,#8042);
#8040 = CARTESIAN_POINT('',(157.5,-150.,-4.6E-02));
#8041 = DIRECTION('',(-0.,-0.,-1.));
#8042 = DIRECTION('',(-0.,-1.,0.));
#8043 = ADVANCED_FACE('',(#8044),#8055,.F.);
#8044 = FACE_BOUND('',#8045,.T.);
#8045 = EDGE_LOOP('',(#8046,#8047,#8053,#8054));
#8046 = ORIENTED_EDGE('',*,*,#7180,.T.);
#8047 = ORIENTED_EDGE('',*,*,#8048,.T.);
#8048 = EDGE_CURVE('',#7181,#7572,#8049,.T.);
#8049 = LINE('',#8050,#8051);
#8050 = CARTESIAN_POINT('',(138.5,-141.35,-4.6E-02));
#8051 = VECTOR('',#8052,1.);
#8052 = DIRECTION('',(0.,0.,1.));
#8053 = ORIENTED_EDGE('',*,*,#7571,.F.);
#8054 = ORIENTED_EDGE('',*,*,#8048,.F.);
#8055 = CYLINDRICAL_SURFACE('',#8056,0.85);
#8056 = AXIS2_PLACEMENT_3D('',#8057,#8058,#8059);
#8057 = CARTESIAN_POINT('',(138.5,-140.5,-4.6E-02));
#8058 = DIRECTION('',(-0.,-0.,-1.));
#8059 = DIRECTION('',(-0.,-1.,0.));
#8060 = ADVANCED_FACE('',(#8061),#8072,.F.);
#8061 = FACE_BOUND('',#8062,.T.);
#8062 = EDGE_LOOP('',(#8063,#8064,#8070,#8071));
#8063 = ORIENTED_EDGE('',*,*,#7191,.T.);
#8064 = ORIENTED_EDGE('',*,*,#8065,.T.);
#8065 = EDGE_CURVE('',#7192,#7583,#8066,.T.);
#8066 = LINE('',#8067,#8068);
#8067 = CARTESIAN_POINT('',(131.,-127.25,-4.6E-02));
#8068 = VECTOR('',#8069,1.);
#8069 = DIRECTION('',(0.,0.,1.));
#8070 = ORIENTED_EDGE('',*,*,#7582,.F.);
#8071 = ORIENTED_EDGE('',*,*,#8065,.F.);
#8072 = CYLINDRICAL_SURFACE('',#8073,0.75);
#8073 = AXIS2_PLACEMENT_3D('',#8074,#8075,#8076);
#8074 = CARTESIAN_POINT('',(131.,-126.5,-4.6E-02));
#8075 = DIRECTION('',(-0.,-0.,-1.));
#8076 = DIRECTION('',(-0.,-1.,0.));
#8077 = ADVANCED_FACE('',(#8078),#8089,.F.);
#8078 = FACE_BOUND('',#8079,.T.);
#8079 = EDGE_LOOP('',(#8080,#8081,#8087,#8088));
#8080 = ORIENTED_EDGE('',*,*,#7202,.T.);
#8081 = ORIENTED_EDGE('',*,*,#8082,.T.);
#8082 = EDGE_CURVE('',#7203,#7594,#8083,.T.);
#8083 = LINE('',#8084,#8085);
#8084 = CARTESIAN_POINT('',(128.46,-122.27,-4.6E-02));
#8085 = VECTOR('',#8086,1.);
#8086 = DIRECTION('',(0.,0.,1.));
#8087 = ORIENTED_EDGE('',*,*,#7593,.F.);
#8088 = ORIENTED_EDGE('',*,*,#8082,.F.);
#8089 = CYLINDRICAL_SURFACE('',#8090,0.85);
#8090 = AXIS2_PLACEMENT_3D('',#8091,#8092,#8093);
#8091 = CARTESIAN_POINT('',(128.46,-121.42,-4.6E-02));
#8092 = DIRECTION('',(-0.,-0.,-1.));
#8093 = DIRECTION('',(-0.,-1.,0.));
#8094 = ADVANCED_FACE('',(#8095),#8106,.F.);
#8095 = FACE_BOUND('',#8096,.T.);
#8096 = EDGE_LOOP('',(#8097,#8098,#8104,#8105));
#8097 = ORIENTED_EDGE('',*,*,#7213,.T.);
#8098 = ORIENTED_EDGE('',*,*,#8099,.T.);
#8099 = EDGE_CURVE('',#7214,#7605,#8100,.T.);
#8100 = LINE('',#8101,#8102);
#8101 = CARTESIAN_POINT('',(137.35,-124.71,-4.6E-02));
#8102 = VECTOR('',#8103,1.);
#8103 = DIRECTION('',(0.,0.,1.));
#8104 = ORIENTED_EDGE('',*,*,#7604,.F.);
#8105 = ORIENTED_EDGE('',*,*,#8099,.F.);
#8106 = CYLINDRICAL_SURFACE('',#8107,0.75);
#8107 = AXIS2_PLACEMENT_3D('',#8108,#8109,#8110);
#8108 = CARTESIAN_POINT('',(137.35,-123.96,-4.6E-02));
#8109 = DIRECTION('',(-0.,-0.,-1.));
#8110 = DIRECTION('',(-0.,-1.,0.));
#8111 = ADVANCED_FACE('',(#8112),#8123,.F.);
#8112 = FACE_BOUND('',#8113,.T.);
#8113 = EDGE_LOOP('',(#8114,#8115,#8121,#8122));
#8114 = ORIENTED_EDGE('',*,*,#7224,.T.);
#8115 = ORIENTED_EDGE('',*,*,#8116,.T.);
#8116 = EDGE_CURVE('',#7225,#7616,#8117,.T.);
#8117 = LINE('',#8118,#8119);
#8118 = CARTESIAN_POINT('',(133.54,-123.42,-4.6E-02));
#8119 = VECTOR('',#8120,1.);
#8120 = DIRECTION('',(0.,0.,1.));
#8121 = ORIENTED_EDGE('',*,*,#7615,.F.);
#8122 = ORIENTED_EDGE('',*,*,#8116,.F.);
#8123 = CYLINDRICAL_SURFACE('',#8124,2.);
#8124 = AXIS2_PLACEMENT_3D('',#8125,#8126,#8127);
#8125 = CARTESIAN_POINT('',(133.54,-121.42,-4.6E-02));
#8126 = DIRECTION('',(-0.,-0.,-1.));
#8127 = DIRECTION('',(-0.,-1.,0.));
#8128 = ADVANCED_FACE('',(#8129),#8140,.F.);
#8129 = FACE_BOUND('',#8130,.T.);
#8130 = EDGE_LOOP('',(#8131,#8132,#8138,#8139));
#8131 = ORIENTED_EDGE('',*,*,#7235,.T.);
#8132 = ORIENTED_EDGE('',*,*,#8133,.T.);
#8133 = EDGE_CURVE('',#7236,#7627,#8134,.T.);
#8134 = LINE('',#8135,#8136);
#8135 = CARTESIAN_POINT('',(138.62,-122.27,-4.6E-02));
#8136 = VECTOR('',#8137,1.);
#8137 = DIRECTION('',(0.,0.,1.));
#8138 = ORIENTED_EDGE('',*,*,#7626,.F.);
#8139 = ORIENTED_EDGE('',*,*,#8133,.F.);
#8140 = CYLINDRICAL_SURFACE('',#8141,0.85);
#8141 = AXIS2_PLACEMENT_3D('',#8142,#8143,#8144);
#8142 = CARTESIAN_POINT('',(138.62,-121.42,-4.6E-02));
#8143 = DIRECTION('',(-0.,-0.,-1.));
#8144 = DIRECTION('',(-0.,-1.,0.));
#8145 = ADVANCED_FACE('',(#8146),#8157,.F.);
#8146 = FACE_BOUND('',#8147,.T.);
#8147 = EDGE_LOOP('',(#8148,#8149,#8155,#8156));
#8148 = ORIENTED_EDGE('',*,*,#7246,.T.);
#8149 = ORIENTED_EDGE('',*,*,#8150,.T.);
#8150 = EDGE_CURVE('',#7247,#7638,#8151,.T.);
#8151 = LINE('',#8152,#8153);
#8152 = CARTESIAN_POINT('',(68.,-108.5,-4.6E-02));
#8153 = VECTOR('',#8154,1.);
#8154 = DIRECTION('',(0.,0.,1.));
#8155 = ORIENTED_EDGE('',*,*,#7637,.F.);
#8156 = ORIENTED_EDGE('',*,*,#8150,.F.);
#8157 = CYLINDRICAL_SURFACE('',#8158,0.5);
#8158 = AXIS2_PLACEMENT_3D('',#8159,#8160,#8161);
#8159 = CARTESIAN_POINT('',(68.,-108.,-4.6E-02));
#8160 = DIRECTION('',(-0.,-0.,-1.));
#8161 = DIRECTION('',(-0.,-1.,0.));
#8162 = ADVANCED_FACE('',(#8163),#8174,.F.);
#8163 = FACE_BOUND('',#8164,.T.);
#8164 = EDGE_LOOP('',(#8165,#8166,#8172,#8173));
#8165 = ORIENTED_EDGE('',*,*,#7257,.T.);
#8166 = ORIENTED_EDGE('',*,*,#8167,.T.);
#8167 = EDGE_CURVE('',#7258,#7649,#8168,.T.);
#8168 = LINE('',#8169,#8170);
#8169 = CARTESIAN_POINT('',(75.6,-108.5,-4.6E-02));
#8170 = VECTOR('',#8171,1.);
#8171 = DIRECTION('',(0.,0.,1.));
#8172 = ORIENTED_EDGE('',*,*,#7648,.F.);
#8173 = ORIENTED_EDGE('',*,*,#8167,.F.);
#8174 = CYLINDRICAL_SURFACE('',#8175,0.5);
#8175 = AXIS2_PLACEMENT_3D('',#8176,#8177,#8178);
#8176 = CARTESIAN_POINT('',(75.6,-108.,-4.6E-02));
#8177 = DIRECTION('',(-0.,-0.,-1.));
#8178 = DIRECTION('',(-0.,-1.,0.));
#8179 = ADVANCED_FACE('',(#8180),#8191,.F.);
#8180 = FACE_BOUND('',#8181,.T.);
#8181 = EDGE_LOOP('',(#8182,#8183,#8189,#8190));
#8182 = ORIENTED_EDGE('',*,*,#7268,.T.);
#8183 = ORIENTED_EDGE('',*,*,#8184,.T.);
#8184 = EDGE_CURVE('',#7269,#7660,#8185,.T.);
#8185 = LINE('',#8186,#8187);
#8186 = CARTESIAN_POINT('',(58.,-73.1,-4.6E-02));
#8187 = VECTOR('',#8188,1.);
#8188 = DIRECTION('',(0.,0.,1.));
#8189 = ORIENTED_EDGE('',*,*,#7659,.F.);
#8190 = ORIENTED_EDGE('',*,*,#8184,.F.);
#8191 = CYLINDRICAL_SURFACE('',#8192,1.6);
#8192 = AXIS2_PLACEMENT_3D('',#8193,#8194,#8195);
#8193 = CARTESIAN_POINT('',(58.,-71.5,-4.6E-02));
#8194 = DIRECTION('',(-0.,-0.,-1.));
#8195 = DIRECTION('',(-0.,-1.,0.));
#8196 = ADVANCED_FACE('',(#8197),#8208,.F.);
#8197 = FACE_BOUND('',#8198,.T.);
#8198 = EDGE_LOOP('',(#8199,#8200,#8206,#8207));
#8199 = ORIENTED_EDGE('',*,*,#7279,.T.);
#8200 = ORIENTED_EDGE('',*,*,#8201,.T.);
#8201 = EDGE_CURVE('',#7280,#7671,#8202,.T.);
#8202 = LINE('',#8203,#8204);
#8203 = CARTESIAN_POINT('',(130.88,-107.83,-4.6E-02));
#8204 = VECTOR('',#8205,1.);
#8205 = DIRECTION('',(0.,0.,1.));
#8206 = ORIENTED_EDGE('',*,*,#7670,.F.);
#8207 = ORIENTED_EDGE('',*,*,#8201,.F.);
#8208 = CYLINDRICAL_SURFACE('',#8209,0.75);
#8209 = AXIS2_PLACEMENT_3D('',#8210,#8211,#8212);
#8210 = CARTESIAN_POINT('',(130.88,-107.08,-4.6E-02));
#8211 = DIRECTION('',(-0.,-0.,-1.));
#8212 = DIRECTION('',(-0.,-1.,0.));
#8213 = ADVANCED_FACE('',(#8214),#8225,.F.);
#8214 = FACE_BOUND('',#8215,.T.);
#8215 = EDGE_LOOP('',(#8216,#8217,#8223,#8224));
#8216 = ORIENTED_EDGE('',*,*,#7290,.T.);
#8217 = ORIENTED_EDGE('',*,*,#8218,.T.);
#8218 = EDGE_CURVE('',#7291,#7682,#8219,.T.);
#8219 = LINE('',#8220,#8221);
#8220 = CARTESIAN_POINT('',(128.34,-102.85,-4.6E-02));
#8221 = VECTOR('',#8222,1.);
#8222 = DIRECTION('',(0.,0.,1.));
#8223 = ORIENTED_EDGE('',*,*,#7681,.F.);
#8224 = ORIENTED_EDGE('',*,*,#8218,.F.);
#8225 = CYLINDRICAL_SURFACE('',#8226,0.85);
#8226 = AXIS2_PLACEMENT_3D('',#8227,#8228,#8229);
#8227 = CARTESIAN_POINT('',(128.34,-102.,-4.6E-02));
#8228 = DIRECTION('',(-0.,-0.,-1.));
#8229 = DIRECTION('',(-0.,-1.,0.));
#8230 = ADVANCED_FACE('',(#8231),#8242,.F.);
#8231 = FACE_BOUND('',#8232,.T.);
#8232 = EDGE_LOOP('',(#8233,#8234,#8240,#8241));
#8233 = ORIENTED_EDGE('',*,*,#7301,.T.);
#8234 = ORIENTED_EDGE('',*,*,#8235,.T.);
#8235 = EDGE_CURVE('',#7302,#7693,#8236,.T.);
#8236 = LINE('',#8237,#8238);
#8237 = CARTESIAN_POINT('',(133.42,-104.,-4.6E-02));
#8238 = VECTOR('',#8239,1.);
#8239 = DIRECTION('',(0.,0.,1.));
#8240 = ORIENTED_EDGE('',*,*,#7692,.F.);
#8241 = ORIENTED_EDGE('',*,*,#8235,.F.);
#8242 = CYLINDRICAL_SURFACE('',#8243,2.);
#8243 = AXIS2_PLACEMENT_3D('',#8244,#8245,#8246);
#8244 = CARTESIAN_POINT('',(133.42,-102.,-4.6E-02));
#8245 = DIRECTION('',(-0.,-0.,-1.));
#8246 = DIRECTION('',(-0.,-1.,0.));
#8247 = ADVANCED_FACE('',(#8248),#8259,.F.);
#8248 = FACE_BOUND('',#8249,.T.);
#8249 = EDGE_LOOP('',(#8250,#8251,#8257,#8258));
#8250 = ORIENTED_EDGE('',*,*,#7312,.T.);
#8251 = ORIENTED_EDGE('',*,*,#8252,.T.);
#8252 = EDGE_CURVE('',#7313,#7704,#8253,.T.);
#8253 = LINE('',#8254,#8255);
#8254 = CARTESIAN_POINT('',(137.23,-105.29,-4.6E-02));
#8255 = VECTOR('',#8256,1.);
#8256 = DIRECTION('',(0.,0.,1.));
#8257 = ORIENTED_EDGE('',*,*,#7703,.F.);
#8258 = ORIENTED_EDGE('',*,*,#8252,.F.);
#8259 = CYLINDRICAL_SURFACE('',#8260,0.75);
#8260 = AXIS2_PLACEMENT_3D('',#8261,#8262,#8263);
#8261 = CARTESIAN_POINT('',(137.23,-104.54,-4.6E-02));
#8262 = DIRECTION('',(-0.,-0.,-1.));
#8263 = DIRECTION('',(-0.,-1.,0.));
#8264 = ADVANCED_FACE('',(#8265),#8276,.F.);
#8265 = FACE_BOUND('',#8266,.T.);
#8266 = EDGE_LOOP('',(#8267,#8268,#8274,#8275));
#8267 = ORIENTED_EDGE('',*,*,#7323,.T.);
#8268 = ORIENTED_EDGE('',*,*,#8269,.T.);
#8269 = EDGE_CURVE('',#7324,#7715,#8270,.T.);
#8270 = LINE('',#8271,#8272);
#8271 = CARTESIAN_POINT('',(138.5,-102.85,-4.6E-02));
#8272 = VECTOR('',#8273,1.);
#8273 = DIRECTION('',(0.,0.,1.));
#8274 = ORIENTED_EDGE('',*,*,#7714,.F.);
#8275 = ORIENTED_EDGE('',*,*,#8269,.F.);
#8276 = CYLINDRICAL_SURFACE('',#8277,0.85);
#8277 = AXIS2_PLACEMENT_3D('',#8278,#8279,#8280);
#8278 = CARTESIAN_POINT('',(138.5,-102.,-4.6E-02));
#8279 = DIRECTION('',(-0.,-0.,-1.));
#8280 = DIRECTION('',(-0.,-1.,0.));
#8281 = ADVANCED_FACE('',(#8282),#8293,.F.);
#8282 = FACE_BOUND('',#8283,.T.);
#8283 = EDGE_LOOP('',(#8284,#8285,#8291,#8292));
#8284 = ORIENTED_EDGE('',*,*,#7334,.T.);
#8285 = ORIENTED_EDGE('',*,*,#8286,.T.);
#8286 = EDGE_CURVE('',#7335,#7726,#8287,.T.);
#8287 = LINE('',#8288,#8289);
#8288 = CARTESIAN_POINT('',(130.65,-88.79,-4.6E-02));
#8289 = VECTOR('',#8290,1.);
#8290 = DIRECTION('',(0.,0.,1.));
#8291 = ORIENTED_EDGE('',*,*,#7725,.F.);
#8292 = ORIENTED_EDGE('',*,*,#8286,.F.);
#8293 = CYLINDRICAL_SURFACE('',#8294,0.75);
#8294 = AXIS2_PLACEMENT_3D('',#8295,#8296,#8297);
#8295 = CARTESIAN_POINT('',(130.65,-88.04,-4.6E-02));
#8296 = DIRECTION('',(-0.,-0.,-1.));
#8297 = DIRECTION('',(-0.,-1.,0.));
#8298 = ADVANCED_FACE('',(#8299),#8310,.F.);
#8299 = FACE_BOUND('',#8300,.T.);
#8300 = EDGE_LOOP('',(#8301,#8302,#8308,#8309));
#8301 = ORIENTED_EDGE('',*,*,#7345,.T.);
#8302 = ORIENTED_EDGE('',*,*,#8303,.T.);
#8303 = EDGE_CURVE('',#7346,#7737,#8304,.T.);
#8304 = LINE('',#8305,#8306);
#8305 = CARTESIAN_POINT('',(128.11,-83.81,-4.6E-02));
#8306 = VECTOR('',#8307,1.);
#8307 = DIRECTION('',(0.,0.,1.));
#8308 = ORIENTED_EDGE('',*,*,#7736,.F.);
#8309 = ORIENTED_EDGE('',*,*,#8303,.F.);
#8310 = CYLINDRICAL_SURFACE('',#8311,0.85);
#8311 = AXIS2_PLACEMENT_3D('',#8312,#8313,#8314);
#8312 = CARTESIAN_POINT('',(128.11,-82.96,-4.6E-02));
#8313 = DIRECTION('',(-0.,-0.,-1.));
#8314 = DIRECTION('',(-0.,-1.,0.));
#8315 = ADVANCED_FACE('',(#8316),#8327,.F.);
#8316 = FACE_BOUND('',#8317,.T.);
#8317 = EDGE_LOOP('',(#8318,#8319,#8325,#8326));
#8318 = ORIENTED_EDGE('',*,*,#7356,.T.);
#8319 = ORIENTED_EDGE('',*,*,#8320,.T.);
#8320 = EDGE_CURVE('',#7357,#7748,#8321,.T.);
#8321 = LINE('',#8322,#8323);
#8322 = CARTESIAN_POINT('',(133.19,-84.96,-4.6E-02));
#8323 = VECTOR('',#8324,1.);
#8324 = DIRECTION('',(0.,0.,1.));
#8325 = ORIENTED_EDGE('',*,*,#7747,.F.);
#8326 = ORIENTED_EDGE('',*,*,#8320,.F.);
#8327 = CYLINDRICAL_SURFACE('',#8328,2.);
#8328 = AXIS2_PLACEMENT_3D('',#8329,#8330,#8331);
#8329 = CARTESIAN_POINT('',(133.19,-82.96,-4.6E-02));
#8330 = DIRECTION('',(-0.,-0.,-1.));
#8331 = DIRECTION('',(-0.,-1.,0.));
#8332 = ADVANCED_FACE('',(#8333),#8344,.F.);
#8333 = FACE_BOUND('',#8334,.T.);
#8334 = EDGE_LOOP('',(#8335,#8336,#8342,#8343));
#8335 = ORIENTED_EDGE('',*,*,#7367,.T.);
#8336 = ORIENTED_EDGE('',*,*,#8337,.T.);
#8337 = EDGE_CURVE('',#7368,#7759,#8338,.T.);
#8338 = LINE('',#8339,#8340);
#8339 = CARTESIAN_POINT('',(137.,-86.25,-4.6E-02));
#8340 = VECTOR('',#8341,1.);
#8341 = DIRECTION('',(0.,0.,1.));
#8342 = ORIENTED_EDGE('',*,*,#7758,.F.);
#8343 = ORIENTED_EDGE('',*,*,#8337,.F.);
#8344 = CYLINDRICAL_SURFACE('',#8345,0.75);
#8345 = AXIS2_PLACEMENT_3D('',#8346,#8347,#8348);
#8346 = CARTESIAN_POINT('',(137.,-85.5,-4.6E-02));
#8347 = DIRECTION('',(-0.,-0.,-1.));
#8348 = DIRECTION('',(-0.,-1.,0.));
#8349 = ADVANCED_FACE('',(#8350),#8361,.F.);
#8350 = FACE_BOUND('',#8351,.T.);
#8351 = EDGE_LOOP('',(#8352,#8353,#8359,#8360));
#8352 = ORIENTED_EDGE('',*,*,#7378,.T.);
#8353 = ORIENTED_EDGE('',*,*,#8354,.T.);
#8354 = EDGE_CURVE('',#7379,#7770,#8355,.T.);
#8355 = LINE('',#8356,#8357);
#8356 = CARTESIAN_POINT('',(138.27,-83.81,-4.6E-02));
#8357 = VECTOR('',#8358,1.);
#8358 = DIRECTION('',(0.,0.,1.));
#8359 = ORIENTED_EDGE('',*,*,#7769,.F.);
#8360 = ORIENTED_EDGE('',*,*,#8354,.F.);
#8361 = CYLINDRICAL_SURFACE('',#8362,0.85);
#8362 = AXIS2_PLACEMENT_3D('',#8363,#8364,#8365);
#8363 = CARTESIAN_POINT('',(138.27,-82.96,-4.6E-02));
#8364 = DIRECTION('',(-0.,0.,-1.));
#8365 = DIRECTION('',(3.343730521224E-14,-1.,-0.));
#8366 = ADVANCED_FACE('',(#8367),#8378,.F.);
#8367 = FACE_BOUND('',#8368,.T.);
#8368 = EDGE_LOOP('',(#8369,#8370,#8376,#8377));
#8369 = ORIENTED_EDGE('',*,*,#7389,.T.);
#8370 = ORIENTED_EDGE('',*,*,#8371,.T.);
#8371 = EDGE_CURVE('',#7390,#7781,#8372,.T.);
#8372 = LINE('',#8373,#8374);
#8373 = CARTESIAN_POINT('',(156.5,-74.1,-4.6E-02));
#8374 = VECTOR('',#8375,1.);
#8375 = DIRECTION('',(0.,0.,1.));
#8376 = ORIENTED_EDGE('',*,*,#7780,.F.);
#8377 = ORIENTED_EDGE('',*,*,#8371,.F.);
#8378 = CYLINDRICAL_SURFACE('',#8379,1.6);
#8379 = AXIS2_PLACEMENT_3D('',#8380,#8381,#8382);
#8380 = CARTESIAN_POINT('',(156.5,-72.5,-4.6E-02));
#8381 = DIRECTION('',(-0.,-0.,-1.));
#8382 = DIRECTION('',(-0.,-1.,0.));
#8383 = ( GEOMETRIC_REPRESENTATION_CONTEXT(3) 
GLOBAL_UNCERTAINTY_ASSIGNED_CONTEXT((#8387)) 
GLOBAL_UNIT_ASSIGNED_CONTEXT((#8384,#8385,#8386)) REPRESENTATION_CONTEXT
('Context #1','3D Context with UNIT and UNCERTAINTY') );
#8384 = ( LENGTH_UNIT() NAMED_UNIT(*) SI_UNIT(.MILLI.,.METRE.) );
#8385 = ( NAMED_UNIT(*) PLANE_ANGLE_UNIT() SI_UNIT($,.RADIAN.) );
#8386 = ( NAMED_UNIT(*) SI_UNIT($,.STERADIAN.) SOLID_ANGLE_UNIT() );
#8387 = UNCERTAINTY_MEASURE_WITH_UNIT(LENGTH_MEASURE(1.E-07),#8384,
  'distance_accuracy_value','confusion accuracy');
#8388 = CONTEXT_DEPENDENT_SHAPE_REPRESENTATION(#8389,#8391);
#8389 = ( REPRESENTATION_RELATIONSHIP('','',#6906,#10) 
REPRESENTATION_RELATIONSHIP_WITH_TRANSFORMATION(#8390) 
SHAPE_REPRESENTATION_RELATIONSHIP() );
#8390 = ITEM_DEFINED_TRANSFORMATION('','',#11,#23);
#8391 = PRODUCT_DEFINITION_SHAPE('Placement','Placement of an item',
  #8392);
#8392 = NEXT_ASSEMBLY_USAGE_OCCURRENCE('5','=>[0:1:1:6]','',#5,#6901,$);
#8393 = PRODUCT_RELATED_PRODUCT_CATEGORY('part',$,(#6903));
#8394 = MECHANICAL_DESIGN_GEOMETRIC_PRESENTATION_REPRESENTATION('',(
    #8395,#8403,#8410,#8417,#8424,#8431,#8439,#8446,#8453,#8460,#8467,
    #8475,#8482),#356);
#8395 = STYLED_ITEM('color',(#8396),#66);
#8396 = PRESENTATION_STYLE_ASSIGNMENT((#8397));
#8397 = SURFACE_STYLE_USAGE(.BOTH.,#8398);
#8398 = SURFACE_SIDE_STYLE('',(#8399));
#8399 = SURFACE_STYLE_FILL_AREA(#8400);
#8400 = FILL_AREA_STYLE('',(#8401));
#8401 = FILL_AREA_STYLE_COLOUR('',#8402);
#8402 = COLOUR_RGB('',0.147999998088,0.144999993226,0.144999993226);
#8403 = STYLED_ITEM('color',(#8404),#99);
#8404 = PRESENTATION_STYLE_ASSIGNMENT((#8405));
#8405 = SURFACE_STYLE_USAGE(.BOTH.,#8406);
#8406 = SURFACE_SIDE_STYLE('',(#8407));
#8407 = SURFACE_STYLE_FILL_AREA(#8408);
#8408 = FILL_AREA_STYLE('',(#8409));
#8409 = FILL_AREA_STYLE_COLOUR('',#8402);
#8410 = STYLED_ITEM('color',(#8411),#125);
#8411 = PRESENTATION_STYLE_ASSIGNMENT((#8412));
#8412 = SURFACE_STYLE_USAGE(.BOTH.,#8413);
#8413 = SURFACE_SIDE_STYLE('',(#8414));
#8414 = SURFACE_STYLE_FILL_AREA(#8415);
#8415 = FILL_AREA_STYLE('',(#8416));
#8416 = FILL_AREA_STYLE_COLOUR('',#8402);
#8417 = STYLED_ITEM('color',(#8418),#151);
#8418 = PRESENTATION_STYLE_ASSIGNMENT((#8419));
#8419 = SURFACE_STYLE_USAGE(.BOTH.,#8420);
#8420 = SURFACE_SIDE_STYLE('',(#8421));
#8421 = SURFACE_STYLE_FILL_AREA(#8422);
#8422 = FILL_AREA_STYLE('',(#8423));
#8423 = FILL_AREA_STYLE_COLOUR('',#8402);
#8424 = STYLED_ITEM('color',(#8425),#182);
#8425 = PRESENTATION_STYLE_ASSIGNMENT((#8426));
#8426 = SURFACE_STYLE_USAGE(.BOTH.,#8427);
#8427 = SURFACE_SIDE_STYLE('',(#8428));
#8428 = SURFACE_STYLE_FILL_AREA(#8429);
#8429 = FILL_AREA_STYLE('',(#8430));
#8430 = FILL_AREA_STYLE_COLOUR('',#8402);
#8431 = STYLED_ITEM('color',(#8432),#202);
#8432 = PRESENTATION_STYLE_ASSIGNMENT((#8433));
#8433 = SURFACE_STYLE_USAGE(.BOTH.,#8434);
#8434 = SURFACE_SIDE_STYLE('',(#8435));
#8435 = SURFACE_STYLE_FILL_AREA(#8436);
#8436 = FILL_AREA_STYLE('',(#8437));
#8437 = FILL_AREA_STYLE_COLOUR('',#8438);
#8438 = COLOUR_RGB('',0.823999987314,0.819999987296,0.781000009244);
#8439 = STYLED_ITEM('color',(#8440),#227);
#8440 = PRESENTATION_STYLE_ASSIGNMENT((#8441));
#8441 = SURFACE_STYLE_USAGE(.BOTH.,#8442);
#8442 = SURFACE_SIDE_STYLE('',(#8443));
#8443 = SURFACE_STYLE_FILL_AREA(#8444);
#8444 = FILL_AREA_STYLE('',(#8445));
#8445 = FILL_AREA_STYLE_COLOUR('',#8438);
#8446 = STYLED_ITEM('color',(#8447),#252);
#8447 = PRESENTATION_STYLE_ASSIGNMENT((#8448));
#8448 = SURFACE_STYLE_USAGE(.BOTH.,#8449);
#8449 = SURFACE_SIDE_STYLE('',(#8450));
#8450 = SURFACE_STYLE_FILL_AREA(#8451);
#8451 = FILL_AREA_STYLE('',(#8452));
#8452 = FILL_AREA_STYLE_COLOUR('',#8402);
#8453 = STYLED_ITEM('color',(#8454),#277);
#8454 = PRESENTATION_STYLE_ASSIGNMENT((#8455));
#8455 = SURFACE_STYLE_USAGE(.BOTH.,#8456);
#8456 = SURFACE_SIDE_STYLE('',(#8457));
#8457 = SURFACE_STYLE_FILL_AREA(#8458);
#8458 = FILL_AREA_STYLE('',(#8459));
#8459 = FILL_AREA_STYLE_COLOUR('',#8438);
#8460 = STYLED_ITEM('color',(#8461),#303);
#8461 = PRESENTATION_STYLE_ASSIGNMENT((#8462));
#8462 = SURFACE_STYLE_USAGE(.BOTH.,#8463);
#8463 = SURFACE_SIDE_STYLE('',(#8464));
#8464 = SURFACE_STYLE_FILL_AREA(#8465);
#8465 = FILL_AREA_STYLE('',(#8466));
#8466 = FILL_AREA_STYLE_COLOUR('',#8438);
#8467 = STYLED_ITEM('color',(#8468),#329);
#8468 = PRESENTATION_STYLE_ASSIGNMENT((#8469));
#8469 = SURFACE_STYLE_USAGE(.BOTH.,#8470);
#8470 = SURFACE_SIDE_STYLE('',(#8471));
#8471 = SURFACE_STYLE_FILL_AREA(#8472);
#8472 = FILL_AREA_STYLE('',(#8473));
#8473 = FILL_AREA_STYLE_COLOUR('',#8474);
#8474 = COLOUR_RGB('',0.809000013735,0.426000008053,0.147999998088);
#8475 = STYLED_ITEM('color',(#8476),#338);
#8476 = PRESENTATION_STYLE_ASSIGNMENT((#8477));
#8477 = SURFACE_STYLE_USAGE(.BOTH.,#8478);
#8478 = SURFACE_SIDE_STYLE('',(#8479));
#8479 = SURFACE_STYLE_FILL_AREA(#8480);
#8480 = FILL_AREA_STYLE('',(#8481));
#8481 = FILL_AREA_STYLE_COLOUR('',#8438);
#8482 = STYLED_ITEM('color',(#8483),#347);
#8483 = PRESENTATION_STYLE_ASSIGNMENT((#8484));
#8484 = SURFACE_STYLE_USAGE(.BOTH.,#8485);
#8485 = SURFACE_SIDE_STYLE('',(#8486));
#8486 = SURFACE_STYLE_FILL_AREA(#8487);
#8487 = FILL_AREA_STYLE('',(#8488));
#8488 = FILL_AREA_STYLE_COLOUR('',#8438);
#8489 = MECHANICAL_DESIGN_GEOMETRIC_PRESENTATION_REPRESENTATION('',(
    #8490),#8383);
#8490 = STYLED_ITEM('color',(#8491),#6907);
#8491 = PRESENTATION_STYLE_ASSIGNMENT((#8492));
#8492 = SURFACE_STYLE_USAGE(.BOTH.,#8493);
#8493 = SURFACE_SIDE_STYLE('',(#8494));
#8494 = SURFACE_STYLE_FILL_AREA(#8495);
#8495 = FILL_AREA_STYLE('',(#8496));
#8496 = FILL_AREA_STYLE_COLOUR('',#8497);
#8497 = COLOUR_RGB('',0.313304153717,0.484529207832,0.410020903123);
#8498 = MECHANICAL_DESIGN_GEOMETRIC_PRESENTATION_REPRESENTATION('',(
    #8499,#8508,#8517,#8526,#8535,#8544,#8553,#8562,#8571,#8581,#8590,
    #8599,#8608,#8617,#8626,#8635,#8644,#8653,#8662,#8671,#8680,#8689,
    #8698,#8707,#8716,#8725,#8734,#8743,#8752,#8761,#8770,#8779,#8788,
    #8797,#8806,#8815,#8824,#8833,#8842,#8851,#8860,#8869,#8878,#8887,
    #8896,#8905,#8914,#8923,#8932,#8941,#8950,#8959,#8968,#8977,#8986,
    #8995,#9004,#9013,#9022,#9031,#9040,#9049,#9058,#9067,#9076,#9085,
    #9094,#9103,#9112,#9121,#9130,#9139,#9148,#9157,#9166,#9175,#9184,
    #9193,#9202,#9211,#9220,#9229,#9238,#9247,#9256,#9265,#9274,#9283,
    #9292,#9301,#9310,#9319,#9328,#9337,#9346,#9355,#9364,#9373,#9382,
    #9391,#9400,#9409,#9418,#9427,#9436,#9445,#9454,#9463,#9472,#9481,
    #9490,#9499,#9508,#9517,#9526,#9535,#9544,#9553,#9562,#9571,#9580,
    #9589,#9598,#9607,#9616,#9625,#9634,#9643,#9652,#9661,#9670,#9679,
    #9688,#9697,#9706,#9715,#9724,#9733,#9742,#9751,#9760,#9769,#9778,
    #9787,#9796,#9805,#9814,#9823,#9832,#9841,#9850,#9859,#9868,#9877,
    #9886,#9895,#9904,#9913,#9922,#9931,#9940,#9949,#9958,#9967,#9976,
    #9985,#9994,#10003,#10012,#10021,#10030,#10039,#10048,#10057,#10066,
    #10075,#10084,#10093,#10102,#10111,#10120,#10129,#10138,#10147,
    #10156,#10165,#10174,#10183,#10192,#10201,#10210,#10219,#10228,
    #10237,#10246,#10255,#10264,#10273,#10282,#10291,#10300,#10309,
    #10318,#10327,#10336,#10345,#10354,#10363,#10372,#10381,#10390,
    #10399,#10408,#10417,#10426,#10435,#10444,#10453,#10462,#10471,
    #10480,#10489,#10498,#10507,#10516,#10525,#10534,#10543,#10552,
    #10561,#10570,#10579,#10588,#10597,#10606,#10615,#10624,#10633,
    #10642,#10651,#10660,#10669,#10678,#10687,#10696,#10705,#10714,
    #10723,#10732,#10741,#10750,#10759,#10768,#10777,#10786,#10795,
    #10804,#10813,#10822,#10831,#10840,#10849,#10858,#10867,#10876,
    #10885,#10894,#10903,#10912,#10921,#10930,#10939,#10948,#10957,
    #10966,#10975,#10984,#10993,#11002,#11011,#11020,#11029),#6888);
#8499 = STYLED_ITEM('color',(#8500),#400);
#8500 = PRESENTATION_STYLE_ASSIGNMENT((#8501,#8506));
#8501 = SURFACE_STYLE_USAGE(.BOTH.,#8502);
#8502 = SURFACE_SIDE_STYLE('',(#8503));
#8503 = SURFACE_STYLE_FILL_AREA(#8504);
#8504 = FILL_AREA_STYLE('',(#8505));
#8505 = FILL_AREA_STYLE_COLOUR('',#8402);
#8506 = CURVE_STYLE('',#8507,POSITIVE_LENGTH_MEASURE(0.1),#8402);
#8507 = DRAUGHTING_PRE_DEFINED_CURVE_FONT('continuous');
#8508 = STYLED_ITEM('color',(#8509),#440);
#8509 = PRESENTATION_STYLE_ASSIGNMENT((#8510,#8515));
#8510 = SURFACE_STYLE_USAGE(.BOTH.,#8511);
#8511 = SURFACE_SIDE_STYLE('',(#8512));
#8512 = SURFACE_STYLE_FILL_AREA(#8513);
#8513 = FILL_AREA_STYLE('',(#8514));
#8514 = FILL_AREA_STYLE_COLOUR('',#8402);
#8515 = CURVE_STYLE('',#8516,POSITIVE_LENGTH_MEASURE(0.1),#8402);
#8516 = DRAUGHTING_PRE_DEFINED_CURVE_FONT('continuous');
#8517 = STYLED_ITEM('color',(#8518),#503);
#8518 = PRESENTATION_STYLE_ASSIGNMENT((#8519,#8524));
#8519 = SURFACE_STYLE_USAGE(.BOTH.,#8520);
#8520 = SURFACE_SIDE_STYLE('',(#8521));
#8521 = SURFACE_STYLE_FILL_AREA(#8522);
#8522 = FILL_AREA_STYLE('',(#8523));
#8523 = FILL_AREA_STYLE_COLOUR('',#8402);
#8524 = CURVE_STYLE('',#8525,POSITIVE_LENGTH_MEASURE(0.1),#8402);
#8525 = DRAUGHTING_PRE_DEFINED_CURVE_FONT('continuous');
#8526 = STYLED_ITEM('color',(#8527),#566);
#8527 = PRESENTATION_STYLE_ASSIGNMENT((#8528,#8533));
#8528 = SURFACE_STYLE_USAGE(.BOTH.,#8529);
#8529 = SURFACE_SIDE_STYLE('',(#8530));
#8530 = SURFACE_STYLE_FILL_AREA(#8531);
#8531 = FILL_AREA_STYLE('',(#8532));
#8532 = FILL_AREA_STYLE_COLOUR('',#8402);
#8533 = CURVE_STYLE('',#8534,POSITIVE_LENGTH_MEASURE(0.1),#8402);
#8534 = DRAUGHTING_PRE_DEFINED_CURVE_FONT('continuous');
#8535 = STYLED_ITEM('color',(#8536),#583);
#8536 = PRESENTATION_STYLE_ASSIGNMENT((#8537,#8542));
#8537 = SURFACE_STYLE_USAGE(.BOTH.,#8538);
#8538 = SURFACE_SIDE_STYLE('',(#8539));
#8539 = SURFACE_STYLE_FILL_AREA(#8540);
#8540 = FILL_AREA_STYLE('',(#8541));
#8541 = FILL_AREA_STYLE_COLOUR('',#8402);
#8542 = CURVE_STYLE('',#8543,POSITIVE_LENGTH_MEASURE(0.1),#8402);
#8543 = DRAUGHTING_PRE_DEFINED_CURVE_FONT('continuous');
#8544 = STYLED_ITEM('color',(#8545),#872);
#8545 = PRESENTATION_STYLE_ASSIGNMENT((#8546,#8551));
#8546 = SURFACE_STYLE_USAGE(.BOTH.,#8547);
#8547 = SURFACE_SIDE_STYLE('',(#8548));
#8548 = SURFACE_STYLE_FILL_AREA(#8549);
#8549 = FILL_AREA_STYLE('',(#8550));
#8550 = FILL_AREA_STYLE_COLOUR('',#8402);
#8551 = CURVE_STYLE('',#8552,POSITIVE_LENGTH_MEASURE(0.1),#8402);
#8552 = DRAUGHTING_PRE_DEFINED_CURVE_FONT('continuous');
#8553 = STYLED_ITEM('color',(#8554),#894);
#8554 = PRESENTATION_STYLE_ASSIGNMENT((#8555,#8560));
#8555 = SURFACE_STYLE_USAGE(.BOTH.,#8556);
#8556 = SURFACE_SIDE_STYLE('',(#8557));
#8557 = SURFACE_STYLE_FILL_AREA(#8558);
#8558 = FILL_AREA_STYLE('',(#8559));
#8559 = FILL_AREA_STYLE_COLOUR('',#8402);
#8560 = CURVE_STYLE('',#8561,POSITIVE_LENGTH_MEASURE(0.1),#8402);
#8561 = DRAUGHTING_PRE_DEFINED_CURVE_FONT('continuous');
#8562 = STYLED_ITEM('color',(#8563),#911);
#8563 = PRESENTATION_STYLE_ASSIGNMENT((#8564,#8569));
#8564 = SURFACE_STYLE_USAGE(.BOTH.,#8565);
#8565 = SURFACE_SIDE_STYLE('',(#8566));
#8566 = SURFACE_STYLE_FILL_AREA(#8567);
#8567 = FILL_AREA_STYLE('',(#8568));
#8568 = FILL_AREA_STYLE_COLOUR('',#8402);
#8569 = CURVE_STYLE('',#8570,POSITIVE_LENGTH_MEASURE(0.1),#8402);
#8570 = DRAUGHTING_PRE_DEFINED_CURVE_FONT('continuous');
#8571 = OVER_RIDING_STYLED_ITEM('overriding color',(#8572),#944,#8562);
#8572 = PRESENTATION_STYLE_ASSIGNMENT((#8573,#8579));
#8573 = SURFACE_STYLE_USAGE(.BOTH.,#8574);
#8574 = SURFACE_SIDE_STYLE('',(#8575));
#8575 = SURFACE_STYLE_FILL_AREA(#8576);
#8576 = FILL_AREA_STYLE('',(#8577));
#8577 = FILL_AREA_STYLE_COLOUR('',#8578);
#8578 = COLOUR_RGB('',0.858999988747,0.738000004258,0.496000005009);
#8579 = CURVE_STYLE('',#8580,POSITIVE_LENGTH_MEASURE(0.1),#8578);
#8580 = DRAUGHTING_PRE_DEFINED_CURVE_FONT('continuous');
#8581 = OVER_RIDING_STYLED_ITEM('overriding color',(#8582),#976,#8562);
#8582 = PRESENTATION_STYLE_ASSIGNMENT((#8583,#8588));
#8583 = SURFACE_STYLE_USAGE(.BOTH.,#8584);
#8584 = SURFACE_SIDE_STYLE('',(#8585));
#8585 = SURFACE_STYLE_FILL_AREA(#8586);
#8586 = FILL_AREA_STYLE('',(#8587));
#8587 = FILL_AREA_STYLE_COLOUR('',#8578);
#8588 = CURVE_STYLE('',#8589,POSITIVE_LENGTH_MEASURE(0.1),#8578);
#8589 = DRAUGHTING_PRE_DEFINED_CURVE_FONT('continuous');
#8590 = OVER_RIDING_STYLED_ITEM('overriding color',(#8591),#1010,#8562);
#8591 = PRESENTATION_STYLE_ASSIGNMENT((#8592,#8597));
#8592 = SURFACE_STYLE_USAGE(.BOTH.,#8593);
#8593 = SURFACE_SIDE_STYLE('',(#8594));
#8594 = SURFACE_STYLE_FILL_AREA(#8595);
#8595 = FILL_AREA_STYLE('',(#8596));
#8596 = FILL_AREA_STYLE_COLOUR('',#8578);
#8597 = CURVE_STYLE('',#8598,POSITIVE_LENGTH_MEASURE(0.1),#8578);
#8598 = DRAUGHTING_PRE_DEFINED_CURVE_FONT('continuous');
#8599 = OVER_RIDING_STYLED_ITEM('overriding color',(#8600),#1042,#8562);
#8600 = PRESENTATION_STYLE_ASSIGNMENT((#8601,#8606));
#8601 = SURFACE_STYLE_USAGE(.BOTH.,#8602);
#8602 = SURFACE_SIDE_STYLE('',(#8603));
#8603 = SURFACE_STYLE_FILL_AREA(#8604);
#8604 = FILL_AREA_STYLE('',(#8605));
#8605 = FILL_AREA_STYLE_COLOUR('',#8578);
#8606 = CURVE_STYLE('',#8607,POSITIVE_LENGTH_MEASURE(0.1),#8578);
#8607 = DRAUGHTING_PRE_DEFINED_CURVE_FONT('continuous');
#8608 = OVER_RIDING_STYLED_ITEM('overriding color',(#8609),#1076,#8562);
#8609 = PRESENTATION_STYLE_ASSIGNMENT((#8610,#8615));
#8610 = SURFACE_STYLE_USAGE(.BOTH.,#8611);
#8611 = SURFACE_SIDE_STYLE('',(#8612));
#8612 = SURFACE_STYLE_FILL_AREA(#8613);
#8613 = FILL_AREA_STYLE('',(#8614));
#8614 = FILL_AREA_STYLE_COLOUR('',#8578);
#8615 = CURVE_STYLE('',#8616,POSITIVE_LENGTH_MEASURE(0.1),#8578);
#8616 = DRAUGHTING_PRE_DEFINED_CURVE_FONT('continuous');
#8617 = OVER_RIDING_STYLED_ITEM('overriding color',(#8618),#1108,#8562);
#8618 = PRESENTATION_STYLE_ASSIGNMENT((#8619,#8624));
#8619 = SURFACE_STYLE_USAGE(.BOTH.,#8620);
#8620 = SURFACE_SIDE_STYLE('',(#8621));
#8621 = SURFACE_STYLE_FILL_AREA(#8622);
#8622 = FILL_AREA_STYLE('',(#8623));
#8623 = FILL_AREA_STYLE_COLOUR('',#8578);
#8624 = CURVE_STYLE('',#8625,POSITIVE_LENGTH_MEASURE(0.1),#8578);
#8625 = DRAUGHTING_PRE_DEFINED_CURVE_FONT('continuous');
#8626 = OVER_RIDING_STYLED_ITEM('overriding color',(#8627),#1142,#8562);
#8627 = PRESENTATION_STYLE_ASSIGNMENT((#8628,#8633));
#8628 = SURFACE_STYLE_USAGE(.BOTH.,#8629);
#8629 = SURFACE_SIDE_STYLE('',(#8630));
#8630 = SURFACE_STYLE_FILL_AREA(#8631);
#8631 = FILL_AREA_STYLE('',(#8632));
#8632 = FILL_AREA_STYLE_COLOUR('',#8578);
#8633 = CURVE_STYLE('',#8634,POSITIVE_LENGTH_MEASURE(0.1),#8578);
#8634 = DRAUGHTING_PRE_DEFINED_CURVE_FONT('continuous');
#8635 = OVER_RIDING_STYLED_ITEM('overriding color',(#8636),#1174,#8562);
#8636 = PRESENTATION_STYLE_ASSIGNMENT((#8637,#8642));
#8637 = SURFACE_STYLE_USAGE(.BOTH.,#8638);
#8638 = SURFACE_SIDE_STYLE('',(#8639));
#8639 = SURFACE_STYLE_FILL_AREA(#8640);
#8640 = FILL_AREA_STYLE('',(#8641));
#8641 = FILL_AREA_STYLE_COLOUR('',#8578);
#8642 = CURVE_STYLE('',#8643,POSITIVE_LENGTH_MEASURE(0.1),#8578);
#8643 = DRAUGHTING_PRE_DEFINED_CURVE_FONT('continuous');
#8644 = OVER_RIDING_STYLED_ITEM('overriding color',(#8645),#1208,#8562);
#8645 = PRESENTATION_STYLE_ASSIGNMENT((#8646,#8651));
#8646 = SURFACE_STYLE_USAGE(.BOTH.,#8647);
#8647 = SURFACE_SIDE_STYLE('',(#8648));
#8648 = SURFACE_STYLE_FILL_AREA(#8649);
#8649 = FILL_AREA_STYLE('',(#8650));
#8650 = FILL_AREA_STYLE_COLOUR('',#8578);
#8651 = CURVE_STYLE('',#8652,POSITIVE_LENGTH_MEASURE(0.1),#8578);
#8652 = DRAUGHTING_PRE_DEFINED_CURVE_FONT('continuous');
#8653 = OVER_RIDING_STYLED_ITEM('overriding color',(#8654),#1240,#8562);
#8654 = PRESENTATION_STYLE_ASSIGNMENT((#8655,#8660));
#8655 = SURFACE_STYLE_USAGE(.BOTH.,#8656);
#8656 = SURFACE_SIDE_STYLE('',(#8657));
#8657 = SURFACE_STYLE_FILL_AREA(#8658);
#8658 = FILL_AREA_STYLE('',(#8659));
#8659 = FILL_AREA_STYLE_COLOUR('',#8578);
#8660 = CURVE_STYLE('',#8661,POSITIVE_LENGTH_MEASURE(0.1),#8578);
#8661 = DRAUGHTING_PRE_DEFINED_CURVE_FONT('continuous');
#8662 = OVER_RIDING_STYLED_ITEM('overriding color',(#8663),#1274,#8562);
#8663 = PRESENTATION_STYLE_ASSIGNMENT((#8664,#8669));
#8664 = SURFACE_STYLE_USAGE(.BOTH.,#8665);
#8665 = SURFACE_SIDE_STYLE('',(#8666));
#8666 = SURFACE_STYLE_FILL_AREA(#8667);
#8667 = FILL_AREA_STYLE('',(#8668));
#8668 = FILL_AREA_STYLE_COLOUR('',#8578);
#8669 = CURVE_STYLE('',#8670,POSITIVE_LENGTH_MEASURE(0.1),#8578);
#8670 = DRAUGHTING_PRE_DEFINED_CURVE_FONT('continuous');
#8671 = OVER_RIDING_STYLED_ITEM('overriding color',(#8672),#1306,#8562);
#8672 = PRESENTATION_STYLE_ASSIGNMENT((#8673,#8678));
#8673 = SURFACE_STYLE_USAGE(.BOTH.,#8674);
#8674 = SURFACE_SIDE_STYLE('',(#8675));
#8675 = SURFACE_STYLE_FILL_AREA(#8676);
#8676 = FILL_AREA_STYLE('',(#8677));
#8677 = FILL_AREA_STYLE_COLOUR('',#8578);
#8678 = CURVE_STYLE('',#8679,POSITIVE_LENGTH_MEASURE(0.1),#8578);
#8679 = DRAUGHTING_PRE_DEFINED_CURVE_FONT('continuous');
#8680 = OVER_RIDING_STYLED_ITEM('overriding color',(#8681),#1340,#8562);
#8681 = PRESENTATION_STYLE_ASSIGNMENT((#8682,#8687));
#8682 = SURFACE_STYLE_USAGE(.BOTH.,#8683);
#8683 = SURFACE_SIDE_STYLE('',(#8684));
#8684 = SURFACE_STYLE_FILL_AREA(#8685);
#8685 = FILL_AREA_STYLE('',(#8686));
#8686 = FILL_AREA_STYLE_COLOUR('',#8578);
#8687 = CURVE_STYLE('',#8688,POSITIVE_LENGTH_MEASURE(0.1),#8578);
#8688 = DRAUGHTING_PRE_DEFINED_CURVE_FONT('continuous');
#8689 = OVER_RIDING_STYLED_ITEM('overriding color',(#8690),#1372,#8562);
#8690 = PRESENTATION_STYLE_ASSIGNMENT((#8691,#8696));
#8691 = SURFACE_STYLE_USAGE(.BOTH.,#8692);
#8692 = SURFACE_SIDE_STYLE('',(#8693));
#8693 = SURFACE_STYLE_FILL_AREA(#8694);
#8694 = FILL_AREA_STYLE('',(#8695));
#8695 = FILL_AREA_STYLE_COLOUR('',#8578);
#8696 = CURVE_STYLE('',#8697,POSITIVE_LENGTH_MEASURE(0.1),#8578);
#8697 = DRAUGHTING_PRE_DEFINED_CURVE_FONT('continuous');
#8698 = OVER_RIDING_STYLED_ITEM('overriding color',(#8699),#1406,#8562);
#8699 = PRESENTATION_STYLE_ASSIGNMENT((#8700,#8705));
#8700 = SURFACE_STYLE_USAGE(.BOTH.,#8701);
#8701 = SURFACE_SIDE_STYLE('',(#8702));
#8702 = SURFACE_STYLE_FILL_AREA(#8703);
#8703 = FILL_AREA_STYLE('',(#8704));
#8704 = FILL_AREA_STYLE_COLOUR('',#8578);
#8705 = CURVE_STYLE('',#8706,POSITIVE_LENGTH_MEASURE(0.1),#8578);
#8706 = DRAUGHTING_PRE_DEFINED_CURVE_FONT('continuous');
#8707 = OVER_RIDING_STYLED_ITEM('overriding color',(#8708),#1438,#8562);
#8708 = PRESENTATION_STYLE_ASSIGNMENT((#8709,#8714));
#8709 = SURFACE_STYLE_USAGE(.BOTH.,#8710);
#8710 = SURFACE_SIDE_STYLE('',(#8711));
#8711 = SURFACE_STYLE_FILL_AREA(#8712);
#8712 = FILL_AREA_STYLE('',(#8713));
#8713 = FILL_AREA_STYLE_COLOUR('',#8578);
#8714 = CURVE_STYLE('',#8715,POSITIVE_LENGTH_MEASURE(0.1),#8578);
#8715 = DRAUGHTING_PRE_DEFINED_CURVE_FONT('continuous');
#8716 = STYLED_ITEM('color',(#8717),#1456);
#8717 = PRESENTATION_STYLE_ASSIGNMENT((#8718,#8723));
#8718 = SURFACE_STYLE_USAGE(.BOTH.,#8719);
#8719 = SURFACE_SIDE_STYLE('',(#8720));
#8720 = SURFACE_STYLE_FILL_AREA(#8721);
#8721 = FILL_AREA_STYLE('',(#8722));
#8722 = FILL_AREA_STYLE_COLOUR('',#8402);
#8723 = CURVE_STYLE('',#8724,POSITIVE_LENGTH_MEASURE(0.1),#8402);
#8724 = DRAUGHTING_PRE_DEFINED_CURVE_FONT('continuous');
#8725 = STYLED_ITEM('color',(#8726),#1468);
#8726 = PRESENTATION_STYLE_ASSIGNMENT((#8727,#8732));
#8727 = SURFACE_STYLE_USAGE(.BOTH.,#8728);
#8728 = SURFACE_SIDE_STYLE('',(#8729));
#8729 = SURFACE_STYLE_FILL_AREA(#8730);
#8730 = FILL_AREA_STYLE('',(#8731));
#8731 = FILL_AREA_STYLE_COLOUR('',#8402);
#8732 = CURVE_STYLE('',#8733,POSITIVE_LENGTH_MEASURE(0.1),#8402);
#8733 = DRAUGHTING_PRE_DEFINED_CURVE_FONT('continuous');
#8734 = STYLED_ITEM('color',(#8735),#1480);
#8735 = PRESENTATION_STYLE_ASSIGNMENT((#8736,#8741));
#8736 = SURFACE_STYLE_USAGE(.BOTH.,#8737);
#8737 = SURFACE_SIDE_STYLE('',(#8738));
#8738 = SURFACE_STYLE_FILL_AREA(#8739);
#8739 = FILL_AREA_STYLE('',(#8740));
#8740 = FILL_AREA_STYLE_COLOUR('',#8402);
#8741 = CURVE_STYLE('',#8742,POSITIVE_LENGTH_MEASURE(0.1),#8402);
#8742 = DRAUGHTING_PRE_DEFINED_CURVE_FONT('continuous');
#8743 = STYLED_ITEM('color',(#8744),#1511);
#8744 = PRESENTATION_STYLE_ASSIGNMENT((#8745,#8750));
#8745 = SURFACE_STYLE_USAGE(.BOTH.,#8746);
#8746 = SURFACE_SIDE_STYLE('',(#8747));
#8747 = SURFACE_STYLE_FILL_AREA(#8748);
#8748 = FILL_AREA_STYLE('',(#8749));
#8749 = FILL_AREA_STYLE_COLOUR('',#8402);
#8750 = CURVE_STYLE('',#8751,POSITIVE_LENGTH_MEASURE(0.1),#8402);
#8751 = DRAUGHTING_PRE_DEFINED_CURVE_FONT('continuous');
#8752 = STYLED_ITEM('color',(#8753),#1535);
#8753 = PRESENTATION_STYLE_ASSIGNMENT((#8754,#8759));
#8754 = SURFACE_STYLE_USAGE(.BOTH.,#8755);
#8755 = SURFACE_SIDE_STYLE('',(#8756));
#8756 = SURFACE_STYLE_FILL_AREA(#8757);
#8757 = FILL_AREA_STYLE('',(#8758));
#8758 = FILL_AREA_STYLE_COLOUR('',#8402);
#8759 = CURVE_STYLE('',#8760,POSITIVE_LENGTH_MEASURE(0.1),#8402);
#8760 = DRAUGHTING_PRE_DEFINED_CURVE_FONT('continuous');
#8761 = STYLED_ITEM('color',(#8762),#1559);
#8762 = PRESENTATION_STYLE_ASSIGNMENT((#8763,#8768));
#8763 = SURFACE_STYLE_USAGE(.BOTH.,#8764);
#8764 = SURFACE_SIDE_STYLE('',(#8765));
#8765 = SURFACE_STYLE_FILL_AREA(#8766);
#8766 = FILL_AREA_STYLE('',(#8767));
#8767 = FILL_AREA_STYLE_COLOUR('',#8402);
#8768 = CURVE_STYLE('',#8769,POSITIVE_LENGTH_MEASURE(0.1),#8402);
#8769 = DRAUGHTING_PRE_DEFINED_CURVE_FONT('continuous');
#8770 = STYLED_ITEM('color',(#8771),#1576);
#8771 = PRESENTATION_STYLE_ASSIGNMENT((#8772,#8777));
#8772 = SURFACE_STYLE_USAGE(.BOTH.,#8773);
#8773 = SURFACE_SIDE_STYLE('',(#8774));
#8774 = SURFACE_STYLE_FILL_AREA(#8775);
#8775 = FILL_AREA_STYLE('',(#8776));
#8776 = FILL_AREA_STYLE_COLOUR('',#8402);
#8777 = CURVE_STYLE('',#8778,POSITIVE_LENGTH_MEASURE(0.1),#8402);
#8778 = DRAUGHTING_PRE_DEFINED_CURVE_FONT('continuous');
#8779 = STYLED_ITEM('color',(#8780),#1607);
#8780 = PRESENTATION_STYLE_ASSIGNMENT((#8781,#8786));
#8781 = SURFACE_STYLE_USAGE(.BOTH.,#8782);
#8782 = SURFACE_SIDE_STYLE('',(#8783));
#8783 = SURFACE_STYLE_FILL_AREA(#8784);
#8784 = FILL_AREA_STYLE('',(#8785));
#8785 = FILL_AREA_STYLE_COLOUR('',#8402);
#8786 = CURVE_STYLE('',#8787,POSITIVE_LENGTH_MEASURE(0.1),#8402);
#8787 = DRAUGHTING_PRE_DEFINED_CURVE_FONT('continuous');
#8788 = STYLED_ITEM('color',(#8789),#1631);
#8789 = PRESENTATION_STYLE_ASSIGNMENT((#8790,#8795));
#8790 = SURFACE_STYLE_USAGE(.BOTH.,#8791);
#8791 = SURFACE_SIDE_STYLE('',(#8792));
#8792 = SURFACE_STYLE_FILL_AREA(#8793);
#8793 = FILL_AREA_STYLE('',(#8794));
#8794 = FILL_AREA_STYLE_COLOUR('',#8402);
#8795 = CURVE_STYLE('',#8796,POSITIVE_LENGTH_MEASURE(0.1),#8402);
#8796 = DRAUGHTING_PRE_DEFINED_CURVE_FONT('continuous');
#8797 = STYLED_ITEM('color',(#8798),#1655);
#8798 = PRESENTATION_STYLE_ASSIGNMENT((#8799,#8804));
#8799 = SURFACE_STYLE_USAGE(.BOTH.,#8800);
#8800 = SURFACE_SIDE_STYLE('',(#8801));
#8801 = SURFACE_STYLE_FILL_AREA(#8802);
#8802 = FILL_AREA_STYLE('',(#8803));
#8803 = FILL_AREA_STYLE_COLOUR('',#8402);
#8804 = CURVE_STYLE('',#8805,POSITIVE_LENGTH_MEASURE(0.1),#8402);
#8805 = DRAUGHTING_PRE_DEFINED_CURVE_FONT('continuous');
#8806 = STYLED_ITEM('color',(#8807),#1672);
#8807 = PRESENTATION_STYLE_ASSIGNMENT((#8808,#8813));
#8808 = SURFACE_STYLE_USAGE(.BOTH.,#8809);
#8809 = SURFACE_SIDE_STYLE('',(#8810));
#8810 = SURFACE_STYLE_FILL_AREA(#8811);
#8811 = FILL_AREA_STYLE('',(#8812));
#8812 = FILL_AREA_STYLE_COLOUR('',#8402);
#8813 = CURVE_STYLE('',#8814,POSITIVE_LENGTH_MEASURE(0.1),#8402);
#8814 = DRAUGHTING_PRE_DEFINED_CURVE_FONT('continuous');
#8815 = STYLED_ITEM('color',(#8816),#1703);
#8816 = PRESENTATION_STYLE_ASSIGNMENT((#8817,#8822));
#8817 = SURFACE_STYLE_USAGE(.BOTH.,#8818);
#8818 = SURFACE_SIDE_STYLE('',(#8819));
#8819 = SURFACE_STYLE_FILL_AREA(#8820);
#8820 = FILL_AREA_STYLE('',(#8821));
#8821 = FILL_AREA_STYLE_COLOUR('',#8402);
#8822 = CURVE_STYLE('',#8823,POSITIVE_LENGTH_MEASURE(0.1),#8402);
#8823 = DRAUGHTING_PRE_DEFINED_CURVE_FONT('continuous');
#8824 = STYLED_ITEM('color',(#8825),#1727);
#8825 = PRESENTATION_STYLE_ASSIGNMENT((#8826,#8831));
#8826 = SURFACE_STYLE_USAGE(.BOTH.,#8827);
#8827 = SURFACE_SIDE_STYLE('',(#8828));
#8828 = SURFACE_STYLE_FILL_AREA(#8829);
#8829 = FILL_AREA_STYLE('',(#8830));
#8830 = FILL_AREA_STYLE_COLOUR('',#8402);
#8831 = CURVE_STYLE('',#8832,POSITIVE_LENGTH_MEASURE(0.1),#8402);
#8832 = DRAUGHTING_PRE_DEFINED_CURVE_FONT('continuous');
#8833 = STYLED_ITEM('color',(#8834),#1751);
#8834 = PRESENTATION_STYLE_ASSIGNMENT((#8835,#8840));
#8835 = SURFACE_STYLE_USAGE(.BOTH.,#8836);
#8836 = SURFACE_SIDE_STYLE('',(#8837));
#8837 = SURFACE_STYLE_FILL_AREA(#8838);
#8838 = FILL_AREA_STYLE('',(#8839));
#8839 = FILL_AREA_STYLE_COLOUR('',#8402);
#8840 = CURVE_STYLE('',#8841,POSITIVE_LENGTH_MEASURE(0.1),#8402);
#8841 = DRAUGHTING_PRE_DEFINED_CURVE_FONT('continuous');
#8842 = STYLED_ITEM('color',(#8843),#1768);
#8843 = PRESENTATION_STYLE_ASSIGNMENT((#8844,#8849));
#8844 = SURFACE_STYLE_USAGE(.BOTH.,#8845);
#8845 = SURFACE_SIDE_STYLE('',(#8846));
#8846 = SURFACE_STYLE_FILL_AREA(#8847);
#8847 = FILL_AREA_STYLE('',(#8848));
#8848 = FILL_AREA_STYLE_COLOUR('',#8402);
#8849 = CURVE_STYLE('',#8850,POSITIVE_LENGTH_MEASURE(0.1),#8402);
#8850 = DRAUGHTING_PRE_DEFINED_CURVE_FONT('continuous');
#8851 = STYLED_ITEM('color',(#8852),#1799);
#8852 = PRESENTATION_STYLE_ASSIGNMENT((#8853,#8858));
#8853 = SURFACE_STYLE_USAGE(.BOTH.,#8854);
#8854 = SURFACE_SIDE_STYLE('',(#8855));
#8855 = SURFACE_STYLE_FILL_AREA(#8856);
#8856 = FILL_AREA_STYLE('',(#8857));
#8857 = FILL_AREA_STYLE_COLOUR('',#8402);
#8858 = CURVE_STYLE('',#8859,POSITIVE_LENGTH_MEASURE(0.1),#8402);
#8859 = DRAUGHTING_PRE_DEFINED_CURVE_FONT('continuous');
#8860 = STYLED_ITEM('color',(#8861),#1823);
#8861 = PRESENTATION_STYLE_ASSIGNMENT((#8862,#8867));
#8862 = SURFACE_STYLE_USAGE(.BOTH.,#8863);
#8863 = SURFACE_SIDE_STYLE('',(#8864));
#8864 = SURFACE_STYLE_FILL_AREA(#8865);
#8865 = FILL_AREA_STYLE('',(#8866));
#8866 = FILL_AREA_STYLE_COLOUR('',#8402);
#8867 = CURVE_STYLE('',#8868,POSITIVE_LENGTH_MEASURE(0.1),#8402);
#8868 = DRAUGHTING_PRE_DEFINED_CURVE_FONT('continuous');
#8869 = STYLED_ITEM('color',(#8870),#1847);
#8870 = PRESENTATION_STYLE_ASSIGNMENT((#8871,#8876));
#8871 = SURFACE_STYLE_USAGE(.BOTH.,#8872);
#8872 = SURFACE_SIDE_STYLE('',(#8873));
#8873 = SURFACE_STYLE_FILL_AREA(#8874);
#8874 = FILL_AREA_STYLE('',(#8875));
#8875 = FILL_AREA_STYLE_COLOUR('',#8402);
#8876 = CURVE_STYLE('',#8877,POSITIVE_LENGTH_MEASURE(0.1),#8402);
#8877 = DRAUGHTING_PRE_DEFINED_CURVE_FONT('continuous');
#8878 = STYLED_ITEM('color',(#8879),#1864);
#8879 = PRESENTATION_STYLE_ASSIGNMENT((#8880,#8885));
#8880 = SURFACE_STYLE_USAGE(.BOTH.,#8881);
#8881 = SURFACE_SIDE_STYLE('',(#8882));
#8882 = SURFACE_STYLE_FILL_AREA(#8883);
#8883 = FILL_AREA_STYLE('',(#8884));
#8884 = FILL_AREA_STYLE_COLOUR('',#8402);
#8885 = CURVE_STYLE('',#8886,POSITIVE_LENGTH_MEASURE(0.1),#8402);
#8886 = DRAUGHTING_PRE_DEFINED_CURVE_FONT('continuous');
#8887 = STYLED_ITEM('color',(#8888),#1895);
#8888 = PRESENTATION_STYLE_ASSIGNMENT((#8889,#8894));
#8889 = SURFACE_STYLE_USAGE(.BOTH.,#8890);
#8890 = SURFACE_SIDE_STYLE('',(#8891));
#8891 = SURFACE_STYLE_FILL_AREA(#8892);
#8892 = FILL_AREA_STYLE('',(#8893));
#8893 = FILL_AREA_STYLE_COLOUR('',#8402);
#8894 = CURVE_STYLE('',#8895,POSITIVE_LENGTH_MEASURE(0.1),#8402);
#8895 = DRAUGHTING_PRE_DEFINED_CURVE_FONT('continuous');
#8896 = STYLED_ITEM('color',(#8897),#1919);
#8897 = PRESENTATION_STYLE_ASSIGNMENT((#8898,#8903));
#8898 = SURFACE_STYLE_USAGE(.BOTH.,#8899);
#8899 = SURFACE_SIDE_STYLE('',(#8900));
#8900 = SURFACE_STYLE_FILL_AREA(#8901);
#8901 = FILL_AREA_STYLE('',(#8902));
#8902 = FILL_AREA_STYLE_COLOUR('',#8402);
#8903 = CURVE_STYLE('',#8904,POSITIVE_LENGTH_MEASURE(0.1),#8402);
#8904 = DRAUGHTING_PRE_DEFINED_CURVE_FONT('continuous');
#8905 = STYLED_ITEM('color',(#8906),#1943);
#8906 = PRESENTATION_STYLE_ASSIGNMENT((#8907,#8912));
#8907 = SURFACE_STYLE_USAGE(.BOTH.,#8908);
#8908 = SURFACE_SIDE_STYLE('',(#8909));
#8909 = SURFACE_STYLE_FILL_AREA(#8910);
#8910 = FILL_AREA_STYLE('',(#8911));
#8911 = FILL_AREA_STYLE_COLOUR('',#8402);
#8912 = CURVE_STYLE('',#8913,POSITIVE_LENGTH_MEASURE(0.1),#8402);
#8913 = DRAUGHTING_PRE_DEFINED_CURVE_FONT('continuous');
#8914 = STYLED_ITEM('color',(#8915),#1960);
#8915 = PRESENTATION_STYLE_ASSIGNMENT((#8916,#8921));
#8916 = SURFACE_STYLE_USAGE(.BOTH.,#8917);
#8917 = SURFACE_SIDE_STYLE('',(#8918));
#8918 = SURFACE_STYLE_FILL_AREA(#8919);
#8919 = FILL_AREA_STYLE('',(#8920));
#8920 = FILL_AREA_STYLE_COLOUR('',#8402);
#8921 = CURVE_STYLE('',#8922,POSITIVE_LENGTH_MEASURE(0.1),#8402);
#8922 = DRAUGHTING_PRE_DEFINED_CURVE_FONT('continuous');
#8923 = STYLED_ITEM('color',(#8924),#1991);
#8924 = PRESENTATION_STYLE_ASSIGNMENT((#8925,#8930));
#8925 = SURFACE_STYLE_USAGE(.BOTH.,#8926);
#8926 = SURFACE_SIDE_STYLE('',(#8927));
#8927 = SURFACE_STYLE_FILL_AREA(#8928);
#8928 = FILL_AREA_STYLE('',(#8929));
#8929 = FILL_AREA_STYLE_COLOUR('',#8402);
#8930 = CURVE_STYLE('',#8931,POSITIVE_LENGTH_MEASURE(0.1),#8402);
#8931 = DRAUGHTING_PRE_DEFINED_CURVE_FONT('continuous');
#8932 = STYLED_ITEM('color',(#8933),#2015);
#8933 = PRESENTATION_STYLE_ASSIGNMENT((#8934,#8939));
#8934 = SURFACE_STYLE_USAGE(.BOTH.,#8935);
#8935 = SURFACE_SIDE_STYLE('',(#8936));
#8936 = SURFACE_STYLE_FILL_AREA(#8937);
#8937 = FILL_AREA_STYLE('',(#8938));
#8938 = FILL_AREA_STYLE_COLOUR('',#8402);
#8939 = CURVE_STYLE('',#8940,POSITIVE_LENGTH_MEASURE(0.1),#8402);
#8940 = DRAUGHTING_PRE_DEFINED_CURVE_FONT('continuous');
#8941 = STYLED_ITEM('color',(#8942),#2039);
#8942 = PRESENTATION_STYLE_ASSIGNMENT((#8943,#8948));
#8943 = SURFACE_STYLE_USAGE(.BOTH.,#8944);
#8944 = SURFACE_SIDE_STYLE('',(#8945));
#8945 = SURFACE_STYLE_FILL_AREA(#8946);
#8946 = FILL_AREA_STYLE('',(#8947));
#8947 = FILL_AREA_STYLE_COLOUR('',#8402);
#8948 = CURVE_STYLE('',#8949,POSITIVE_LENGTH_MEASURE(0.1),#8402);
#8949 = DRAUGHTING_PRE_DEFINED_CURVE_FONT('continuous');
#8950 = STYLED_ITEM('color',(#8951),#2056);
#8951 = PRESENTATION_STYLE_ASSIGNMENT((#8952,#8957));
#8952 = SURFACE_STYLE_USAGE(.BOTH.,#8953);
#8953 = SURFACE_SIDE_STYLE('',(#8954));
#8954 = SURFACE_STYLE_FILL_AREA(#8955);
#8955 = FILL_AREA_STYLE('',(#8956));
#8956 = FILL_AREA_STYLE_COLOUR('',#8402);
#8957 = CURVE_STYLE('',#8958,POSITIVE_LENGTH_MEASURE(0.1),#8402);
#8958 = DRAUGHTING_PRE_DEFINED_CURVE_FONT('continuous');
#8959 = STYLED_ITEM('color',(#8960),#2087);
#8960 = PRESENTATION_STYLE_ASSIGNMENT((#8961,#8966));
#8961 = SURFACE_STYLE_USAGE(.BOTH.,#8962);
#8962 = SURFACE_SIDE_STYLE('',(#8963));
#8963 = SURFACE_STYLE_FILL_AREA(#8964);
#8964 = FILL_AREA_STYLE('',(#8965));
#8965 = FILL_AREA_STYLE_COLOUR('',#8402);
#8966 = CURVE_STYLE('',#8967,POSITIVE_LENGTH_MEASURE(0.1),#8402);
#8967 = DRAUGHTING_PRE_DEFINED_CURVE_FONT('continuous');
#8968 = STYLED_ITEM('color',(#8969),#2111);
#8969 = PRESENTATION_STYLE_ASSIGNMENT((#8970,#8975));
#8970 = SURFACE_STYLE_USAGE(.BOTH.,#8971);
#8971 = SURFACE_SIDE_STYLE('',(#8972));
#8972 = SURFACE_STYLE_FILL_AREA(#8973);
#8973 = FILL_AREA_STYLE('',(#8974));
#8974 = FILL_AREA_STYLE_COLOUR('',#8402);
#8975 = CURVE_STYLE('',#8976,POSITIVE_LENGTH_MEASURE(0.1),#8402);
#8976 = DRAUGHTING_PRE_DEFINED_CURVE_FONT('continuous');
#8977 = STYLED_ITEM('color',(#8978),#2135);
#8978 = PRESENTATION_STYLE_ASSIGNMENT((#8979,#8984));
#8979 = SURFACE_STYLE_USAGE(.BOTH.,#8980);
#8980 = SURFACE_SIDE_STYLE('',(#8981));
#8981 = SURFACE_STYLE_FILL_AREA(#8982);
#8982 = FILL_AREA_STYLE('',(#8983));
#8983 = FILL_AREA_STYLE_COLOUR('',#8402);
#8984 = CURVE_STYLE('',#8985,POSITIVE_LENGTH_MEASURE(0.1),#8402);
#8985 = DRAUGHTING_PRE_DEFINED_CURVE_FONT('continuous');
#8986 = STYLED_ITEM('color',(#8987),#2152);
#8987 = PRESENTATION_STYLE_ASSIGNMENT((#8988,#8993));
#8988 = SURFACE_STYLE_USAGE(.BOTH.,#8989);
#8989 = SURFACE_SIDE_STYLE('',(#8990));
#8990 = SURFACE_STYLE_FILL_AREA(#8991);
#8991 = FILL_AREA_STYLE('',(#8992));
#8992 = FILL_AREA_STYLE_COLOUR('',#8402);
#8993 = CURVE_STYLE('',#8994,POSITIVE_LENGTH_MEASURE(0.1),#8402);
#8994 = DRAUGHTING_PRE_DEFINED_CURVE_FONT('continuous');
#8995 = STYLED_ITEM('color',(#8996),#2183);
#8996 = PRESENTATION_STYLE_ASSIGNMENT((#8997,#9002));
#8997 = SURFACE_STYLE_USAGE(.BOTH.,#8998);
#8998 = SURFACE_SIDE_STYLE('',(#8999));
#8999 = SURFACE_STYLE_FILL_AREA(#9000);
#9000 = FILL_AREA_STYLE('',(#9001));
#9001 = FILL_AREA_STYLE_COLOUR('',#8402);
#9002 = CURVE_STYLE('',#9003,POSITIVE_LENGTH_MEASURE(0.1),#8402);
#9003 = DRAUGHTING_PRE_DEFINED_CURVE_FONT('continuous');
#9004 = STYLED_ITEM('color',(#9005),#2207);
#9005 = PRESENTATION_STYLE_ASSIGNMENT((#9006,#9011));
#9006 = SURFACE_STYLE_USAGE(.BOTH.,#9007);
#9007 = SURFACE_SIDE_STYLE('',(#9008));
#9008 = SURFACE_STYLE_FILL_AREA(#9009);
#9009 = FILL_AREA_STYLE('',(#9010));
#9010 = FILL_AREA_STYLE_COLOUR('',#8402);
#9011 = CURVE_STYLE('',#9012,POSITIVE_LENGTH_MEASURE(0.1),#8402);
#9012 = DRAUGHTING_PRE_DEFINED_CURVE_FONT('continuous');
#9013 = STYLED_ITEM('color',(#9014),#2231);
#9014 = PRESENTATION_STYLE_ASSIGNMENT((#9015,#9020));
#9015 = SURFACE_STYLE_USAGE(.BOTH.,#9016);
#9016 = SURFACE_SIDE_STYLE('',(#9017));
#9017 = SURFACE_STYLE_FILL_AREA(#9018);
#9018 = FILL_AREA_STYLE('',(#9019));
#9019 = FILL_AREA_STYLE_COLOUR('',#8402);
#9020 = CURVE_STYLE('',#9021,POSITIVE_LENGTH_MEASURE(0.1),#8402);
#9021 = DRAUGHTING_PRE_DEFINED_CURVE_FONT('continuous');
#9022 = STYLED_ITEM('color',(#9023),#2248);
#9023 = PRESENTATION_STYLE_ASSIGNMENT((#9024,#9029));
#9024 = SURFACE_STYLE_USAGE(.BOTH.,#9025);
#9025 = SURFACE_SIDE_STYLE('',(#9026));
#9026 = SURFACE_STYLE_FILL_AREA(#9027);
#9027 = FILL_AREA_STYLE('',(#9028));
#9028 = FILL_AREA_STYLE_COLOUR('',#8578);
#9029 = CURVE_STYLE('',#9030,POSITIVE_LENGTH_MEASURE(0.1),#8578);
#9030 = DRAUGHTING_PRE_DEFINED_CURVE_FONT('continuous');
#9031 = STYLED_ITEM('color',(#9032),#2265);
#9032 = PRESENTATION_STYLE_ASSIGNMENT((#9033,#9038));
#9033 = SURFACE_STYLE_USAGE(.BOTH.,#9034);
#9034 = SURFACE_SIDE_STYLE('',(#9035));
#9035 = SURFACE_STYLE_FILL_AREA(#9036);
#9036 = FILL_AREA_STYLE('',(#9037));
#9037 = FILL_AREA_STYLE_COLOUR('',#8578);
#9038 = CURVE_STYLE('',#9039,POSITIVE_LENGTH_MEASURE(0.1),#8578);
#9039 = DRAUGHTING_PRE_DEFINED_CURVE_FONT('continuous');
#9040 = STYLED_ITEM('color',(#9041),#2312);
#9041 = PRESENTATION_STYLE_ASSIGNMENT((#9042,#9047));
#9042 = SURFACE_STYLE_USAGE(.BOTH.,#9043);
#9043 = SURFACE_SIDE_STYLE('',(#9044));
#9044 = SURFACE_STYLE_FILL_AREA(#9045);
#9045 = FILL_AREA_STYLE('',(#9046));
#9046 = FILL_AREA_STYLE_COLOUR('',#8578);
#9047 = CURVE_STYLE('',#9048,POSITIVE_LENGTH_MEASURE(0.1),#8578);
#9048 = DRAUGHTING_PRE_DEFINED_CURVE_FONT('continuous');
#9049 = STYLED_ITEM('color',(#9050),#2329);
#9050 = PRESENTATION_STYLE_ASSIGNMENT((#9051,#9056));
#9051 = SURFACE_STYLE_USAGE(.BOTH.,#9052);
#9052 = SURFACE_SIDE_STYLE('',(#9053));
#9053 = SURFACE_STYLE_FILL_AREA(#9054);
#9054 = FILL_AREA_STYLE('',(#9055));
#9055 = FILL_AREA_STYLE_COLOUR('',#8578);
#9056 = CURVE_STYLE('',#9057,POSITIVE_LENGTH_MEASURE(0.1),#8578);
#9057 = DRAUGHTING_PRE_DEFINED_CURVE_FONT('continuous');
#9058 = STYLED_ITEM('color',(#9059),#2376);
#9059 = PRESENTATION_STYLE_ASSIGNMENT((#9060,#9065));
#9060 = SURFACE_STYLE_USAGE(.BOTH.,#9061);
#9061 = SURFACE_SIDE_STYLE('',(#9062));
#9062 = SURFACE_STYLE_FILL_AREA(#9063);
#9063 = FILL_AREA_STYLE('',(#9064));
#9064 = FILL_AREA_STYLE_COLOUR('',#8578);
#9065 = CURVE_STYLE('',#9066,POSITIVE_LENGTH_MEASURE(0.1),#8578);
#9066 = DRAUGHTING_PRE_DEFINED_CURVE_FONT('continuous');
#9067 = STYLED_ITEM('color',(#9068),#2393);
#9068 = PRESENTATION_STYLE_ASSIGNMENT((#9069,#9074));
#9069 = SURFACE_STYLE_USAGE(.BOTH.,#9070);
#9070 = SURFACE_SIDE_STYLE('',(#9071));
#9071 = SURFACE_STYLE_FILL_AREA(#9072);
#9072 = FILL_AREA_STYLE('',(#9073));
#9073 = FILL_AREA_STYLE_COLOUR('',#8578);
#9074 = CURVE_STYLE('',#9075,POSITIVE_LENGTH_MEASURE(0.1),#8578);
#9075 = DRAUGHTING_PRE_DEFINED_CURVE_FONT('continuous');
#9076 = STYLED_ITEM('color',(#9077),#2440);
#9077 = PRESENTATION_STYLE_ASSIGNMENT((#9078,#9083));
#9078 = SURFACE_STYLE_USAGE(.BOTH.,#9079);
#9079 = SURFACE_SIDE_STYLE('',(#9080));
#9080 = SURFACE_STYLE_FILL_AREA(#9081);
#9081 = FILL_AREA_STYLE('',(#9082));
#9082 = FILL_AREA_STYLE_COLOUR('',#8578);
#9083 = CURVE_STYLE('',#9084,POSITIVE_LENGTH_MEASURE(0.1),#8578);
#9084 = DRAUGHTING_PRE_DEFINED_CURVE_FONT('continuous');
#9085 = STYLED_ITEM('color',(#9086),#2457);
#9086 = PRESENTATION_STYLE_ASSIGNMENT((#9087,#9092));
#9087 = SURFACE_STYLE_USAGE(.BOTH.,#9088);
#9088 = SURFACE_SIDE_STYLE('',(#9089));
#9089 = SURFACE_STYLE_FILL_AREA(#9090);
#9090 = FILL_AREA_STYLE('',(#9091));
#9091 = FILL_AREA_STYLE_COLOUR('',#8578);
#9092 = CURVE_STYLE('',#9093,POSITIVE_LENGTH_MEASURE(0.1),#8578);
#9093 = DRAUGHTING_PRE_DEFINED_CURVE_FONT('continuous');
#9094 = STYLED_ITEM('color',(#9095),#2504);
#9095 = PRESENTATION_STYLE_ASSIGNMENT((#9096,#9101));
#9096 = SURFACE_STYLE_USAGE(.BOTH.,#9097);
#9097 = SURFACE_SIDE_STYLE('',(#9098));
#9098 = SURFACE_STYLE_FILL_AREA(#9099);
#9099 = FILL_AREA_STYLE('',(#9100));
#9100 = FILL_AREA_STYLE_COLOUR('',#8578);
#9101 = CURVE_STYLE('',#9102,POSITIVE_LENGTH_MEASURE(0.1),#8578);
#9102 = DRAUGHTING_PRE_DEFINED_CURVE_FONT('continuous');
#9103 = STYLED_ITEM('color',(#9104),#2521);
#9104 = PRESENTATION_STYLE_ASSIGNMENT((#9105,#9110));
#9105 = SURFACE_STYLE_USAGE(.BOTH.,#9106);
#9106 = SURFACE_SIDE_STYLE('',(#9107));
#9107 = SURFACE_STYLE_FILL_AREA(#9108);
#9108 = FILL_AREA_STYLE('',(#9109));
#9109 = FILL_AREA_STYLE_COLOUR('',#8578);
#9110 = CURVE_STYLE('',#9111,POSITIVE_LENGTH_MEASURE(0.1),#8578);
#9111 = DRAUGHTING_PRE_DEFINED_CURVE_FONT('continuous');
#9112 = STYLED_ITEM('color',(#9113),#2568);
#9113 = PRESENTATION_STYLE_ASSIGNMENT((#9114,#9119));
#9114 = SURFACE_STYLE_USAGE(.BOTH.,#9115);
#9115 = SURFACE_SIDE_STYLE('',(#9116));
#9116 = SURFACE_STYLE_FILL_AREA(#9117);
#9117 = FILL_AREA_STYLE('',(#9118));
#9118 = FILL_AREA_STYLE_COLOUR('',#8578);
#9119 = CURVE_STYLE('',#9120,POSITIVE_LENGTH_MEASURE(0.1),#8578);
#9120 = DRAUGHTING_PRE_DEFINED_CURVE_FONT('continuous');
#9121 = STYLED_ITEM('color',(#9122),#2585);
#9122 = PRESENTATION_STYLE_ASSIGNMENT((#9123,#9128));
#9123 = SURFACE_STYLE_USAGE(.BOTH.,#9124);
#9124 = SURFACE_SIDE_STYLE('',(#9125));
#9125 = SURFACE_STYLE_FILL_AREA(#9126);
#9126 = FILL_AREA_STYLE('',(#9127));
#9127 = FILL_AREA_STYLE_COLOUR('',#8578);
#9128 = CURVE_STYLE('',#9129,POSITIVE_LENGTH_MEASURE(0.1),#8578);
#9129 = DRAUGHTING_PRE_DEFINED_CURVE_FONT('continuous');
#9130 = STYLED_ITEM('color',(#9131),#2632);
#9131 = PRESENTATION_STYLE_ASSIGNMENT((#9132,#9137));
#9132 = SURFACE_STYLE_USAGE(.BOTH.,#9133);
#9133 = SURFACE_SIDE_STYLE('',(#9134));
#9134 = SURFACE_STYLE_FILL_AREA(#9135);
#9135 = FILL_AREA_STYLE('',(#9136));
#9136 = FILL_AREA_STYLE_COLOUR('',#8578);
#9137 = CURVE_STYLE('',#9138,POSITIVE_LENGTH_MEASURE(0.1),#8578);
#9138 = DRAUGHTING_PRE_DEFINED_CURVE_FONT('continuous');
#9139 = STYLED_ITEM('color',(#9140),#2649);
#9140 = PRESENTATION_STYLE_ASSIGNMENT((#9141,#9146));
#9141 = SURFACE_STYLE_USAGE(.BOTH.,#9142);
#9142 = SURFACE_SIDE_STYLE('',(#9143));
#9143 = SURFACE_STYLE_FILL_AREA(#9144);
#9144 = FILL_AREA_STYLE('',(#9145));
#9145 = FILL_AREA_STYLE_COLOUR('',#8578);
#9146 = CURVE_STYLE('',#9147,POSITIVE_LENGTH_MEASURE(0.1),#8578);
#9147 = DRAUGHTING_PRE_DEFINED_CURVE_FONT('continuous');
#9148 = STYLED_ITEM('color',(#9149),#2696);
#9149 = PRESENTATION_STYLE_ASSIGNMENT((#9150,#9155));
#9150 = SURFACE_STYLE_USAGE(.BOTH.,#9151);
#9151 = SURFACE_SIDE_STYLE('',(#9152));
#9152 = SURFACE_STYLE_FILL_AREA(#9153);
#9153 = FILL_AREA_STYLE('',(#9154));
#9154 = FILL_AREA_STYLE_COLOUR('',#8578);
#9155 = CURVE_STYLE('',#9156,POSITIVE_LENGTH_MEASURE(0.1),#8578);
#9156 = DRAUGHTING_PRE_DEFINED_CURVE_FONT('continuous');
#9157 = STYLED_ITEM('color',(#9158),#2713);
#9158 = PRESENTATION_STYLE_ASSIGNMENT((#9159,#9164));
#9159 = SURFACE_STYLE_USAGE(.BOTH.,#9160);
#9160 = SURFACE_SIDE_STYLE('',(#9161));
#9161 = SURFACE_STYLE_FILL_AREA(#9162);
#9162 = FILL_AREA_STYLE('',(#9163));
#9163 = FILL_AREA_STYLE_COLOUR('',#8578);
#9164 = CURVE_STYLE('',#9165,POSITIVE_LENGTH_MEASURE(0.1),#8578);
#9165 = DRAUGHTING_PRE_DEFINED_CURVE_FONT('continuous');
#9166 = STYLED_ITEM('color',(#9167),#2760);
#9167 = PRESENTATION_STYLE_ASSIGNMENT((#9168,#9173));
#9168 = SURFACE_STYLE_USAGE(.BOTH.,#9169);
#9169 = SURFACE_SIDE_STYLE('',(#9170));
#9170 = SURFACE_STYLE_FILL_AREA(#9171);
#9171 = FILL_AREA_STYLE('',(#9172));
#9172 = FILL_AREA_STYLE_COLOUR('',#8578);
#9173 = CURVE_STYLE('',#9174,POSITIVE_LENGTH_MEASURE(0.1),#8578);
#9174 = DRAUGHTING_PRE_DEFINED_CURVE_FONT('continuous');
#9175 = STYLED_ITEM('color',(#9176),#2777);
#9176 = PRESENTATION_STYLE_ASSIGNMENT((#9177,#9182));
#9177 = SURFACE_STYLE_USAGE(.BOTH.,#9178);
#9178 = SURFACE_SIDE_STYLE('',(#9179));
#9179 = SURFACE_STYLE_FILL_AREA(#9180);
#9180 = FILL_AREA_STYLE('',(#9181));
#9181 = FILL_AREA_STYLE_COLOUR('',#8578);
#9182 = CURVE_STYLE('',#9183,POSITIVE_LENGTH_MEASURE(0.1),#8578);
#9183 = DRAUGHTING_PRE_DEFINED_CURVE_FONT('continuous');
#9184 = STYLED_ITEM('color',(#9185),#2824);
#9185 = PRESENTATION_STYLE_ASSIGNMENT((#9186,#9191));
#9186 = SURFACE_STYLE_USAGE(.BOTH.,#9187);
#9187 = SURFACE_SIDE_STYLE('',(#9188));
#9188 = SURFACE_STYLE_FILL_AREA(#9189);
#9189 = FILL_AREA_STYLE('',(#9190));
#9190 = FILL_AREA_STYLE_COLOUR('',#8578);
#9191 = CURVE_STYLE('',#9192,POSITIVE_LENGTH_MEASURE(0.1),#8578);
#9192 = DRAUGHTING_PRE_DEFINED_CURVE_FONT('continuous');
#9193 = STYLED_ITEM('color',(#9194),#2841);
#9194 = PRESENTATION_STYLE_ASSIGNMENT((#9195,#9200));
#9195 = SURFACE_STYLE_USAGE(.BOTH.,#9196);
#9196 = SURFACE_SIDE_STYLE('',(#9197));
#9197 = SURFACE_STYLE_FILL_AREA(#9198);
#9198 = FILL_AREA_STYLE('',(#9199));
#9199 = FILL_AREA_STYLE_COLOUR('',#8578);
#9200 = CURVE_STYLE('',#9201,POSITIVE_LENGTH_MEASURE(0.1),#8578);
#9201 = DRAUGHTING_PRE_DEFINED_CURVE_FONT('continuous');
#9202 = STYLED_ITEM('color',(#9203),#2888);
#9203 = PRESENTATION_STYLE_ASSIGNMENT((#9204,#9209));
#9204 = SURFACE_STYLE_USAGE(.BOTH.,#9205);
#9205 = SURFACE_SIDE_STYLE('',(#9206));
#9206 = SURFACE_STYLE_FILL_AREA(#9207);
#9207 = FILL_AREA_STYLE('',(#9208));
#9208 = FILL_AREA_STYLE_COLOUR('',#8578);
#9209 = CURVE_STYLE('',#9210,POSITIVE_LENGTH_MEASURE(0.1),#8578);
#9210 = DRAUGHTING_PRE_DEFINED_CURVE_FONT('continuous');
#9211 = STYLED_ITEM('color',(#9212),#2905);
#9212 = PRESENTATION_STYLE_ASSIGNMENT((#9213,#9218));
#9213 = SURFACE_STYLE_USAGE(.BOTH.,#9214);
#9214 = SURFACE_SIDE_STYLE('',(#9215));
#9215 = SURFACE_STYLE_FILL_AREA(#9216);
#9216 = FILL_AREA_STYLE('',(#9217));
#9217 = FILL_AREA_STYLE_COLOUR('',#8578);
#9218 = CURVE_STYLE('',#9219,POSITIVE_LENGTH_MEASURE(0.1),#8578);
#9219 = DRAUGHTING_PRE_DEFINED_CURVE_FONT('continuous');
#9220 = STYLED_ITEM('color',(#9221),#2952);
#9221 = PRESENTATION_STYLE_ASSIGNMENT((#9222,#9227));
#9222 = SURFACE_STYLE_USAGE(.BOTH.,#9223);
#9223 = SURFACE_SIDE_STYLE('',(#9224));
#9224 = SURFACE_STYLE_FILL_AREA(#9225);
#9225 = FILL_AREA_STYLE('',(#9226));
#9226 = FILL_AREA_STYLE_COLOUR('',#8578);
#9227 = CURVE_STYLE('',#9228,POSITIVE_LENGTH_MEASURE(0.1),#8578);
#9228 = DRAUGHTING_PRE_DEFINED_CURVE_FONT('continuous');
#9229 = STYLED_ITEM('color',(#9230),#2969);
#9230 = PRESENTATION_STYLE_ASSIGNMENT((#9231,#9236));
#9231 = SURFACE_STYLE_USAGE(.BOTH.,#9232);
#9232 = SURFACE_SIDE_STYLE('',(#9233));
#9233 = SURFACE_STYLE_FILL_AREA(#9234);
#9234 = FILL_AREA_STYLE('',(#9235));
#9235 = FILL_AREA_STYLE_COLOUR('',#8578);
#9236 = CURVE_STYLE('',#9237,POSITIVE_LENGTH_MEASURE(0.1),#8578);
#9237 = DRAUGHTING_PRE_DEFINED_CURVE_FONT('continuous');
#9238 = STYLED_ITEM('color',(#9239),#3016);
#9239 = PRESENTATION_STYLE_ASSIGNMENT((#9240,#9245));
#9240 = SURFACE_STYLE_USAGE(.BOTH.,#9241);
#9241 = SURFACE_SIDE_STYLE('',(#9242));
#9242 = SURFACE_STYLE_FILL_AREA(#9243);
#9243 = FILL_AREA_STYLE('',(#9244));
#9244 = FILL_AREA_STYLE_COLOUR('',#8578);
#9245 = CURVE_STYLE('',#9246,POSITIVE_LENGTH_MEASURE(0.1),#8578);
#9246 = DRAUGHTING_PRE_DEFINED_CURVE_FONT('continuous');
#9247 = STYLED_ITEM('color',(#9248),#3033);
#9248 = PRESENTATION_STYLE_ASSIGNMENT((#9249,#9254));
#9249 = SURFACE_STYLE_USAGE(.BOTH.,#9250);
#9250 = SURFACE_SIDE_STYLE('',(#9251));
#9251 = SURFACE_STYLE_FILL_AREA(#9252);
#9252 = FILL_AREA_STYLE('',(#9253));
#9253 = FILL_AREA_STYLE_COLOUR('',#8578);
#9254 = CURVE_STYLE('',#9255,POSITIVE_LENGTH_MEASURE(0.1),#8578);
#9255 = DRAUGHTING_PRE_DEFINED_CURVE_FONT('continuous');
#9256 = STYLED_ITEM('color',(#9257),#3080);
#9257 = PRESENTATION_STYLE_ASSIGNMENT((#9258,#9263));
#9258 = SURFACE_STYLE_USAGE(.BOTH.,#9259);
#9259 = SURFACE_SIDE_STYLE('',(#9260));
#9260 = SURFACE_STYLE_FILL_AREA(#9261);
#9261 = FILL_AREA_STYLE('',(#9262));
#9262 = FILL_AREA_STYLE_COLOUR('',#8578);
#9263 = CURVE_STYLE('',#9264,POSITIVE_LENGTH_MEASURE(0.1),#8578);
#9264 = DRAUGHTING_PRE_DEFINED_CURVE_FONT('continuous');
#9265 = STYLED_ITEM('color',(#9266),#3097);
#9266 = PRESENTATION_STYLE_ASSIGNMENT((#9267,#9272));
#9267 = SURFACE_STYLE_USAGE(.BOTH.,#9268);
#9268 = SURFACE_SIDE_STYLE('',(#9269));
#9269 = SURFACE_STYLE_FILL_AREA(#9270);
#9270 = FILL_AREA_STYLE('',(#9271));
#9271 = FILL_AREA_STYLE_COLOUR('',#8578);
#9272 = CURVE_STYLE('',#9273,POSITIVE_LENGTH_MEASURE(0.1),#8578);
#9273 = DRAUGHTING_PRE_DEFINED_CURVE_FONT('continuous');
#9274 = STYLED_ITEM('color',(#9275),#3144);
#9275 = PRESENTATION_STYLE_ASSIGNMENT((#9276,#9281));
#9276 = SURFACE_STYLE_USAGE(.BOTH.,#9277);
#9277 = SURFACE_SIDE_STYLE('',(#9278));
#9278 = SURFACE_STYLE_FILL_AREA(#9279);
#9279 = FILL_AREA_STYLE('',(#9280));
#9280 = FILL_AREA_STYLE_COLOUR('',#8578);
#9281 = CURVE_STYLE('',#9282,POSITIVE_LENGTH_MEASURE(0.1),#8578);
#9282 = DRAUGHTING_PRE_DEFINED_CURVE_FONT('continuous');
#9283 = STYLED_ITEM('color',(#9284),#3161);
#9284 = PRESENTATION_STYLE_ASSIGNMENT((#9285,#9290));
#9285 = SURFACE_STYLE_USAGE(.BOTH.,#9286);
#9286 = SURFACE_SIDE_STYLE('',(#9287));
#9287 = SURFACE_STYLE_FILL_AREA(#9288);
#9288 = FILL_AREA_STYLE('',(#9289));
#9289 = FILL_AREA_STYLE_COLOUR('',#8578);
#9290 = CURVE_STYLE('',#9291,POSITIVE_LENGTH_MEASURE(0.1),#8578);
#9291 = DRAUGHTING_PRE_DEFINED_CURVE_FONT('continuous');
#9292 = STYLED_ITEM('color',(#9293),#3208);
#9293 = PRESENTATION_STYLE_ASSIGNMENT((#9294,#9299));
#9294 = SURFACE_STYLE_USAGE(.BOTH.,#9295);
#9295 = SURFACE_SIDE_STYLE('',(#9296));
#9296 = SURFACE_STYLE_FILL_AREA(#9297);
#9297 = FILL_AREA_STYLE('',(#9298));
#9298 = FILL_AREA_STYLE_COLOUR('',#8578);
#9299 = CURVE_STYLE('',#9300,POSITIVE_LENGTH_MEASURE(0.1),#8578);
#9300 = DRAUGHTING_PRE_DEFINED_CURVE_FONT('continuous');
#9301 = STYLED_ITEM('color',(#9302),#3225);
#9302 = PRESENTATION_STYLE_ASSIGNMENT((#9303,#9308));
#9303 = SURFACE_STYLE_USAGE(.BOTH.,#9304);
#9304 = SURFACE_SIDE_STYLE('',(#9305));
#9305 = SURFACE_STYLE_FILL_AREA(#9306);
#9306 = FILL_AREA_STYLE('',(#9307));
#9307 = FILL_AREA_STYLE_COLOUR('',#8578);
#9308 = CURVE_STYLE('',#9309,POSITIVE_LENGTH_MEASURE(0.1),#8578);
#9309 = DRAUGHTING_PRE_DEFINED_CURVE_FONT('continuous');
#9310 = STYLED_ITEM('color',(#9311),#3272);
#9311 = PRESENTATION_STYLE_ASSIGNMENT((#9312,#9317));
#9312 = SURFACE_STYLE_USAGE(.BOTH.,#9313);
#9313 = SURFACE_SIDE_STYLE('',(#9314));
#9314 = SURFACE_STYLE_FILL_AREA(#9315);
#9315 = FILL_AREA_STYLE('',(#9316));
#9316 = FILL_AREA_STYLE_COLOUR('',#8402);
#9317 = CURVE_STYLE('',#9318,POSITIVE_LENGTH_MEASURE(0.1),#8402);
#9318 = DRAUGHTING_PRE_DEFINED_CURVE_FONT('continuous');
#9319 = STYLED_ITEM('color',(#9320),#3303);
#9320 = PRESENTATION_STYLE_ASSIGNMENT((#9321,#9326));
#9321 = SURFACE_STYLE_USAGE(.BOTH.,#9322);
#9322 = SURFACE_SIDE_STYLE('',(#9323));
#9323 = SURFACE_STYLE_FILL_AREA(#9324);
#9324 = FILL_AREA_STYLE('',(#9325));
#9325 = FILL_AREA_STYLE_COLOUR('',#8402);
#9326 = CURVE_STYLE('',#9327,POSITIVE_LENGTH_MEASURE(0.1),#8402);
#9327 = DRAUGHTING_PRE_DEFINED_CURVE_FONT('continuous');
#9328 = OVER_RIDING_STYLED_ITEM('overriding color',(#9329),#3317,#9319);
#9329 = PRESENTATION_STYLE_ASSIGNMENT((#9330,#9335));
#9330 = SURFACE_STYLE_USAGE(.BOTH.,#9331);
#9331 = SURFACE_SIDE_STYLE('',(#9332));
#9332 = SURFACE_STYLE_FILL_AREA(#9333);
#9333 = FILL_AREA_STYLE('',(#9334));
#9334 = FILL_AREA_STYLE_COLOUR('',#8578);
#9335 = CURVE_STYLE('',#9336,POSITIVE_LENGTH_MEASURE(0.1),#8578);
#9336 = DRAUGHTING_PRE_DEFINED_CURVE_FONT('continuous');
#9337 = OVER_RIDING_STYLED_ITEM('overriding color',(#9338),#3333,#9319);
#9338 = PRESENTATION_STYLE_ASSIGNMENT((#9339,#9344));
#9339 = SURFACE_STYLE_USAGE(.BOTH.,#9340);
#9340 = SURFACE_SIDE_STYLE('',(#9341));
#9341 = SURFACE_STYLE_FILL_AREA(#9342);
#9342 = FILL_AREA_STYLE('',(#9343));
#9343 = FILL_AREA_STYLE_COLOUR('',#8578);
#9344 = CURVE_STYLE('',#9345,POSITIVE_LENGTH_MEASURE(0.1),#8578);
#9345 = DRAUGHTING_PRE_DEFINED_CURVE_FONT('continuous');
#9346 = STYLED_ITEM('color',(#9347),#3359);
#9347 = PRESENTATION_STYLE_ASSIGNMENT((#9348,#9353));
#9348 = SURFACE_STYLE_USAGE(.BOTH.,#9349);
#9349 = SURFACE_SIDE_STYLE('',(#9350));
#9350 = SURFACE_STYLE_FILL_AREA(#9351);
#9351 = FILL_AREA_STYLE('',(#9352));
#9352 = FILL_AREA_STYLE_COLOUR('',#8402);
#9353 = CURVE_STYLE('',#9354,POSITIVE_LENGTH_MEASURE(0.1),#8402);
#9354 = DRAUGHTING_PRE_DEFINED_CURVE_FONT('continuous');
#9355 = STYLED_ITEM('color',(#9356),#3383);
#9356 = PRESENTATION_STYLE_ASSIGNMENT((#9357,#9362));
#9357 = SURFACE_STYLE_USAGE(.BOTH.,#9358);
#9358 = SURFACE_SIDE_STYLE('',(#9359));
#9359 = SURFACE_STYLE_FILL_AREA(#9360);
#9360 = FILL_AREA_STYLE('',(#9361));
#9361 = FILL_AREA_STYLE_COLOUR('',#8402);
#9362 = CURVE_STYLE('',#9363,POSITIVE_LENGTH_MEASURE(0.1),#8402);
#9363 = DRAUGHTING_PRE_DEFINED_CURVE_FONT('continuous');
#9364 = OVER_RIDING_STYLED_ITEM('overriding color',(#9365),#3397,#9355);
#9365 = PRESENTATION_STYLE_ASSIGNMENT((#9366,#9371));
#9366 = SURFACE_STYLE_USAGE(.BOTH.,#9367);
#9367 = SURFACE_SIDE_STYLE('',(#9368));
#9368 = SURFACE_STYLE_FILL_AREA(#9369);
#9369 = FILL_AREA_STYLE('',(#9370));
#9370 = FILL_AREA_STYLE_COLOUR('',#8578);
#9371 = CURVE_STYLE('',#9372,POSITIVE_LENGTH_MEASURE(0.1),#8578);
#9372 = DRAUGHTING_PRE_DEFINED_CURVE_FONT('continuous');
#9373 = OVER_RIDING_STYLED_ITEM('overriding color',(#9374),#3413,#9355);
#9374 = PRESENTATION_STYLE_ASSIGNMENT((#9375,#9380));
#9375 = SURFACE_STYLE_USAGE(.BOTH.,#9376);
#9376 = SURFACE_SIDE_STYLE('',(#9377));
#9377 = SURFACE_STYLE_FILL_AREA(#9378);
#9378 = FILL_AREA_STYLE('',(#9379));
#9379 = FILL_AREA_STYLE_COLOUR('',#8578);
#9380 = CURVE_STYLE('',#9381,POSITIVE_LENGTH_MEASURE(0.1),#8578);
#9381 = DRAUGHTING_PRE_DEFINED_CURVE_FONT('continuous');
#9382 = STYLED_ITEM('color',(#9383),#3432);
#9383 = PRESENTATION_STYLE_ASSIGNMENT((#9384,#9389));
#9384 = SURFACE_STYLE_USAGE(.BOTH.,#9385);
#9385 = SURFACE_SIDE_STYLE('',(#9386));
#9386 = SURFACE_STYLE_FILL_AREA(#9387);
#9387 = FILL_AREA_STYLE('',(#9388));
#9388 = FILL_AREA_STYLE_COLOUR('',#8402);
#9389 = CURVE_STYLE('',#9390,POSITIVE_LENGTH_MEASURE(0.1),#8402);
#9390 = DRAUGHTING_PRE_DEFINED_CURVE_FONT('continuous');
#9391 = STYLED_ITEM('color',(#9392),#3463);
#9392 = PRESENTATION_STYLE_ASSIGNMENT((#9393,#9398));
#9393 = SURFACE_STYLE_USAGE(.BOTH.,#9394);
#9394 = SURFACE_SIDE_STYLE('',(#9395));
#9395 = SURFACE_STYLE_FILL_AREA(#9396);
#9396 = FILL_AREA_STYLE('',(#9397));
#9397 = FILL_AREA_STYLE_COLOUR('',#8402);
#9398 = CURVE_STYLE('',#9399,POSITIVE_LENGTH_MEASURE(0.1),#8402);
#9399 = DRAUGHTING_PRE_DEFINED_CURVE_FONT('continuous');
#9400 = OVER_RIDING_STYLED_ITEM('overriding color',(#9401),#3477,#9391);
#9401 = PRESENTATION_STYLE_ASSIGNMENT((#9402,#9407));
#9402 = SURFACE_STYLE_USAGE(.BOTH.,#9403);
#9403 = SURFACE_SIDE_STYLE('',(#9404));
#9404 = SURFACE_STYLE_FILL_AREA(#9405);
#9405 = FILL_AREA_STYLE('',(#9406));
#9406 = FILL_AREA_STYLE_COLOUR('',#8578);
#9407 = CURVE_STYLE('',#9408,POSITIVE_LENGTH_MEASURE(0.1),#8578);
#9408 = DRAUGHTING_PRE_DEFINED_CURVE_FONT('continuous');
#9409 = OVER_RIDING_STYLED_ITEM('overriding color',(#9410),#3493,#9391);
#9410 = PRESENTATION_STYLE_ASSIGNMENT((#9411,#9416));
#9411 = SURFACE_STYLE_USAGE(.BOTH.,#9412);
#9412 = SURFACE_SIDE_STYLE('',(#9413));
#9413 = SURFACE_STYLE_FILL_AREA(#9414);
#9414 = FILL_AREA_STYLE('',(#9415));
#9415 = FILL_AREA_STYLE_COLOUR('',#8578);
#9416 = CURVE_STYLE('',#9417,POSITIVE_LENGTH_MEASURE(0.1),#8578);
#9417 = DRAUGHTING_PRE_DEFINED_CURVE_FONT('continuous');
#9418 = STYLED_ITEM('color',(#9419),#3519);
#9419 = PRESENTATION_STYLE_ASSIGNMENT((#9420,#9425));
#9420 = SURFACE_STYLE_USAGE(.BOTH.,#9421);
#9421 = SURFACE_SIDE_STYLE('',(#9422));
#9422 = SURFACE_STYLE_FILL_AREA(#9423);
#9423 = FILL_AREA_STYLE('',(#9424));
#9424 = FILL_AREA_STYLE_COLOUR('',#8402);
#9425 = CURVE_STYLE('',#9426,POSITIVE_LENGTH_MEASURE(0.1),#8402);
#9426 = DRAUGHTING_PRE_DEFINED_CURVE_FONT('continuous');
#9427 = STYLED_ITEM('color',(#9428),#3543);
#9428 = PRESENTATION_STYLE_ASSIGNMENT((#9429,#9434));
#9429 = SURFACE_STYLE_USAGE(.BOTH.,#9430);
#9430 = SURFACE_SIDE_STYLE('',(#9431));
#9431 = SURFACE_STYLE_FILL_AREA(#9432);
#9432 = FILL_AREA_STYLE('',(#9433));
#9433 = FILL_AREA_STYLE_COLOUR('',#8402);
#9434 = CURVE_STYLE('',#9435,POSITIVE_LENGTH_MEASURE(0.1),#8402);
#9435 = DRAUGHTING_PRE_DEFINED_CURVE_FONT('continuous');
#9436 = OVER_RIDING_STYLED_ITEM('overriding color',(#9437),#3557,#9427);
#9437 = PRESENTATION_STYLE_ASSIGNMENT((#9438,#9443));
#9438 = SURFACE_STYLE_USAGE(.BOTH.,#9439);
#9439 = SURFACE_SIDE_STYLE('',(#9440));
#9440 = SURFACE_STYLE_FILL_AREA(#9441);
#9441 = FILL_AREA_STYLE('',(#9442));
#9442 = FILL_AREA_STYLE_COLOUR('',#8578);
#9443 = CURVE_STYLE('',#9444,POSITIVE_LENGTH_MEASURE(0.1),#8578);
#9444 = DRAUGHTING_PRE_DEFINED_CURVE_FONT('continuous');
#9445 = OVER_RIDING_STYLED_ITEM('overriding color',(#9446),#3573,#9427);
#9446 = PRESENTATION_STYLE_ASSIGNMENT((#9447,#9452));
#9447 = SURFACE_STYLE_USAGE(.BOTH.,#9448);
#9448 = SURFACE_SIDE_STYLE('',(#9449));
#9449 = SURFACE_STYLE_FILL_AREA(#9450);
#9450 = FILL_AREA_STYLE('',(#9451));
#9451 = FILL_AREA_STYLE_COLOUR('',#8578);
#9452 = CURVE_STYLE('',#9453,POSITIVE_LENGTH_MEASURE(0.1),#8578);
#9453 = DRAUGHTING_PRE_DEFINED_CURVE_FONT('continuous');
#9454 = STYLED_ITEM('color',(#9455),#3592);
#9455 = PRESENTATION_STYLE_ASSIGNMENT((#9456,#9461));
#9456 = SURFACE_STYLE_USAGE(.BOTH.,#9457);
#9457 = SURFACE_SIDE_STYLE('',(#9458));
#9458 = SURFACE_STYLE_FILL_AREA(#9459);
#9459 = FILL_AREA_STYLE('',(#9460));
#9460 = FILL_AREA_STYLE_COLOUR('',#8402);
#9461 = CURVE_STYLE('',#9462,POSITIVE_LENGTH_MEASURE(0.1),#8402);
#9462 = DRAUGHTING_PRE_DEFINED_CURVE_FONT('continuous');
#9463 = STYLED_ITEM('color',(#9464),#3623);
#9464 = PRESENTATION_STYLE_ASSIGNMENT((#9465,#9470));
#9465 = SURFACE_STYLE_USAGE(.BOTH.,#9466);
#9466 = SURFACE_SIDE_STYLE('',(#9467));
#9467 = SURFACE_STYLE_FILL_AREA(#9468);
#9468 = FILL_AREA_STYLE('',(#9469));
#9469 = FILL_AREA_STYLE_COLOUR('',#8402);
#9470 = CURVE_STYLE('',#9471,POSITIVE_LENGTH_MEASURE(0.1),#8402);
#9471 = DRAUGHTING_PRE_DEFINED_CURVE_FONT('continuous');
#9472 = OVER_RIDING_STYLED_ITEM('overriding color',(#9473),#3637,#9463);
#9473 = PRESENTATION_STYLE_ASSIGNMENT((#9474,#9479));
#9474 = SURFACE_STYLE_USAGE(.BOTH.,#9475);
#9475 = SURFACE_SIDE_STYLE('',(#9476));
#9476 = SURFACE_STYLE_FILL_AREA(#9477);
#9477 = FILL_AREA_STYLE('',(#9478));
#9478 = FILL_AREA_STYLE_COLOUR('',#8578);
#9479 = CURVE_STYLE('',#9480,POSITIVE_LENGTH_MEASURE(0.1),#8578);
#9480 = DRAUGHTING_PRE_DEFINED_CURVE_FONT('continuous');
#9481 = OVER_RIDING_STYLED_ITEM('overriding color',(#9482),#3653,#9463);
#9482 = PRESENTATION_STYLE_ASSIGNMENT((#9483,#9488));
#9483 = SURFACE_STYLE_USAGE(.BOTH.,#9484);
#9484 = SURFACE_SIDE_STYLE('',(#9485));
#9485 = SURFACE_STYLE_FILL_AREA(#9486);
#9486 = FILL_AREA_STYLE('',(#9487));
#9487 = FILL_AREA_STYLE_COLOUR('',#8578);
#9488 = CURVE_STYLE('',#9489,POSITIVE_LENGTH_MEASURE(0.1),#8578);
#9489 = DRAUGHTING_PRE_DEFINED_CURVE_FONT('continuous');
#9490 = STYLED_ITEM('color',(#9491),#3679);
#9491 = PRESENTATION_STYLE_ASSIGNMENT((#9492,#9497));
#9492 = SURFACE_STYLE_USAGE(.BOTH.,#9493);
#9493 = SURFACE_SIDE_STYLE('',(#9494));
#9494 = SURFACE_STYLE_FILL_AREA(#9495);
#9495 = FILL_AREA_STYLE('',(#9496));
#9496 = FILL_AREA_STYLE_COLOUR('',#8402);
#9497 = CURVE_STYLE('',#9498,POSITIVE_LENGTH_MEASURE(0.1),#8402);
#9498 = DRAUGHTING_PRE_DEFINED_CURVE_FONT('continuous');
#9499 = STYLED_ITEM('color',(#9500),#3703);
#9500 = PRESENTATION_STYLE_ASSIGNMENT((#9501,#9506));
#9501 = SURFACE_STYLE_USAGE(.BOTH.,#9502);
#9502 = SURFACE_SIDE_STYLE('',(#9503));
#9503 = SURFACE_STYLE_FILL_AREA(#9504);
#9504 = FILL_AREA_STYLE('',(#9505));
#9505 = FILL_AREA_STYLE_COLOUR('',#8402);
#9506 = CURVE_STYLE('',#9507,POSITIVE_LENGTH_MEASURE(0.1),#8402);
#9507 = DRAUGHTING_PRE_DEFINED_CURVE_FONT('continuous');
#9508 = OVER_RIDING_STYLED_ITEM('overriding color',(#9509),#3717,#9499);
#9509 = PRESENTATION_STYLE_ASSIGNMENT((#9510,#9515));
#9510 = SURFACE_STYLE_USAGE(.BOTH.,#9511);
#9511 = SURFACE_SIDE_STYLE('',(#9512));
#9512 = SURFACE_STYLE_FILL_AREA(#9513);
#9513 = FILL_AREA_STYLE('',(#9514));
#9514 = FILL_AREA_STYLE_COLOUR('',#8578);
#9515 = CURVE_STYLE('',#9516,POSITIVE_LENGTH_MEASURE(0.1),#8578);
#9516 = DRAUGHTING_PRE_DEFINED_CURVE_FONT('continuous');
#9517 = OVER_RIDING_STYLED_ITEM('overriding color',(#9518),#3733,#9499);
#9518 = PRESENTATION_STYLE_ASSIGNMENT((#9519,#9524));
#9519 = SURFACE_STYLE_USAGE(.BOTH.,#9520);
#9520 = SURFACE_SIDE_STYLE('',(#9521));
#9521 = SURFACE_STYLE_FILL_AREA(#9522);
#9522 = FILL_AREA_STYLE('',(#9523));
#9523 = FILL_AREA_STYLE_COLOUR('',#8578);
#9524 = CURVE_STYLE('',#9525,POSITIVE_LENGTH_MEASURE(0.1),#8578);
#9525 = DRAUGHTING_PRE_DEFINED_CURVE_FONT('continuous');
#9526 = STYLED_ITEM('color',(#9527),#3752);
#9527 = PRESENTATION_STYLE_ASSIGNMENT((#9528,#9533));
#9528 = SURFACE_STYLE_USAGE(.BOTH.,#9529);
#9529 = SURFACE_SIDE_STYLE('',(#9530));
#9530 = SURFACE_STYLE_FILL_AREA(#9531);
#9531 = FILL_AREA_STYLE('',(#9532));
#9532 = FILL_AREA_STYLE_COLOUR('',#8402);
#9533 = CURVE_STYLE('',#9534,POSITIVE_LENGTH_MEASURE(0.1),#8402);
#9534 = DRAUGHTING_PRE_DEFINED_CURVE_FONT('continuous');
#9535 = STYLED_ITEM('color',(#9536),#3783);
#9536 = PRESENTATION_STYLE_ASSIGNMENT((#9537,#9542));
#9537 = SURFACE_STYLE_USAGE(.BOTH.,#9538);
#9538 = SURFACE_SIDE_STYLE('',(#9539));
#9539 = SURFACE_STYLE_FILL_AREA(#9540);
#9540 = FILL_AREA_STYLE('',(#9541));
#9541 = FILL_AREA_STYLE_COLOUR('',#8402);
#9542 = CURVE_STYLE('',#9543,POSITIVE_LENGTH_MEASURE(0.1),#8402);
#9543 = DRAUGHTING_PRE_DEFINED_CURVE_FONT('continuous');
#9544 = OVER_RIDING_STYLED_ITEM('overriding color',(#9545),#3797,#9535);
#9545 = PRESENTATION_STYLE_ASSIGNMENT((#9546,#9551));
#9546 = SURFACE_STYLE_USAGE(.BOTH.,#9547);
#9547 = SURFACE_SIDE_STYLE('',(#9548));
#9548 = SURFACE_STYLE_FILL_AREA(#9549);
#9549 = FILL_AREA_STYLE('',(#9550));
#9550 = FILL_AREA_STYLE_COLOUR('',#8578);
#9551 = CURVE_STYLE('',#9552,POSITIVE_LENGTH_MEASURE(0.1),#8578);
#9552 = DRAUGHTING_PRE_DEFINED_CURVE_FONT('continuous');
#9553 = OVER_RIDING_STYLED_ITEM('overriding color',(#9554),#3813,#9535);
#9554 = PRESENTATION_STYLE_ASSIGNMENT((#9555,#9560));
#9555 = SURFACE_STYLE_USAGE(.BOTH.,#9556);
#9556 = SURFACE_SIDE_STYLE('',(#9557));
#9557 = SURFACE_STYLE_FILL_AREA(#9558);
#9558 = FILL_AREA_STYLE('',(#9559));
#9559 = FILL_AREA_STYLE_COLOUR('',#8578);
#9560 = CURVE_STYLE('',#9561,POSITIVE_LENGTH_MEASURE(0.1),#8578);
#9561 = DRAUGHTING_PRE_DEFINED_CURVE_FONT('continuous');
#9562 = STYLED_ITEM('color',(#9563),#3839);
#9563 = PRESENTATION_STYLE_ASSIGNMENT((#9564,#9569));
#9564 = SURFACE_STYLE_USAGE(.BOTH.,#9565);
#9565 = SURFACE_SIDE_STYLE('',(#9566));
#9566 = SURFACE_STYLE_FILL_AREA(#9567);
#9567 = FILL_AREA_STYLE('',(#9568));
#9568 = FILL_AREA_STYLE_COLOUR('',#8402);
#9569 = CURVE_STYLE('',#9570,POSITIVE_LENGTH_MEASURE(0.1),#8402);
#9570 = DRAUGHTING_PRE_DEFINED_CURVE_FONT('continuous');
#9571 = STYLED_ITEM('color',(#9572),#3863);
#9572 = PRESENTATION_STYLE_ASSIGNMENT((#9573,#9578));
#9573 = SURFACE_STYLE_USAGE(.BOTH.,#9574);
#9574 = SURFACE_SIDE_STYLE('',(#9575));
#9575 = SURFACE_STYLE_FILL_AREA(#9576);
#9576 = FILL_AREA_STYLE('',(#9577));
#9577 = FILL_AREA_STYLE_COLOUR('',#8402);
#9578 = CURVE_STYLE('',#9579,POSITIVE_LENGTH_MEASURE(0.1),#8402);
#9579 = DRAUGHTING_PRE_DEFINED_CURVE_FONT('continuous');
#9580 = OVER_RIDING_STYLED_ITEM('overriding color',(#9581),#3877,#9571);
#9581 = PRESENTATION_STYLE_ASSIGNMENT((#9582,#9587));
#9582 = SURFACE_STYLE_USAGE(.BOTH.,#9583);
#9583 = SURFACE_SIDE_STYLE('',(#9584));
#9584 = SURFACE_STYLE_FILL_AREA(#9585);
#9585 = FILL_AREA_STYLE('',(#9586));
#9586 = FILL_AREA_STYLE_COLOUR('',#8578);
#9587 = CURVE_STYLE('',#9588,POSITIVE_LENGTH_MEASURE(0.1),#8578);
#9588 = DRAUGHTING_PRE_DEFINED_CURVE_FONT('continuous');
#9589 = OVER_RIDING_STYLED_ITEM('overriding color',(#9590),#3893,#9571);
#9590 = PRESENTATION_STYLE_ASSIGNMENT((#9591,#9596));
#9591 = SURFACE_STYLE_USAGE(.BOTH.,#9592);
#9592 = SURFACE_SIDE_STYLE('',(#9593));
#9593 = SURFACE_STYLE_FILL_AREA(#9594);
#9594 = FILL_AREA_STYLE('',(#9595));
#9595 = FILL_AREA_STYLE_COLOUR('',#8578);
#9596 = CURVE_STYLE('',#9597,POSITIVE_LENGTH_MEASURE(0.1),#8578);
#9597 = DRAUGHTING_PRE_DEFINED_CURVE_FONT('continuous');
#9598 = STYLED_ITEM('color',(#9599),#3912);
#9599 = PRESENTATION_STYLE_ASSIGNMENT((#9600,#9605));
#9600 = SURFACE_STYLE_USAGE(.BOTH.,#9601);
#9601 = SURFACE_SIDE_STYLE('',(#9602));
#9602 = SURFACE_STYLE_FILL_AREA(#9603);
#9603 = FILL_AREA_STYLE('',(#9604));
#9604 = FILL_AREA_STYLE_COLOUR('',#8402);
#9605 = CURVE_STYLE('',#9606,POSITIVE_LENGTH_MEASURE(0.1),#8402);
#9606 = DRAUGHTING_PRE_DEFINED_CURVE_FONT('continuous');
#9607 = STYLED_ITEM('color',(#9608),#3943);
#9608 = PRESENTATION_STYLE_ASSIGNMENT((#9609,#9614));
#9609 = SURFACE_STYLE_USAGE(.BOTH.,#9610);
#9610 = SURFACE_SIDE_STYLE('',(#9611));
#9611 = SURFACE_STYLE_FILL_AREA(#9612);
#9612 = FILL_AREA_STYLE('',(#9613));
#9613 = FILL_AREA_STYLE_COLOUR('',#8402);
#9614 = CURVE_STYLE('',#9615,POSITIVE_LENGTH_MEASURE(0.1),#8402);
#9615 = DRAUGHTING_PRE_DEFINED_CURVE_FONT('continuous');
#9616 = OVER_RIDING_STYLED_ITEM('overriding color',(#9617),#3957,#9607);
#9617 = PRESENTATION_STYLE_ASSIGNMENT((#9618,#9623));
#9618 = SURFACE_STYLE_USAGE(.BOTH.,#9619);
#9619 = SURFACE_SIDE_STYLE('',(#9620));
#9620 = SURFACE_STYLE_FILL_AREA(#9621);
#9621 = FILL_AREA_STYLE('',(#9622));
#9622 = FILL_AREA_STYLE_COLOUR('',#8578);
#9623 = CURVE_STYLE('',#9624,POSITIVE_LENGTH_MEASURE(0.1),#8578);
#9624 = DRAUGHTING_PRE_DEFINED_CURVE_FONT('continuous');
#9625 = OVER_RIDING_STYLED_ITEM('overriding color',(#9626),#3973,#9607);
#9626 = PRESENTATION_STYLE_ASSIGNMENT((#9627,#9632));
#9627 = SURFACE_STYLE_USAGE(.BOTH.,#9628);
#9628 = SURFACE_SIDE_STYLE('',(#9629));
#9629 = SURFACE_STYLE_FILL_AREA(#9630);
#9630 = FILL_AREA_STYLE('',(#9631));
#9631 = FILL_AREA_STYLE_COLOUR('',#8578);
#9632 = CURVE_STYLE('',#9633,POSITIVE_LENGTH_MEASURE(0.1),#8578);
#9633 = DRAUGHTING_PRE_DEFINED_CURVE_FONT('continuous');
#9634 = STYLED_ITEM('color',(#9635),#3999);
#9635 = PRESENTATION_STYLE_ASSIGNMENT((#9636,#9641));
#9636 = SURFACE_STYLE_USAGE(.BOTH.,#9637);
#9637 = SURFACE_SIDE_STYLE('',(#9638));
#9638 = SURFACE_STYLE_FILL_AREA(#9639);
#9639 = FILL_AREA_STYLE('',(#9640));
#9640 = FILL_AREA_STYLE_COLOUR('',#8402);
#9641 = CURVE_STYLE('',#9642,POSITIVE_LENGTH_MEASURE(0.1),#8402);
#9642 = DRAUGHTING_PRE_DEFINED_CURVE_FONT('continuous');
#9643 = STYLED_ITEM('color',(#9644),#4023);
#9644 = PRESENTATION_STYLE_ASSIGNMENT((#9645,#9650));
#9645 = SURFACE_STYLE_USAGE(.BOTH.,#9646);
#9646 = SURFACE_SIDE_STYLE('',(#9647));
#9647 = SURFACE_STYLE_FILL_AREA(#9648);
#9648 = FILL_AREA_STYLE('',(#9649));
#9649 = FILL_AREA_STYLE_COLOUR('',#8402);
#9650 = CURVE_STYLE('',#9651,POSITIVE_LENGTH_MEASURE(0.1),#8402);
#9651 = DRAUGHTING_PRE_DEFINED_CURVE_FONT('continuous');
#9652 = OVER_RIDING_STYLED_ITEM('overriding color',(#9653),#4037,#9643);
#9653 = PRESENTATION_STYLE_ASSIGNMENT((#9654,#9659));
#9654 = SURFACE_STYLE_USAGE(.BOTH.,#9655);
#9655 = SURFACE_SIDE_STYLE('',(#9656));
#9656 = SURFACE_STYLE_FILL_AREA(#9657);
#9657 = FILL_AREA_STYLE('',(#9658));
#9658 = FILL_AREA_STYLE_COLOUR('',#8578);
#9659 = CURVE_STYLE('',#9660,POSITIVE_LENGTH_MEASURE(0.1),#8578);
#9660 = DRAUGHTING_PRE_DEFINED_CURVE_FONT('continuous');
#9661 = OVER_RIDING_STYLED_ITEM('overriding color',(#9662),#4053,#9643);
#9662 = PRESENTATION_STYLE_ASSIGNMENT((#9663,#9668));
#9663 = SURFACE_STYLE_USAGE(.BOTH.,#9664);
#9664 = SURFACE_SIDE_STYLE('',(#9665));
#9665 = SURFACE_STYLE_FILL_AREA(#9666);
#9666 = FILL_AREA_STYLE('',(#9667));
#9667 = FILL_AREA_STYLE_COLOUR('',#8578);
#9668 = CURVE_STYLE('',#9669,POSITIVE_LENGTH_MEASURE(0.1),#8578);
#9669 = DRAUGHTING_PRE_DEFINED_CURVE_FONT('continuous');
#9670 = STYLED_ITEM('color',(#9671),#4072);
#9671 = PRESENTATION_STYLE_ASSIGNMENT((#9672,#9677));
#9672 = SURFACE_STYLE_USAGE(.BOTH.,#9673);
#9673 = SURFACE_SIDE_STYLE('',(#9674));
#9674 = SURFACE_STYLE_FILL_AREA(#9675);
#9675 = FILL_AREA_STYLE('',(#9676));
#9676 = FILL_AREA_STYLE_COLOUR('',#8402);
#9677 = CURVE_STYLE('',#9678,POSITIVE_LENGTH_MEASURE(0.1),#8402);
#9678 = DRAUGHTING_PRE_DEFINED_CURVE_FONT('continuous');
#9679 = STYLED_ITEM('color',(#9680),#4103);
#9680 = PRESENTATION_STYLE_ASSIGNMENT((#9681,#9686));
#9681 = SURFACE_STYLE_USAGE(.BOTH.,#9682);
#9682 = SURFACE_SIDE_STYLE('',(#9683));
#9683 = SURFACE_STYLE_FILL_AREA(#9684);
#9684 = FILL_AREA_STYLE('',(#9685));
#9685 = FILL_AREA_STYLE_COLOUR('',#8402);
#9686 = CURVE_STYLE('',#9687,POSITIVE_LENGTH_MEASURE(0.1),#8402);
#9687 = DRAUGHTING_PRE_DEFINED_CURVE_FONT('continuous');
#9688 = OVER_RIDING_STYLED_ITEM('overriding color',(#9689),#4117,#9679);
#9689 = PRESENTATION_STYLE_ASSIGNMENT((#9690,#9695));
#9690 = SURFACE_STYLE_USAGE(.BOTH.,#9691);
#9691 = SURFACE_SIDE_STYLE('',(#9692));
#9692 = SURFACE_STYLE_FILL_AREA(#9693);
#9693 = FILL_AREA_STYLE('',(#9694));
#9694 = FILL_AREA_STYLE_COLOUR('',#8578);
#9695 = CURVE_STYLE('',#9696,POSITIVE_LENGTH_MEASURE(0.1),#8578);
#9696 = DRAUGHTING_PRE_DEFINED_CURVE_FONT('continuous');
#9697 = OVER_RIDING_STYLED_ITEM('overriding color',(#9698),#4133,#9679);
#9698 = PRESENTATION_STYLE_ASSIGNMENT((#9699,#9704));
#9699 = SURFACE_STYLE_USAGE(.BOTH.,#9700);
#9700 = SURFACE_SIDE_STYLE('',(#9701));
#9701 = SURFACE_STYLE_FILL_AREA(#9702);
#9702 = FILL_AREA_STYLE('',(#9703));
#9703 = FILL_AREA_STYLE_COLOUR('',#8578);
#9704 = CURVE_STYLE('',#9705,POSITIVE_LENGTH_MEASURE(0.1),#8578);
#9705 = DRAUGHTING_PRE_DEFINED_CURVE_FONT('continuous');
#9706 = STYLED_ITEM('color',(#9707),#4159);
#9707 = PRESENTATION_STYLE_ASSIGNMENT((#9708,#9713));
#9708 = SURFACE_STYLE_USAGE(.BOTH.,#9709);
#9709 = SURFACE_SIDE_STYLE('',(#9710));
#9710 = SURFACE_STYLE_FILL_AREA(#9711);
#9711 = FILL_AREA_STYLE('',(#9712));
#9712 = FILL_AREA_STYLE_COLOUR('',#8402);
#9713 = CURVE_STYLE('',#9714,POSITIVE_LENGTH_MEASURE(0.1),#8402);
#9714 = DRAUGHTING_PRE_DEFINED_CURVE_FONT('continuous');
#9715 = STYLED_ITEM('color',(#9716),#4183);
#9716 = PRESENTATION_STYLE_ASSIGNMENT((#9717,#9722));
#9717 = SURFACE_STYLE_USAGE(.BOTH.,#9718);
#9718 = SURFACE_SIDE_STYLE('',(#9719));
#9719 = SURFACE_STYLE_FILL_AREA(#9720);
#9720 = FILL_AREA_STYLE('',(#9721));
#9721 = FILL_AREA_STYLE_COLOUR('',#8402);
#9722 = CURVE_STYLE('',#9723,POSITIVE_LENGTH_MEASURE(0.1),#8402);
#9723 = DRAUGHTING_PRE_DEFINED_CURVE_FONT('continuous');
#9724 = OVER_RIDING_STYLED_ITEM('overriding color',(#9725),#4197,#9715);
#9725 = PRESENTATION_STYLE_ASSIGNMENT((#9726,#9731));
#9726 = SURFACE_STYLE_USAGE(.BOTH.,#9727);
#9727 = SURFACE_SIDE_STYLE('',(#9728));
#9728 = SURFACE_STYLE_FILL_AREA(#9729);
#9729 = FILL_AREA_STYLE('',(#9730));
#9730 = FILL_AREA_STYLE_COLOUR('',#8578);
#9731 = CURVE_STYLE('',#9732,POSITIVE_LENGTH_MEASURE(0.1),#8578);
#9732 = DRAUGHTING_PRE_DEFINED_CURVE_FONT('continuous');
#9733 = OVER_RIDING_STYLED_ITEM('overriding color',(#9734),#4213,#9715);
#9734 = PRESENTATION_STYLE_ASSIGNMENT((#9735,#9740));
#9735 = SURFACE_STYLE_USAGE(.BOTH.,#9736);
#9736 = SURFACE_SIDE_STYLE('',(#9737));
#9737 = SURFACE_STYLE_FILL_AREA(#9738);
#9738 = FILL_AREA_STYLE('',(#9739));
#9739 = FILL_AREA_STYLE_COLOUR('',#8578);
#9740 = CURVE_STYLE('',#9741,POSITIVE_LENGTH_MEASURE(0.1),#8578);
#9741 = DRAUGHTING_PRE_DEFINED_CURVE_FONT('continuous');
#9742 = STYLED_ITEM('color',(#9743),#4232);
#9743 = PRESENTATION_STYLE_ASSIGNMENT((#9744,#9749));
#9744 = SURFACE_STYLE_USAGE(.BOTH.,#9745);
#9745 = SURFACE_SIDE_STYLE('',(#9746));
#9746 = SURFACE_STYLE_FILL_AREA(#9747);
#9747 = FILL_AREA_STYLE('',(#9748));
#9748 = FILL_AREA_STYLE_COLOUR('',#8402);
#9749 = CURVE_STYLE('',#9750,POSITIVE_LENGTH_MEASURE(0.1),#8402);
#9750 = DRAUGHTING_PRE_DEFINED_CURVE_FONT('continuous');
#9751 = STYLED_ITEM('color',(#9752),#4263);
#9752 = PRESENTATION_STYLE_ASSIGNMENT((#9753,#9758));
#9753 = SURFACE_STYLE_USAGE(.BOTH.,#9754);
#9754 = SURFACE_SIDE_STYLE('',(#9755));
#9755 = SURFACE_STYLE_FILL_AREA(#9756);
#9756 = FILL_AREA_STYLE('',(#9757));
#9757 = FILL_AREA_STYLE_COLOUR('',#8402);
#9758 = CURVE_STYLE('',#9759,POSITIVE_LENGTH_MEASURE(0.1),#8402);
#9759 = DRAUGHTING_PRE_DEFINED_CURVE_FONT('continuous');
#9760 = OVER_RIDING_STYLED_ITEM('overriding color',(#9761),#4277,#9751);
#9761 = PRESENTATION_STYLE_ASSIGNMENT((#9762,#9767));
#9762 = SURFACE_STYLE_USAGE(.BOTH.,#9763);
#9763 = SURFACE_SIDE_STYLE('',(#9764));
#9764 = SURFACE_STYLE_FILL_AREA(#9765);
#9765 = FILL_AREA_STYLE('',(#9766));
#9766 = FILL_AREA_STYLE_COLOUR('',#8578);
#9767 = CURVE_STYLE('',#9768,POSITIVE_LENGTH_MEASURE(0.1),#8578);
#9768 = DRAUGHTING_PRE_DEFINED_CURVE_FONT('continuous');
#9769 = OVER_RIDING_STYLED_ITEM('overriding color',(#9770),#4293,#9751);
#9770 = PRESENTATION_STYLE_ASSIGNMENT((#9771,#9776));
#9771 = SURFACE_STYLE_USAGE(.BOTH.,#9772);
#9772 = SURFACE_SIDE_STYLE('',(#9773));
#9773 = SURFACE_STYLE_FILL_AREA(#9774);
#9774 = FILL_AREA_STYLE('',(#9775));
#9775 = FILL_AREA_STYLE_COLOUR('',#8578);
#9776 = CURVE_STYLE('',#9777,POSITIVE_LENGTH_MEASURE(0.1),#8578);
#9777 = DRAUGHTING_PRE_DEFINED_CURVE_FONT('continuous');
#9778 = STYLED_ITEM('color',(#9779),#4319);
#9779 = PRESENTATION_STYLE_ASSIGNMENT((#9780,#9785));
#9780 = SURFACE_STYLE_USAGE(.BOTH.,#9781);
#9781 = SURFACE_SIDE_STYLE('',(#9782));
#9782 = SURFACE_STYLE_FILL_AREA(#9783);
#9783 = FILL_AREA_STYLE('',(#9784));
#9784 = FILL_AREA_STYLE_COLOUR('',#8402);
#9785 = CURVE_STYLE('',#9786,POSITIVE_LENGTH_MEASURE(0.1),#8402);
#9786 = DRAUGHTING_PRE_DEFINED_CURVE_FONT('continuous');
#9787 = STYLED_ITEM('color',(#9788),#4343);
#9788 = PRESENTATION_STYLE_ASSIGNMENT((#9789,#9794));
#9789 = SURFACE_STYLE_USAGE(.BOTH.,#9790);
#9790 = SURFACE_SIDE_STYLE('',(#9791));
#9791 = SURFACE_STYLE_FILL_AREA(#9792);
#9792 = FILL_AREA_STYLE('',(#9793));
#9793 = FILL_AREA_STYLE_COLOUR('',#8402);
#9794 = CURVE_STYLE('',#9795,POSITIVE_LENGTH_MEASURE(0.1),#8402);
#9795 = DRAUGHTING_PRE_DEFINED_CURVE_FONT('continuous');
#9796 = OVER_RIDING_STYLED_ITEM('overriding color',(#9797),#4357,#9787);
#9797 = PRESENTATION_STYLE_ASSIGNMENT((#9798,#9803));
#9798 = SURFACE_STYLE_USAGE(.BOTH.,#9799);
#9799 = SURFACE_SIDE_STYLE('',(#9800));
#9800 = SURFACE_STYLE_FILL_AREA(#9801);
#9801 = FILL_AREA_STYLE('',(#9802));
#9802 = FILL_AREA_STYLE_COLOUR('',#8578);
#9803 = CURVE_STYLE('',#9804,POSITIVE_LENGTH_MEASURE(0.1),#8578);
#9804 = DRAUGHTING_PRE_DEFINED_CURVE_FONT('continuous');
#9805 = OVER_RIDING_STYLED_ITEM('overriding color',(#9806),#4373,#9787);
#9806 = PRESENTATION_STYLE_ASSIGNMENT((#9807,#9812));
#9807 = SURFACE_STYLE_USAGE(.BOTH.,#9808);
#9808 = SURFACE_SIDE_STYLE('',(#9809));
#9809 = SURFACE_STYLE_FILL_AREA(#9810);
#9810 = FILL_AREA_STYLE('',(#9811));
#9811 = FILL_AREA_STYLE_COLOUR('',#8578);
#9812 = CURVE_STYLE('',#9813,POSITIVE_LENGTH_MEASURE(0.1),#8578);
#9813 = DRAUGHTING_PRE_DEFINED_CURVE_FONT('continuous');
#9814 = STYLED_ITEM('color',(#9815),#4392);
#9815 = PRESENTATION_STYLE_ASSIGNMENT((#9816,#9821));
#9816 = SURFACE_STYLE_USAGE(.BOTH.,#9817);
#9817 = SURFACE_SIDE_STYLE('',(#9818));
#9818 = SURFACE_STYLE_FILL_AREA(#9819);
#9819 = FILL_AREA_STYLE('',(#9820));
#9820 = FILL_AREA_STYLE_COLOUR('',#8402);
#9821 = CURVE_STYLE('',#9822,POSITIVE_LENGTH_MEASURE(0.1),#8402);
#9822 = DRAUGHTING_PRE_DEFINED_CURVE_FONT('continuous');
#9823 = STYLED_ITEM('color',(#9824),#4423);
#9824 = PRESENTATION_STYLE_ASSIGNMENT((#9825,#9830));
#9825 = SURFACE_STYLE_USAGE(.BOTH.,#9826);
#9826 = SURFACE_SIDE_STYLE('',(#9827));
#9827 = SURFACE_STYLE_FILL_AREA(#9828);
#9828 = FILL_AREA_STYLE('',(#9829));
#9829 = FILL_AREA_STYLE_COLOUR('',#8402);
#9830 = CURVE_STYLE('',#9831,POSITIVE_LENGTH_MEASURE(0.1),#8402);
#9831 = DRAUGHTING_PRE_DEFINED_CURVE_FONT('continuous');
#9832 = OVER_RIDING_STYLED_ITEM('overriding color',(#9833),#4437,#9823);
#9833 = PRESENTATION_STYLE_ASSIGNMENT((#9834,#9839));
#9834 = SURFACE_STYLE_USAGE(.BOTH.,#9835);
#9835 = SURFACE_SIDE_STYLE('',(#9836));
#9836 = SURFACE_STYLE_FILL_AREA(#9837);
#9837 = FILL_AREA_STYLE('',(#9838));
#9838 = FILL_AREA_STYLE_COLOUR('',#8578);
#9839 = CURVE_STYLE('',#9840,POSITIVE_LENGTH_MEASURE(0.1),#8578);
#9840 = DRAUGHTING_PRE_DEFINED_CURVE_FONT('continuous');
#9841 = OVER_RIDING_STYLED_ITEM('overriding color',(#9842),#4453,#9823);
#9842 = PRESENTATION_STYLE_ASSIGNMENT((#9843,#9848));
#9843 = SURFACE_STYLE_USAGE(.BOTH.,#9844);
#9844 = SURFACE_SIDE_STYLE('',(#9845));
#9845 = SURFACE_STYLE_FILL_AREA(#9846);
#9846 = FILL_AREA_STYLE('',(#9847));
#9847 = FILL_AREA_STYLE_COLOUR('',#8578);
#9848 = CURVE_STYLE('',#9849,POSITIVE_LENGTH_MEASURE(0.1),#8578);
#9849 = DRAUGHTING_PRE_DEFINED_CURVE_FONT('continuous');
#9850 = STYLED_ITEM('color',(#9851),#4479);
#9851 = PRESENTATION_STYLE_ASSIGNMENT((#9852,#9857));
#9852 = SURFACE_STYLE_USAGE(.BOTH.,#9853);
#9853 = SURFACE_SIDE_STYLE('',(#9854));
#9854 = SURFACE_STYLE_FILL_AREA(#9855);
#9855 = FILL_AREA_STYLE('',(#9856));
#9856 = FILL_AREA_STYLE_COLOUR('',#8402);
#9857 = CURVE_STYLE('',#9858,POSITIVE_LENGTH_MEASURE(0.1),#8402);
#9858 = DRAUGHTING_PRE_DEFINED_CURVE_FONT('continuous');
#9859 = STYLED_ITEM('color',(#9860),#4503);
#9860 = PRESENTATION_STYLE_ASSIGNMENT((#9861,#9866));
#9861 = SURFACE_STYLE_USAGE(.BOTH.,#9862);
#9862 = SURFACE_SIDE_STYLE('',(#9863));
#9863 = SURFACE_STYLE_FILL_AREA(#9864);
#9864 = FILL_AREA_STYLE('',(#9865));
#9865 = FILL_AREA_STYLE_COLOUR('',#8402);
#9866 = CURVE_STYLE('',#9867,POSITIVE_LENGTH_MEASURE(0.1),#8402);
#9867 = DRAUGHTING_PRE_DEFINED_CURVE_FONT('continuous');
#9868 = OVER_RIDING_STYLED_ITEM('overriding color',(#9869),#4517,#9859);
#9869 = PRESENTATION_STYLE_ASSIGNMENT((#9870,#9875));
#9870 = SURFACE_STYLE_USAGE(.BOTH.,#9871);
#9871 = SURFACE_SIDE_STYLE('',(#9872));
#9872 = SURFACE_STYLE_FILL_AREA(#9873);
#9873 = FILL_AREA_STYLE('',(#9874));
#9874 = FILL_AREA_STYLE_COLOUR('',#8578);
#9875 = CURVE_STYLE('',#9876,POSITIVE_LENGTH_MEASURE(0.1),#8578);
#9876 = DRAUGHTING_PRE_DEFINED_CURVE_FONT('continuous');
#9877 = OVER_RIDING_STYLED_ITEM('overriding color',(#9878),#4533,#9859);
#9878 = PRESENTATION_STYLE_ASSIGNMENT((#9879,#9884));
#9879 = SURFACE_STYLE_USAGE(.BOTH.,#9880);
#9880 = SURFACE_SIDE_STYLE('',(#9881));
#9881 = SURFACE_STYLE_FILL_AREA(#9882);
#9882 = FILL_AREA_STYLE('',(#9883));
#9883 = FILL_AREA_STYLE_COLOUR('',#8578);
#9884 = CURVE_STYLE('',#9885,POSITIVE_LENGTH_MEASURE(0.1),#8578);
#9885 = DRAUGHTING_PRE_DEFINED_CURVE_FONT('continuous');
#9886 = STYLED_ITEM('color',(#9887),#4552);
#9887 = PRESENTATION_STYLE_ASSIGNMENT((#9888,#9893));
#9888 = SURFACE_STYLE_USAGE(.BOTH.,#9889);
#9889 = SURFACE_SIDE_STYLE('',(#9890));
#9890 = SURFACE_STYLE_FILL_AREA(#9891);
#9891 = FILL_AREA_STYLE('',(#9892));
#9892 = FILL_AREA_STYLE_COLOUR('',#8578);
#9893 = CURVE_STYLE('',#9894,POSITIVE_LENGTH_MEASURE(0.1),#8578);
#9894 = DRAUGHTING_PRE_DEFINED_CURVE_FONT('continuous');
#9895 = STYLED_ITEM('color',(#9896),#4569);
#9896 = PRESENTATION_STYLE_ASSIGNMENT((#9897,#9902));
#9897 = SURFACE_STYLE_USAGE(.BOTH.,#9898);
#9898 = SURFACE_SIDE_STYLE('',(#9899));
#9899 = SURFACE_STYLE_FILL_AREA(#9900);
#9900 = FILL_AREA_STYLE('',(#9901));
#9901 = FILL_AREA_STYLE_COLOUR('',#8578);
#9902 = CURVE_STYLE('',#9903,POSITIVE_LENGTH_MEASURE(0.1),#8578);
#9903 = DRAUGHTING_PRE_DEFINED_CURVE_FONT('continuous');
#9904 = STYLED_ITEM('color',(#9905),#4586);
#9905 = PRESENTATION_STYLE_ASSIGNMENT((#9906,#9911));
#9906 = SURFACE_STYLE_USAGE(.BOTH.,#9907);
#9907 = SURFACE_SIDE_STYLE('',(#9908));
#9908 = SURFACE_STYLE_FILL_AREA(#9909);
#9909 = FILL_AREA_STYLE('',(#9910));
#9910 = FILL_AREA_STYLE_COLOUR('',#8578);
#9911 = CURVE_STYLE('',#9912,POSITIVE_LENGTH_MEASURE(0.1),#8578);
#9912 = DRAUGHTING_PRE_DEFINED_CURVE_FONT('continuous');
#9913 = STYLED_ITEM('color',(#9914),#4603);
#9914 = PRESENTATION_STYLE_ASSIGNMENT((#9915,#9920));
#9915 = SURFACE_STYLE_USAGE(.BOTH.,#9916);
#9916 = SURFACE_SIDE_STYLE('',(#9917));
#9917 = SURFACE_STYLE_FILL_AREA(#9918);
#9918 = FILL_AREA_STYLE('',(#9919));
#9919 = FILL_AREA_STYLE_COLOUR('',#8578);
#9920 = CURVE_STYLE('',#9921,POSITIVE_LENGTH_MEASURE(0.1),#8578);
#9921 = DRAUGHTING_PRE_DEFINED_CURVE_FONT('continuous');
#9922 = STYLED_ITEM('color',(#9923),#4620);
#9923 = PRESENTATION_STYLE_ASSIGNMENT((#9924,#9929));
#9924 = SURFACE_STYLE_USAGE(.BOTH.,#9925);
#9925 = SURFACE_SIDE_STYLE('',(#9926));
#9926 = SURFACE_STYLE_FILL_AREA(#9927);
#9927 = FILL_AREA_STYLE('',(#9928));
#9928 = FILL_AREA_STYLE_COLOUR('',#8578);
#9929 = CURVE_STYLE('',#9930,POSITIVE_LENGTH_MEASURE(0.1),#8578);
#9930 = DRAUGHTING_PRE_DEFINED_CURVE_FONT('continuous');
#9931 = STYLED_ITEM('color',(#9932),#4632);
#9932 = PRESENTATION_STYLE_ASSIGNMENT((#9933,#9938));
#9933 = SURFACE_STYLE_USAGE(.BOTH.,#9934);
#9934 = SURFACE_SIDE_STYLE('',(#9935));
#9935 = SURFACE_STYLE_FILL_AREA(#9936);
#9936 = FILL_AREA_STYLE('',(#9937));
#9937 = FILL_AREA_STYLE_COLOUR('',#8578);
#9938 = CURVE_STYLE('',#9939,POSITIVE_LENGTH_MEASURE(0.1),#8578);
#9939 = DRAUGHTING_PRE_DEFINED_CURVE_FONT('continuous');
#9940 = STYLED_ITEM('color',(#9941),#4649);
#9941 = PRESENTATION_STYLE_ASSIGNMENT((#9942,#9947));
#9942 = SURFACE_STYLE_USAGE(.BOTH.,#9943);
#9943 = SURFACE_SIDE_STYLE('',(#9944));
#9944 = SURFACE_STYLE_FILL_AREA(#9945);
#9945 = FILL_AREA_STYLE('',(#9946));
#9946 = FILL_AREA_STYLE_COLOUR('',#8578);
#9947 = CURVE_STYLE('',#9948,POSITIVE_LENGTH_MEASURE(0.1),#8578);
#9948 = DRAUGHTING_PRE_DEFINED_CURVE_FONT('continuous');
#9949 = STYLED_ITEM('color',(#9950),#4666);
#9950 = PRESENTATION_STYLE_ASSIGNMENT((#9951,#9956));
#9951 = SURFACE_STYLE_USAGE(.BOTH.,#9952);
#9952 = SURFACE_SIDE_STYLE('',(#9953));
#9953 = SURFACE_STYLE_FILL_AREA(#9954);
#9954 = FILL_AREA_STYLE('',(#9955));
#9955 = FILL_AREA_STYLE_COLOUR('',#8578);
#9956 = CURVE_STYLE('',#9957,POSITIVE_LENGTH_MEASURE(0.1),#8578);
#9957 = DRAUGHTING_PRE_DEFINED_CURVE_FONT('continuous');
#9958 = STYLED_ITEM('color',(#9959),#4683);
#9959 = PRESENTATION_STYLE_ASSIGNMENT((#9960,#9965));
#9960 = SURFACE_STYLE_USAGE(.BOTH.,#9961);
#9961 = SURFACE_SIDE_STYLE('',(#9962));
#9962 = SURFACE_STYLE_FILL_AREA(#9963);
#9963 = FILL_AREA_STYLE('',(#9964));
#9964 = FILL_AREA_STYLE_COLOUR('',#8578);
#9965 = CURVE_STYLE('',#9966,POSITIVE_LENGTH_MEASURE(0.1),#8578);
#9966 = DRAUGHTING_PRE_DEFINED_CURVE_FONT('continuous');
#9967 = STYLED_ITEM('color',(#9968),#4700);
#9968 = PRESENTATION_STYLE_ASSIGNMENT((#9969,#9974));
#9969 = SURFACE_STYLE_USAGE(.BOTH.,#9970);
#9970 = SURFACE_SIDE_STYLE('',(#9971));
#9971 = SURFACE_STYLE_FILL_AREA(#9972);
#9972 = FILL_AREA_STYLE('',(#9973));
#9973 = FILL_AREA_STYLE_COLOUR('',#8578);
#9974 = CURVE_STYLE('',#9975,POSITIVE_LENGTH_MEASURE(0.1),#8578);
#9975 = DRAUGHTING_PRE_DEFINED_CURVE_FONT('continuous');
#9976 = STYLED_ITEM('color',(#9977),#4712);
#9977 = PRESENTATION_STYLE_ASSIGNMENT((#9978,#9983));
#9978 = SURFACE_STYLE_USAGE(.BOTH.,#9979);
#9979 = SURFACE_SIDE_STYLE('',(#9980));
#9980 = SURFACE_STYLE_FILL_AREA(#9981);
#9981 = FILL_AREA_STYLE('',(#9982));
#9982 = FILL_AREA_STYLE_COLOUR('',#8578);
#9983 = CURVE_STYLE('',#9984,POSITIVE_LENGTH_MEASURE(0.1),#8578);
#9984 = DRAUGHTING_PRE_DEFINED_CURVE_FONT('continuous');
#9985 = STYLED_ITEM('color',(#9986),#4729);
#9986 = PRESENTATION_STYLE_ASSIGNMENT((#9987,#9992));
#9987 = SURFACE_STYLE_USAGE(.BOTH.,#9988);
#9988 = SURFACE_SIDE_STYLE('',(#9989));
#9989 = SURFACE_STYLE_FILL_AREA(#9990);
#9990 = FILL_AREA_STYLE('',(#9991));
#9991 = FILL_AREA_STYLE_COLOUR('',#8578);
#9992 = CURVE_STYLE('',#9993,POSITIVE_LENGTH_MEASURE(0.1),#8578);
#9993 = DRAUGHTING_PRE_DEFINED_CURVE_FONT('continuous');
#9994 = STYLED_ITEM('color',(#9995),#4746);
#9995 = PRESENTATION_STYLE_ASSIGNMENT((#9996,#10001));
#9996 = SURFACE_STYLE_USAGE(.BOTH.,#9997);
#9997 = SURFACE_SIDE_STYLE('',(#9998));
#9998 = SURFACE_STYLE_FILL_AREA(#9999);
#9999 = FILL_AREA_STYLE('',(#10000));
#10000 = FILL_AREA_STYLE_COLOUR('',#8578);
#10001 = CURVE_STYLE('',#10002,POSITIVE_LENGTH_MEASURE(0.1),#8578);
#10002 = DRAUGHTING_PRE_DEFINED_CURVE_FONT('continuous');
#10003 = STYLED_ITEM('color',(#10004),#4763);
#10004 = PRESENTATION_STYLE_ASSIGNMENT((#10005,#10010));
#10005 = SURFACE_STYLE_USAGE(.BOTH.,#10006);
#10006 = SURFACE_SIDE_STYLE('',(#10007));
#10007 = SURFACE_STYLE_FILL_AREA(#10008);
#10008 = FILL_AREA_STYLE('',(#10009));
#10009 = FILL_AREA_STYLE_COLOUR('',#8578);
#10010 = CURVE_STYLE('',#10011,POSITIVE_LENGTH_MEASURE(0.1),#8578);
#10011 = DRAUGHTING_PRE_DEFINED_CURVE_FONT('continuous');
#10012 = STYLED_ITEM('color',(#10013),#4780);
#10013 = PRESENTATION_STYLE_ASSIGNMENT((#10014,#10019));
#10014 = SURFACE_STYLE_USAGE(.BOTH.,#10015);
#10015 = SURFACE_SIDE_STYLE('',(#10016));
#10016 = SURFACE_STYLE_FILL_AREA(#10017);
#10017 = FILL_AREA_STYLE('',(#10018));
#10018 = FILL_AREA_STYLE_COLOUR('',#8578);
#10019 = CURVE_STYLE('',#10020,POSITIVE_LENGTH_MEASURE(0.1),#8578);
#10020 = DRAUGHTING_PRE_DEFINED_CURVE_FONT('continuous');
#10021 = STYLED_ITEM('color',(#10022),#4792);
#10022 = PRESENTATION_STYLE_ASSIGNMENT((#10023,#10028));
#10023 = SURFACE_STYLE_USAGE(.BOTH.,#10024);
#10024 = SURFACE_SIDE_STYLE('',(#10025));
#10025 = SURFACE_STYLE_FILL_AREA(#10026);
#10026 = FILL_AREA_STYLE('',(#10027));
#10027 = FILL_AREA_STYLE_COLOUR('',#8578);
#10028 = CURVE_STYLE('',#10029,POSITIVE_LENGTH_MEASURE(0.1),#8578);
#10029 = DRAUGHTING_PRE_DEFINED_CURVE_FONT('continuous');
#10030 = STYLED_ITEM('color',(#10031),#4809);
#10031 = PRESENTATION_STYLE_ASSIGNMENT((#10032,#10037));
#10032 = SURFACE_STYLE_USAGE(.BOTH.,#10033);
#10033 = SURFACE_SIDE_STYLE('',(#10034));
#10034 = SURFACE_STYLE_FILL_AREA(#10035);
#10035 = FILL_AREA_STYLE('',(#10036));
#10036 = FILL_AREA_STYLE_COLOUR('',#8578);
#10037 = CURVE_STYLE('',#10038,POSITIVE_LENGTH_MEASURE(0.1),#8578);
#10038 = DRAUGHTING_PRE_DEFINED_CURVE_FONT('continuous');
#10039 = STYLED_ITEM('color',(#10040),#4826);
#10040 = PRESENTATION_STYLE_ASSIGNMENT((#10041,#10046));
#10041 = SURFACE_STYLE_USAGE(.BOTH.,#10042);
#10042 = SURFACE_SIDE_STYLE('',(#10043));
#10043 = SURFACE_STYLE_FILL_AREA(#10044);
#10044 = FILL_AREA_STYLE('',(#10045));
#10045 = FILL_AREA_STYLE_COLOUR('',#8578);
#10046 = CURVE_STYLE('',#10047,POSITIVE_LENGTH_MEASURE(0.1),#8578);
#10047 = DRAUGHTING_PRE_DEFINED_CURVE_FONT('continuous');
#10048 = STYLED_ITEM('color',(#10049),#4843);
#10049 = PRESENTATION_STYLE_ASSIGNMENT((#10050,#10055));
#10050 = SURFACE_STYLE_USAGE(.BOTH.,#10051);
#10051 = SURFACE_SIDE_STYLE('',(#10052));
#10052 = SURFACE_STYLE_FILL_AREA(#10053);
#10053 = FILL_AREA_STYLE('',(#10054));
#10054 = FILL_AREA_STYLE_COLOUR('',#8578);
#10055 = CURVE_STYLE('',#10056,POSITIVE_LENGTH_MEASURE(0.1),#8578);
#10056 = DRAUGHTING_PRE_DEFINED_CURVE_FONT('continuous');
#10057 = STYLED_ITEM('color',(#10058),#4860);
#10058 = PRESENTATION_STYLE_ASSIGNMENT((#10059,#10064));
#10059 = SURFACE_STYLE_USAGE(.BOTH.,#10060);
#10060 = SURFACE_SIDE_STYLE('',(#10061));
#10061 = SURFACE_STYLE_FILL_AREA(#10062);
#10062 = FILL_AREA_STYLE('',(#10063));
#10063 = FILL_AREA_STYLE_COLOUR('',#8578);
#10064 = CURVE_STYLE('',#10065,POSITIVE_LENGTH_MEASURE(0.1),#8578);
#10065 = DRAUGHTING_PRE_DEFINED_CURVE_FONT('continuous');
#10066 = STYLED_ITEM('color',(#10067),#4872);
#10067 = PRESENTATION_STYLE_ASSIGNMENT((#10068,#10073));
#10068 = SURFACE_STYLE_USAGE(.BOTH.,#10069);
#10069 = SURFACE_SIDE_STYLE('',(#10070));
#10070 = SURFACE_STYLE_FILL_AREA(#10071);
#10071 = FILL_AREA_STYLE('',(#10072));
#10072 = FILL_AREA_STYLE_COLOUR('',#8578);
#10073 = CURVE_STYLE('',#10074,POSITIVE_LENGTH_MEASURE(0.1),#8578);
#10074 = DRAUGHTING_PRE_DEFINED_CURVE_FONT('continuous');
#10075 = STYLED_ITEM('color',(#10076),#4889);
#10076 = PRESENTATION_STYLE_ASSIGNMENT((#10077,#10082));
#10077 = SURFACE_STYLE_USAGE(.BOTH.,#10078);
#10078 = SURFACE_SIDE_STYLE('',(#10079));
#10079 = SURFACE_STYLE_FILL_AREA(#10080);
#10080 = FILL_AREA_STYLE('',(#10081));
#10081 = FILL_AREA_STYLE_COLOUR('',#8578);
#10082 = CURVE_STYLE('',#10083,POSITIVE_LENGTH_MEASURE(0.1),#8578);
#10083 = DRAUGHTING_PRE_DEFINED_CURVE_FONT('continuous');
#10084 = STYLED_ITEM('color',(#10085),#4906);
#10085 = PRESENTATION_STYLE_ASSIGNMENT((#10086,#10091));
#10086 = SURFACE_STYLE_USAGE(.BOTH.,#10087);
#10087 = SURFACE_SIDE_STYLE('',(#10088));
#10088 = SURFACE_STYLE_FILL_AREA(#10089);
#10089 = FILL_AREA_STYLE('',(#10090));
#10090 = FILL_AREA_STYLE_COLOUR('',#8578);
#10091 = CURVE_STYLE('',#10092,POSITIVE_LENGTH_MEASURE(0.1),#8578);
#10092 = DRAUGHTING_PRE_DEFINED_CURVE_FONT('continuous');
#10093 = STYLED_ITEM('color',(#10094),#4923);
#10094 = PRESENTATION_STYLE_ASSIGNMENT((#10095,#10100));
#10095 = SURFACE_STYLE_USAGE(.BOTH.,#10096);
#10096 = SURFACE_SIDE_STYLE('',(#10097));
#10097 = SURFACE_STYLE_FILL_AREA(#10098);
#10098 = FILL_AREA_STYLE('',(#10099));
#10099 = FILL_AREA_STYLE_COLOUR('',#8578);
#10100 = CURVE_STYLE('',#10101,POSITIVE_LENGTH_MEASURE(0.1),#8578);
#10101 = DRAUGHTING_PRE_DEFINED_CURVE_FONT('continuous');
#10102 = STYLED_ITEM('color',(#10103),#4940);
#10103 = PRESENTATION_STYLE_ASSIGNMENT((#10104,#10109));
#10104 = SURFACE_STYLE_USAGE(.BOTH.,#10105);
#10105 = SURFACE_SIDE_STYLE('',(#10106));
#10106 = SURFACE_STYLE_FILL_AREA(#10107);
#10107 = FILL_AREA_STYLE('',(#10108));
#10108 = FILL_AREA_STYLE_COLOUR('',#8578);
#10109 = CURVE_STYLE('',#10110,POSITIVE_LENGTH_MEASURE(0.1),#8578);
#10110 = DRAUGHTING_PRE_DEFINED_CURVE_FONT('continuous');
#10111 = STYLED_ITEM('color',(#10112),#4952);
#10112 = PRESENTATION_STYLE_ASSIGNMENT((#10113,#10118));
#10113 = SURFACE_STYLE_USAGE(.BOTH.,#10114);
#10114 = SURFACE_SIDE_STYLE('',(#10115));
#10115 = SURFACE_STYLE_FILL_AREA(#10116);
#10116 = FILL_AREA_STYLE('',(#10117));
#10117 = FILL_AREA_STYLE_COLOUR('',#8578);
#10118 = CURVE_STYLE('',#10119,POSITIVE_LENGTH_MEASURE(0.1),#8578);
#10119 = DRAUGHTING_PRE_DEFINED_CURVE_FONT('continuous');
#10120 = STYLED_ITEM('color',(#10121),#4969);
#10121 = PRESENTATION_STYLE_ASSIGNMENT((#10122,#10127));
#10122 = SURFACE_STYLE_USAGE(.BOTH.,#10123);
#10123 = SURFACE_SIDE_STYLE('',(#10124));
#10124 = SURFACE_STYLE_FILL_AREA(#10125);
#10125 = FILL_AREA_STYLE('',(#10126));
#10126 = FILL_AREA_STYLE_COLOUR('',#8578);
#10127 = CURVE_STYLE('',#10128,POSITIVE_LENGTH_MEASURE(0.1),#8578);
#10128 = DRAUGHTING_PRE_DEFINED_CURVE_FONT('continuous');
#10129 = STYLED_ITEM('color',(#10130),#4986);
#10130 = PRESENTATION_STYLE_ASSIGNMENT((#10131,#10136));
#10131 = SURFACE_STYLE_USAGE(.BOTH.,#10132);
#10132 = SURFACE_SIDE_STYLE('',(#10133));
#10133 = SURFACE_STYLE_FILL_AREA(#10134);
#10134 = FILL_AREA_STYLE('',(#10135));
#10135 = FILL_AREA_STYLE_COLOUR('',#8578);
#10136 = CURVE_STYLE('',#10137,POSITIVE_LENGTH_MEASURE(0.1),#8578);
#10137 = DRAUGHTING_PRE_DEFINED_CURVE_FONT('continuous');
#10138 = STYLED_ITEM('color',(#10139),#5003);
#10139 = PRESENTATION_STYLE_ASSIGNMENT((#10140,#10145));
#10140 = SURFACE_STYLE_USAGE(.BOTH.,#10141);
#10141 = SURFACE_SIDE_STYLE('',(#10142));
#10142 = SURFACE_STYLE_FILL_AREA(#10143);
#10143 = FILL_AREA_STYLE('',(#10144));
#10144 = FILL_AREA_STYLE_COLOUR('',#8578);
#10145 = CURVE_STYLE('',#10146,POSITIVE_LENGTH_MEASURE(0.1),#8578);
#10146 = DRAUGHTING_PRE_DEFINED_CURVE_FONT('continuous');
#10147 = STYLED_ITEM('color',(#10148),#5020);
#10148 = PRESENTATION_STYLE_ASSIGNMENT((#10149,#10154));
#10149 = SURFACE_STYLE_USAGE(.BOTH.,#10150);
#10150 = SURFACE_SIDE_STYLE('',(#10151));
#10151 = SURFACE_STYLE_FILL_AREA(#10152);
#10152 = FILL_AREA_STYLE('',(#10153));
#10153 = FILL_AREA_STYLE_COLOUR('',#8578);
#10154 = CURVE_STYLE('',#10155,POSITIVE_LENGTH_MEASURE(0.1),#8578);
#10155 = DRAUGHTING_PRE_DEFINED_CURVE_FONT('continuous');
#10156 = STYLED_ITEM('color',(#10157),#5032);
#10157 = PRESENTATION_STYLE_ASSIGNMENT((#10158,#10163));
#10158 = SURFACE_STYLE_USAGE(.BOTH.,#10159);
#10159 = SURFACE_SIDE_STYLE('',(#10160));
#10160 = SURFACE_STYLE_FILL_AREA(#10161);
#10161 = FILL_AREA_STYLE('',(#10162));
#10162 = FILL_AREA_STYLE_COLOUR('',#8578);
#10163 = CURVE_STYLE('',#10164,POSITIVE_LENGTH_MEASURE(0.1),#8578);
#10164 = DRAUGHTING_PRE_DEFINED_CURVE_FONT('continuous');
#10165 = STYLED_ITEM('color',(#10166),#5049);
#10166 = PRESENTATION_STYLE_ASSIGNMENT((#10167,#10172));
#10167 = SURFACE_STYLE_USAGE(.BOTH.,#10168);
#10168 = SURFACE_SIDE_STYLE('',(#10169));
#10169 = SURFACE_STYLE_FILL_AREA(#10170);
#10170 = FILL_AREA_STYLE('',(#10171));
#10171 = FILL_AREA_STYLE_COLOUR('',#8578);
#10172 = CURVE_STYLE('',#10173,POSITIVE_LENGTH_MEASURE(0.1),#8578);
#10173 = DRAUGHTING_PRE_DEFINED_CURVE_FONT('continuous');
#10174 = STYLED_ITEM('color',(#10175),#5066);
#10175 = PRESENTATION_STYLE_ASSIGNMENT((#10176,#10181));
#10176 = SURFACE_STYLE_USAGE(.BOTH.,#10177);
#10177 = SURFACE_SIDE_STYLE('',(#10178));
#10178 = SURFACE_STYLE_FILL_AREA(#10179);
#10179 = FILL_AREA_STYLE('',(#10180));
#10180 = FILL_AREA_STYLE_COLOUR('',#8578);
#10181 = CURVE_STYLE('',#10182,POSITIVE_LENGTH_MEASURE(0.1),#8578);
#10182 = DRAUGHTING_PRE_DEFINED_CURVE_FONT('continuous');
#10183 = STYLED_ITEM('color',(#10184),#5083);
#10184 = PRESENTATION_STYLE_ASSIGNMENT((#10185,#10190));
#10185 = SURFACE_STYLE_USAGE(.BOTH.,#10186);
#10186 = SURFACE_SIDE_STYLE('',(#10187));
#10187 = SURFACE_STYLE_FILL_AREA(#10188);
#10188 = FILL_AREA_STYLE('',(#10189));
#10189 = FILL_AREA_STYLE_COLOUR('',#8578);
#10190 = CURVE_STYLE('',#10191,POSITIVE_LENGTH_MEASURE(0.1),#8578);
#10191 = DRAUGHTING_PRE_DEFINED_CURVE_FONT('continuous');
#10192 = STYLED_ITEM('color',(#10193),#5100);
#10193 = PRESENTATION_STYLE_ASSIGNMENT((#10194,#10199));
#10194 = SURFACE_STYLE_USAGE(.BOTH.,#10195);
#10195 = SURFACE_SIDE_STYLE('',(#10196));
#10196 = SURFACE_STYLE_FILL_AREA(#10197);
#10197 = FILL_AREA_STYLE('',(#10198));
#10198 = FILL_AREA_STYLE_COLOUR('',#8578);
#10199 = CURVE_STYLE('',#10200,POSITIVE_LENGTH_MEASURE(0.1),#8578);
#10200 = DRAUGHTING_PRE_DEFINED_CURVE_FONT('continuous');
#10201 = STYLED_ITEM('color',(#10202),#5112);
#10202 = PRESENTATION_STYLE_ASSIGNMENT((#10203,#10208));
#10203 = SURFACE_STYLE_USAGE(.BOTH.,#10204);
#10204 = SURFACE_SIDE_STYLE('',(#10205));
#10205 = SURFACE_STYLE_FILL_AREA(#10206);
#10206 = FILL_AREA_STYLE('',(#10207));
#10207 = FILL_AREA_STYLE_COLOUR('',#8578);
#10208 = CURVE_STYLE('',#10209,POSITIVE_LENGTH_MEASURE(0.1),#8578);
#10209 = DRAUGHTING_PRE_DEFINED_CURVE_FONT('continuous');
#10210 = STYLED_ITEM('color',(#10211),#5129);
#10211 = PRESENTATION_STYLE_ASSIGNMENT((#10212,#10217));
#10212 = SURFACE_STYLE_USAGE(.BOTH.,#10213);
#10213 = SURFACE_SIDE_STYLE('',(#10214));
#10214 = SURFACE_STYLE_FILL_AREA(#10215);
#10215 = FILL_AREA_STYLE('',(#10216));
#10216 = FILL_AREA_STYLE_COLOUR('',#8578);
#10217 = CURVE_STYLE('',#10218,POSITIVE_LENGTH_MEASURE(0.1),#8578);
#10218 = DRAUGHTING_PRE_DEFINED_CURVE_FONT('continuous');
#10219 = STYLED_ITEM('color',(#10220),#5146);
#10220 = PRESENTATION_STYLE_ASSIGNMENT((#10221,#10226));
#10221 = SURFACE_STYLE_USAGE(.BOTH.,#10222);
#10222 = SURFACE_SIDE_STYLE('',(#10223));
#10223 = SURFACE_STYLE_FILL_AREA(#10224);
#10224 = FILL_AREA_STYLE('',(#10225));
#10225 = FILL_AREA_STYLE_COLOUR('',#8578);
#10226 = CURVE_STYLE('',#10227,POSITIVE_LENGTH_MEASURE(0.1),#8578);
#10227 = DRAUGHTING_PRE_DEFINED_CURVE_FONT('continuous');
#10228 = STYLED_ITEM('color',(#10229),#5163);
#10229 = PRESENTATION_STYLE_ASSIGNMENT((#10230,#10235));
#10230 = SURFACE_STYLE_USAGE(.BOTH.,#10231);
#10231 = SURFACE_SIDE_STYLE('',(#10232));
#10232 = SURFACE_STYLE_FILL_AREA(#10233);
#10233 = FILL_AREA_STYLE('',(#10234));
#10234 = FILL_AREA_STYLE_COLOUR('',#8578);
#10235 = CURVE_STYLE('',#10236,POSITIVE_LENGTH_MEASURE(0.1),#8578);
#10236 = DRAUGHTING_PRE_DEFINED_CURVE_FONT('continuous');
#10237 = STYLED_ITEM('color',(#10238),#5180);
#10238 = PRESENTATION_STYLE_ASSIGNMENT((#10239,#10244));
#10239 = SURFACE_STYLE_USAGE(.BOTH.,#10240);
#10240 = SURFACE_SIDE_STYLE('',(#10241));
#10241 = SURFACE_STYLE_FILL_AREA(#10242);
#10242 = FILL_AREA_STYLE('',(#10243));
#10243 = FILL_AREA_STYLE_COLOUR('',#8578);
#10244 = CURVE_STYLE('',#10245,POSITIVE_LENGTH_MEASURE(0.1),#8578);
#10245 = DRAUGHTING_PRE_DEFINED_CURVE_FONT('continuous');
#10246 = STYLED_ITEM('color',(#10247),#5192);
#10247 = PRESENTATION_STYLE_ASSIGNMENT((#10248,#10253));
#10248 = SURFACE_STYLE_USAGE(.BOTH.,#10249);
#10249 = SURFACE_SIDE_STYLE('',(#10250));
#10250 = SURFACE_STYLE_FILL_AREA(#10251);
#10251 = FILL_AREA_STYLE('',(#10252));
#10252 = FILL_AREA_STYLE_COLOUR('',#8402);
#10253 = CURVE_STYLE('',#10254,POSITIVE_LENGTH_MEASURE(0.1),#8402);
#10254 = DRAUGHTING_PRE_DEFINED_CURVE_FONT('continuous');
#10255 = OVER_RIDING_STYLED_ITEM('overriding color',(#10256),#5199,
  #10246);
#10256 = PRESENTATION_STYLE_ASSIGNMENT((#10257,#10262));
#10257 = SURFACE_STYLE_USAGE(.BOTH.,#10258);
#10258 = SURFACE_SIDE_STYLE('',(#10259));
#10259 = SURFACE_STYLE_FILL_AREA(#10260);
#10260 = FILL_AREA_STYLE('',(#10261));
#10261 = FILL_AREA_STYLE_COLOUR('',#8578);
#10262 = CURVE_STYLE('',#10263,POSITIVE_LENGTH_MEASURE(0.1),#8578);
#10263 = DRAUGHTING_PRE_DEFINED_CURVE_FONT('continuous');
#10264 = STYLED_ITEM('color',(#10265),#5209);
#10265 = PRESENTATION_STYLE_ASSIGNMENT((#10266,#10271));
#10266 = SURFACE_STYLE_USAGE(.BOTH.,#10267);
#10267 = SURFACE_SIDE_STYLE('',(#10268));
#10268 = SURFACE_STYLE_FILL_AREA(#10269);
#10269 = FILL_AREA_STYLE('',(#10270));
#10270 = FILL_AREA_STYLE_COLOUR('',#8402);
#10271 = CURVE_STYLE('',#10272,POSITIVE_LENGTH_MEASURE(0.1),#8402);
#10272 = DRAUGHTING_PRE_DEFINED_CURVE_FONT('continuous');
#10273 = OVER_RIDING_STYLED_ITEM('overriding color',(#10274),#5214,
  #10264);
#10274 = PRESENTATION_STYLE_ASSIGNMENT((#10275,#10280));
#10275 = SURFACE_STYLE_USAGE(.BOTH.,#10276);
#10276 = SURFACE_SIDE_STYLE('',(#10277));
#10277 = SURFACE_STYLE_FILL_AREA(#10278);
#10278 = FILL_AREA_STYLE('',(#10279));
#10279 = FILL_AREA_STYLE_COLOUR('',#8578);
#10280 = CURVE_STYLE('',#10281,POSITIVE_LENGTH_MEASURE(0.1),#8578);
#10281 = DRAUGHTING_PRE_DEFINED_CURVE_FONT('continuous');
#10282 = STYLED_ITEM('color',(#10283),#5226);
#10283 = PRESENTATION_STYLE_ASSIGNMENT((#10284,#10289));
#10284 = SURFACE_STYLE_USAGE(.BOTH.,#10285);
#10285 = SURFACE_SIDE_STYLE('',(#10286));
#10286 = SURFACE_STYLE_FILL_AREA(#10287);
#10287 = FILL_AREA_STYLE('',(#10288));
#10288 = FILL_AREA_STYLE_COLOUR('',#8578);
#10289 = CURVE_STYLE('',#10290,POSITIVE_LENGTH_MEASURE(0.1),#8578);
#10290 = DRAUGHTING_PRE_DEFINED_CURVE_FONT('continuous');
#10291 = STYLED_ITEM('color',(#10292),#5275);
#10292 = PRESENTATION_STYLE_ASSIGNMENT((#10293,#10298));
#10293 = SURFACE_STYLE_USAGE(.BOTH.,#10294);
#10294 = SURFACE_SIDE_STYLE('',(#10295));
#10295 = SURFACE_STYLE_FILL_AREA(#10296);
#10296 = FILL_AREA_STYLE('',(#10297));
#10297 = FILL_AREA_STYLE_COLOUR('',#8578);
#10298 = CURVE_STYLE('',#10299,POSITIVE_LENGTH_MEASURE(0.1),#8578);
#10299 = DRAUGHTING_PRE_DEFINED_CURVE_FONT('continuous');
#10300 = STYLED_ITEM('color',(#10301),#5299);
#10301 = PRESENTATION_STYLE_ASSIGNMENT((#10302,#10307));
#10302 = SURFACE_STYLE_USAGE(.BOTH.,#10303);
#10303 = SURFACE_SIDE_STYLE('',(#10304));
#10304 = SURFACE_STYLE_FILL_AREA(#10305);
#10305 = FILL_AREA_STYLE('',(#10306));
#10306 = FILL_AREA_STYLE_COLOUR('',#8578);
#10307 = CURVE_STYLE('',#10308,POSITIVE_LENGTH_MEASURE(0.1),#8578);
#10308 = DRAUGHTING_PRE_DEFINED_CURVE_FONT('continuous');
#10309 = STYLED_ITEM('color',(#10310),#5341);
#10310 = PRESENTATION_STYLE_ASSIGNMENT((#10311,#10316));
#10311 = SURFACE_STYLE_USAGE(.BOTH.,#10312);
#10312 = SURFACE_SIDE_STYLE('',(#10313));
#10313 = SURFACE_STYLE_FILL_AREA(#10314);
#10314 = FILL_AREA_STYLE('',(#10315));
#10315 = FILL_AREA_STYLE_COLOUR('',#8578);
#10316 = CURVE_STYLE('',#10317,POSITIVE_LENGTH_MEASURE(0.1),#8578);
#10317 = DRAUGHTING_PRE_DEFINED_CURVE_FONT('continuous');
#10318 = STYLED_ITEM('color',(#10319),#5358);
#10319 = PRESENTATION_STYLE_ASSIGNMENT((#10320,#10325));
#10320 = SURFACE_STYLE_USAGE(.BOTH.,#10321);
#10321 = SURFACE_SIDE_STYLE('',(#10322));
#10322 = SURFACE_STYLE_FILL_AREA(#10323);
#10323 = FILL_AREA_STYLE('',(#10324));
#10324 = FILL_AREA_STYLE_COLOUR('',#8402);
#10325 = CURVE_STYLE('',#10326,POSITIVE_LENGTH_MEASURE(0.1),#8402);
#10326 = DRAUGHTING_PRE_DEFINED_CURVE_FONT('continuous');
#10327 = OVER_RIDING_STYLED_ITEM('overriding color',(#10328),#5365,
  #10318);
#10328 = PRESENTATION_STYLE_ASSIGNMENT((#10329,#10334));
#10329 = SURFACE_STYLE_USAGE(.BOTH.,#10330);
#10330 = SURFACE_SIDE_STYLE('',(#10331));
#10331 = SURFACE_STYLE_FILL_AREA(#10332);
#10332 = FILL_AREA_STYLE('',(#10333));
#10333 = FILL_AREA_STYLE_COLOUR('',#8578);
#10334 = CURVE_STYLE('',#10335,POSITIVE_LENGTH_MEASURE(0.1),#8578);
#10335 = DRAUGHTING_PRE_DEFINED_CURVE_FONT('continuous');
#10336 = STYLED_ITEM('color',(#10337),#5375);
#10337 = PRESENTATION_STYLE_ASSIGNMENT((#10338,#10343));
#10338 = SURFACE_STYLE_USAGE(.BOTH.,#10339);
#10339 = SURFACE_SIDE_STYLE('',(#10340));
#10340 = SURFACE_STYLE_FILL_AREA(#10341);
#10341 = FILL_AREA_STYLE('',(#10342));
#10342 = FILL_AREA_STYLE_COLOUR('',#8402);
#10343 = CURVE_STYLE('',#10344,POSITIVE_LENGTH_MEASURE(0.1),#8402);
#10344 = DRAUGHTING_PRE_DEFINED_CURVE_FONT('continuous');
#10345 = OVER_RIDING_STYLED_ITEM('overriding color',(#10346),#5380,
  #10336);
#10346 = PRESENTATION_STYLE_ASSIGNMENT((#10347,#10352));
#10347 = SURFACE_STYLE_USAGE(.BOTH.,#10348);
#10348 = SURFACE_SIDE_STYLE('',(#10349));
#10349 = SURFACE_STYLE_FILL_AREA(#10350);
#10350 = FILL_AREA_STYLE('',(#10351));
#10351 = FILL_AREA_STYLE_COLOUR('',#8578);
#10352 = CURVE_STYLE('',#10353,POSITIVE_LENGTH_MEASURE(0.1),#8578);
#10353 = DRAUGHTING_PRE_DEFINED_CURVE_FONT('continuous');
#10354 = STYLED_ITEM('color',(#10355),#5392);
#10355 = PRESENTATION_STYLE_ASSIGNMENT((#10356,#10361));
#10356 = SURFACE_STYLE_USAGE(.BOTH.,#10357);
#10357 = SURFACE_SIDE_STYLE('',(#10358));
#10358 = SURFACE_STYLE_FILL_AREA(#10359);
#10359 = FILL_AREA_STYLE('',(#10360));
#10360 = FILL_AREA_STYLE_COLOUR('',#8578);
#10361 = CURVE_STYLE('',#10362,POSITIVE_LENGTH_MEASURE(0.1),#8578);
#10362 = DRAUGHTING_PRE_DEFINED_CURVE_FONT('continuous');
#10363 = STYLED_ITEM('color',(#10364),#5441);
#10364 = PRESENTATION_STYLE_ASSIGNMENT((#10365,#10370));
#10365 = SURFACE_STYLE_USAGE(.BOTH.,#10366);
#10366 = SURFACE_SIDE_STYLE('',(#10367));
#10367 = SURFACE_STYLE_FILL_AREA(#10368);
#10368 = FILL_AREA_STYLE('',(#10369));
#10369 = FILL_AREA_STYLE_COLOUR('',#8578);
#10370 = CURVE_STYLE('',#10371,POSITIVE_LENGTH_MEASURE(0.1),#8578);
#10371 = DRAUGHTING_PRE_DEFINED_CURVE_FONT('continuous');
#10372 = STYLED_ITEM('color',(#10373),#5465);
#10373 = PRESENTATION_STYLE_ASSIGNMENT((#10374,#10379));
#10374 = SURFACE_STYLE_USAGE(.BOTH.,#10375);
#10375 = SURFACE_SIDE_STYLE('',(#10376));
#10376 = SURFACE_STYLE_FILL_AREA(#10377);
#10377 = FILL_AREA_STYLE('',(#10378));
#10378 = FILL_AREA_STYLE_COLOUR('',#8578);
#10379 = CURVE_STYLE('',#10380,POSITIVE_LENGTH_MEASURE(0.1),#8578);
#10380 = DRAUGHTING_PRE_DEFINED_CURVE_FONT('continuous');
#10381 = STYLED_ITEM('color',(#10382),#5507);
#10382 = PRESENTATION_STYLE_ASSIGNMENT((#10383,#10388));
#10383 = SURFACE_STYLE_USAGE(.BOTH.,#10384);
#10384 = SURFACE_SIDE_STYLE('',(#10385));
#10385 = SURFACE_STYLE_FILL_AREA(#10386);
#10386 = FILL_AREA_STYLE('',(#10387));
#10387 = FILL_AREA_STYLE_COLOUR('',#8578);
#10388 = CURVE_STYLE('',#10389,POSITIVE_LENGTH_MEASURE(0.1),#8578);
#10389 = DRAUGHTING_PRE_DEFINED_CURVE_FONT('continuous');
#10390 = STYLED_ITEM('color',(#10391),#5524);
#10391 = PRESENTATION_STYLE_ASSIGNMENT((#10392,#10397));
#10392 = SURFACE_STYLE_USAGE(.BOTH.,#10393);
#10393 = SURFACE_SIDE_STYLE('',(#10394));
#10394 = SURFACE_STYLE_FILL_AREA(#10395);
#10395 = FILL_AREA_STYLE('',(#10396));
#10396 = FILL_AREA_STYLE_COLOUR('',#8402);
#10397 = CURVE_STYLE('',#10398,POSITIVE_LENGTH_MEASURE(0.1),#8402);
#10398 = DRAUGHTING_PRE_DEFINED_CURVE_FONT('continuous');
#10399 = OVER_RIDING_STYLED_ITEM('overriding color',(#10400),#5531,
  #10390);
#10400 = PRESENTATION_STYLE_ASSIGNMENT((#10401,#10406));
#10401 = SURFACE_STYLE_USAGE(.BOTH.,#10402);
#10402 = SURFACE_SIDE_STYLE('',(#10403));
#10403 = SURFACE_STYLE_FILL_AREA(#10404);
#10404 = FILL_AREA_STYLE('',(#10405));
#10405 = FILL_AREA_STYLE_COLOUR('',#8578);
#10406 = CURVE_STYLE('',#10407,POSITIVE_LENGTH_MEASURE(0.1),#8578);
#10407 = DRAUGHTING_PRE_DEFINED_CURVE_FONT('continuous');
#10408 = STYLED_ITEM('color',(#10409),#5541);
#10409 = PRESENTATION_STYLE_ASSIGNMENT((#10410,#10415));
#10410 = SURFACE_STYLE_USAGE(.BOTH.,#10411);
#10411 = SURFACE_SIDE_STYLE('',(#10412));
#10412 = SURFACE_STYLE_FILL_AREA(#10413);
#10413 = FILL_AREA_STYLE('',(#10414));
#10414 = FILL_AREA_STYLE_COLOUR('',#8402);
#10415 = CURVE_STYLE('',#10416,POSITIVE_LENGTH_MEASURE(0.1),#8402);
#10416 = DRAUGHTING_PRE_DEFINED_CURVE_FONT('continuous');
#10417 = OVER_RIDING_STYLED_ITEM('overriding color',(#10418),#5546,
  #10408);
#10418 = PRESENTATION_STYLE_ASSIGNMENT((#10419,#10424));
#10419 = SURFACE_STYLE_USAGE(.BOTH.,#10420);
#10420 = SURFACE_SIDE_STYLE('',(#10421));
#10421 = SURFACE_STYLE_FILL_AREA(#10422);
#10422 = FILL_AREA_STYLE('',(#10423));
#10423 = FILL_AREA_STYLE_COLOUR('',#8578);
#10424 = CURVE_STYLE('',#10425,POSITIVE_LENGTH_MEASURE(0.1),#8578);
#10425 = DRAUGHTING_PRE_DEFINED_CURVE_FONT('continuous');
#10426 = STYLED_ITEM('color',(#10427),#5558);
#10427 = PRESENTATION_STYLE_ASSIGNMENT((#10428,#10433));
#10428 = SURFACE_STYLE_USAGE(.BOTH.,#10429);
#10429 = SURFACE_SIDE_STYLE('',(#10430));
#10430 = SURFACE_STYLE_FILL_AREA(#10431);
#10431 = FILL_AREA_STYLE('',(#10432));
#10432 = FILL_AREA_STYLE_COLOUR('',#8578);
#10433 = CURVE_STYLE('',#10434,POSITIVE_LENGTH_MEASURE(0.1),#8578);
#10434 = DRAUGHTING_PRE_DEFINED_CURVE_FONT('continuous');
#10435 = STYLED_ITEM('color',(#10436),#5607);
#10436 = PRESENTATION_STYLE_ASSIGNMENT((#10437,#10442));
#10437 = SURFACE_STYLE_USAGE(.BOTH.,#10438);
#10438 = SURFACE_SIDE_STYLE('',(#10439));
#10439 = SURFACE_STYLE_FILL_AREA(#10440);
#10440 = FILL_AREA_STYLE('',(#10441));
#10441 = FILL_AREA_STYLE_COLOUR('',#8578);
#10442 = CURVE_STYLE('',#10443,POSITIVE_LENGTH_MEASURE(0.1),#8578);
#10443 = DRAUGHTING_PRE_DEFINED_CURVE_FONT('continuous');
#10444 = STYLED_ITEM('color',(#10445),#5631);
#10445 = PRESENTATION_STYLE_ASSIGNMENT((#10446,#10451));
#10446 = SURFACE_STYLE_USAGE(.BOTH.,#10447);
#10447 = SURFACE_SIDE_STYLE('',(#10448));
#10448 = SURFACE_STYLE_FILL_AREA(#10449);
#10449 = FILL_AREA_STYLE('',(#10450));
#10450 = FILL_AREA_STYLE_COLOUR('',#8578);
#10451 = CURVE_STYLE('',#10452,POSITIVE_LENGTH_MEASURE(0.1),#8578);
#10452 = DRAUGHTING_PRE_DEFINED_CURVE_FONT('continuous');
#10453 = STYLED_ITEM('color',(#10454),#5673);
#10454 = PRESENTATION_STYLE_ASSIGNMENT((#10455,#10460));
#10455 = SURFACE_STYLE_USAGE(.BOTH.,#10456);
#10456 = SURFACE_SIDE_STYLE('',(#10457));
#10457 = SURFACE_STYLE_FILL_AREA(#10458);
#10458 = FILL_AREA_STYLE('',(#10459));
#10459 = FILL_AREA_STYLE_COLOUR('',#8578);
#10460 = CURVE_STYLE('',#10461,POSITIVE_LENGTH_MEASURE(0.1),#8578);
#10461 = DRAUGHTING_PRE_DEFINED_CURVE_FONT('continuous');
#10462 = STYLED_ITEM('color',(#10463),#5690);
#10463 = PRESENTATION_STYLE_ASSIGNMENT((#10464,#10469));
#10464 = SURFACE_STYLE_USAGE(.BOTH.,#10465);
#10465 = SURFACE_SIDE_STYLE('',(#10466));
#10466 = SURFACE_STYLE_FILL_AREA(#10467);
#10467 = FILL_AREA_STYLE('',(#10468));
#10468 = FILL_AREA_STYLE_COLOUR('',#8402);
#10469 = CURVE_STYLE('',#10470,POSITIVE_LENGTH_MEASURE(0.1),#8402);
#10470 = DRAUGHTING_PRE_DEFINED_CURVE_FONT('continuous');
#10471 = OVER_RIDING_STYLED_ITEM('overriding color',(#10472),#5697,
  #10462);
#10472 = PRESENTATION_STYLE_ASSIGNMENT((#10473,#10478));
#10473 = SURFACE_STYLE_USAGE(.BOTH.,#10474);
#10474 = SURFACE_SIDE_STYLE('',(#10475));
#10475 = SURFACE_STYLE_FILL_AREA(#10476);
#10476 = FILL_AREA_STYLE('',(#10477));
#10477 = FILL_AREA_STYLE_COLOUR('',#8578);
#10478 = CURVE_STYLE('',#10479,POSITIVE_LENGTH_MEASURE(0.1),#8578);
#10479 = DRAUGHTING_PRE_DEFINED_CURVE_FONT('continuous');
#10480 = STYLED_ITEM('color',(#10481),#5707);
#10481 = PRESENTATION_STYLE_ASSIGNMENT((#10482,#10487));
#10482 = SURFACE_STYLE_USAGE(.BOTH.,#10483);
#10483 = SURFACE_SIDE_STYLE('',(#10484));
#10484 = SURFACE_STYLE_FILL_AREA(#10485);
#10485 = FILL_AREA_STYLE('',(#10486));
#10486 = FILL_AREA_STYLE_COLOUR('',#8402);
#10487 = CURVE_STYLE('',#10488,POSITIVE_LENGTH_MEASURE(0.1),#8402);
#10488 = DRAUGHTING_PRE_DEFINED_CURVE_FONT('continuous');
#10489 = OVER_RIDING_STYLED_ITEM('overriding color',(#10490),#5712,
  #10480);
#10490 = PRESENTATION_STYLE_ASSIGNMENT((#10491,#10496));
#10491 = SURFACE_STYLE_USAGE(.BOTH.,#10492);
#10492 = SURFACE_SIDE_STYLE('',(#10493));
#10493 = SURFACE_STYLE_FILL_AREA(#10494);
#10494 = FILL_AREA_STYLE('',(#10495));
#10495 = FILL_AREA_STYLE_COLOUR('',#8578);
#10496 = CURVE_STYLE('',#10497,POSITIVE_LENGTH_MEASURE(0.1),#8578);
#10497 = DRAUGHTING_PRE_DEFINED_CURVE_FONT('continuous');
#10498 = STYLED_ITEM('color',(#10499),#5724);
#10499 = PRESENTATION_STYLE_ASSIGNMENT((#10500,#10505));
#10500 = SURFACE_STYLE_USAGE(.BOTH.,#10501);
#10501 = SURFACE_SIDE_STYLE('',(#10502));
#10502 = SURFACE_STYLE_FILL_AREA(#10503);
#10503 = FILL_AREA_STYLE('',(#10504));
#10504 = FILL_AREA_STYLE_COLOUR('',#8578);
#10505 = CURVE_STYLE('',#10506,POSITIVE_LENGTH_MEASURE(0.1),#8578);
#10506 = DRAUGHTING_PRE_DEFINED_CURVE_FONT('continuous');
#10507 = STYLED_ITEM('color',(#10508),#5773);
#10508 = PRESENTATION_STYLE_ASSIGNMENT((#10509,#10514));
#10509 = SURFACE_STYLE_USAGE(.BOTH.,#10510);
#10510 = SURFACE_SIDE_STYLE('',(#10511));
#10511 = SURFACE_STYLE_FILL_AREA(#10512);
#10512 = FILL_AREA_STYLE('',(#10513));
#10513 = FILL_AREA_STYLE_COLOUR('',#8578);
#10514 = CURVE_STYLE('',#10515,POSITIVE_LENGTH_MEASURE(0.1),#8578);
#10515 = DRAUGHTING_PRE_DEFINED_CURVE_FONT('continuous');
#10516 = STYLED_ITEM('color',(#10517),#5797);
#10517 = PRESENTATION_STYLE_ASSIGNMENT((#10518,#10523));
#10518 = SURFACE_STYLE_USAGE(.BOTH.,#10519);
#10519 = SURFACE_SIDE_STYLE('',(#10520));
#10520 = SURFACE_STYLE_FILL_AREA(#10521);
#10521 = FILL_AREA_STYLE('',(#10522));
#10522 = FILL_AREA_STYLE_COLOUR('',#8578);
#10523 = CURVE_STYLE('',#10524,POSITIVE_LENGTH_MEASURE(0.1),#8578);
#10524 = DRAUGHTING_PRE_DEFINED_CURVE_FONT('continuous');
#10525 = STYLED_ITEM('color',(#10526),#5839);
#10526 = PRESENTATION_STYLE_ASSIGNMENT((#10527,#10532));
#10527 = SURFACE_STYLE_USAGE(.BOTH.,#10528);
#10528 = SURFACE_SIDE_STYLE('',(#10529));
#10529 = SURFACE_STYLE_FILL_AREA(#10530);
#10530 = FILL_AREA_STYLE('',(#10531));
#10531 = FILL_AREA_STYLE_COLOUR('',#8578);
#10532 = CURVE_STYLE('',#10533,POSITIVE_LENGTH_MEASURE(0.1),#8578);
#10533 = DRAUGHTING_PRE_DEFINED_CURVE_FONT('continuous');
#10534 = STYLED_ITEM('color',(#10535),#5856);
#10535 = PRESENTATION_STYLE_ASSIGNMENT((#10536,#10541));
#10536 = SURFACE_STYLE_USAGE(.BOTH.,#10537);
#10537 = SURFACE_SIDE_STYLE('',(#10538));
#10538 = SURFACE_STYLE_FILL_AREA(#10539);
#10539 = FILL_AREA_STYLE('',(#10540));
#10540 = FILL_AREA_STYLE_COLOUR('',#8402);
#10541 = CURVE_STYLE('',#10542,POSITIVE_LENGTH_MEASURE(0.1),#8402);
#10542 = DRAUGHTING_PRE_DEFINED_CURVE_FONT('continuous');
#10543 = OVER_RIDING_STYLED_ITEM('overriding color',(#10544),#5863,
  #10534);
#10544 = PRESENTATION_STYLE_ASSIGNMENT((#10545,#10550));
#10545 = SURFACE_STYLE_USAGE(.BOTH.,#10546);
#10546 = SURFACE_SIDE_STYLE('',(#10547));
#10547 = SURFACE_STYLE_FILL_AREA(#10548);
#10548 = FILL_AREA_STYLE('',(#10549));
#10549 = FILL_AREA_STYLE_COLOUR('',#8578);
#10550 = CURVE_STYLE('',#10551,POSITIVE_LENGTH_MEASURE(0.1),#8578);
#10551 = DRAUGHTING_PRE_DEFINED_CURVE_FONT('continuous');
#10552 = STYLED_ITEM('color',(#10553),#5873);
#10553 = PRESENTATION_STYLE_ASSIGNMENT((#10554,#10559));
#10554 = SURFACE_STYLE_USAGE(.BOTH.,#10555);
#10555 = SURFACE_SIDE_STYLE('',(#10556));
#10556 = SURFACE_STYLE_FILL_AREA(#10557);
#10557 = FILL_AREA_STYLE('',(#10558));
#10558 = FILL_AREA_STYLE_COLOUR('',#8402);
#10559 = CURVE_STYLE('',#10560,POSITIVE_LENGTH_MEASURE(0.1),#8402);
#10560 = DRAUGHTING_PRE_DEFINED_CURVE_FONT('continuous');
#10561 = OVER_RIDING_STYLED_ITEM('overriding color',(#10562),#5878,
  #10552);
#10562 = PRESENTATION_STYLE_ASSIGNMENT((#10563,#10568));
#10563 = SURFACE_STYLE_USAGE(.BOTH.,#10564);
#10564 = SURFACE_SIDE_STYLE('',(#10565));
#10565 = SURFACE_STYLE_FILL_AREA(#10566);
#10566 = FILL_AREA_STYLE('',(#10567));
#10567 = FILL_AREA_STYLE_COLOUR('',#8578);
#10568 = CURVE_STYLE('',#10569,POSITIVE_LENGTH_MEASURE(0.1),#8578);
#10569 = DRAUGHTING_PRE_DEFINED_CURVE_FONT('continuous');
#10570 = STYLED_ITEM('color',(#10571),#5890);
#10571 = PRESENTATION_STYLE_ASSIGNMENT((#10572,#10577));
#10572 = SURFACE_STYLE_USAGE(.BOTH.,#10573);
#10573 = SURFACE_SIDE_STYLE('',(#10574));
#10574 = SURFACE_STYLE_FILL_AREA(#10575);
#10575 = FILL_AREA_STYLE('',(#10576));
#10576 = FILL_AREA_STYLE_COLOUR('',#8578);
#10577 = CURVE_STYLE('',#10578,POSITIVE_LENGTH_MEASURE(0.1),#8578);
#10578 = DRAUGHTING_PRE_DEFINED_CURVE_FONT('continuous');
#10579 = STYLED_ITEM('color',(#10580),#5939);
#10580 = PRESENTATION_STYLE_ASSIGNMENT((#10581,#10586));
#10581 = SURFACE_STYLE_USAGE(.BOTH.,#10582);
#10582 = SURFACE_SIDE_STYLE('',(#10583));
#10583 = SURFACE_STYLE_FILL_AREA(#10584);
#10584 = FILL_AREA_STYLE('',(#10585));
#10585 = FILL_AREA_STYLE_COLOUR('',#8578);
#10586 = CURVE_STYLE('',#10587,POSITIVE_LENGTH_MEASURE(0.1),#8578);
#10587 = DRAUGHTING_PRE_DEFINED_CURVE_FONT('continuous');
#10588 = STYLED_ITEM('color',(#10589),#5963);
#10589 = PRESENTATION_STYLE_ASSIGNMENT((#10590,#10595));
#10590 = SURFACE_STYLE_USAGE(.BOTH.,#10591);
#10591 = SURFACE_SIDE_STYLE('',(#10592));
#10592 = SURFACE_STYLE_FILL_AREA(#10593);
#10593 = FILL_AREA_STYLE('',(#10594));
#10594 = FILL_AREA_STYLE_COLOUR('',#8578);
#10595 = CURVE_STYLE('',#10596,POSITIVE_LENGTH_MEASURE(0.1),#8578);
#10596 = DRAUGHTING_PRE_DEFINED_CURVE_FONT('continuous');
#10597 = STYLED_ITEM('color',(#10598),#6005);
#10598 = PRESENTATION_STYLE_ASSIGNMENT((#10599,#10604));
#10599 = SURFACE_STYLE_USAGE(.BOTH.,#10600);
#10600 = SURFACE_SIDE_STYLE('',(#10601));
#10601 = SURFACE_STYLE_FILL_AREA(#10602);
#10602 = FILL_AREA_STYLE('',(#10603));
#10603 = FILL_AREA_STYLE_COLOUR('',#8578);
#10604 = CURVE_STYLE('',#10605,POSITIVE_LENGTH_MEASURE(0.1),#8578);
#10605 = DRAUGHTING_PRE_DEFINED_CURVE_FONT('continuous');
#10606 = STYLED_ITEM('color',(#10607),#6022);
#10607 = PRESENTATION_STYLE_ASSIGNMENT((#10608,#10613));
#10608 = SURFACE_STYLE_USAGE(.BOTH.,#10609);
#10609 = SURFACE_SIDE_STYLE('',(#10610));
#10610 = SURFACE_STYLE_FILL_AREA(#10611);
#10611 = FILL_AREA_STYLE('',(#10612));
#10612 = FILL_AREA_STYLE_COLOUR('',#8402);
#10613 = CURVE_STYLE('',#10614,POSITIVE_LENGTH_MEASURE(0.1),#8402);
#10614 = DRAUGHTING_PRE_DEFINED_CURVE_FONT('continuous');
#10615 = OVER_RIDING_STYLED_ITEM('overriding color',(#10616),#6029,
  #10606);
#10616 = PRESENTATION_STYLE_ASSIGNMENT((#10617,#10622));
#10617 = SURFACE_STYLE_USAGE(.BOTH.,#10618);
#10618 = SURFACE_SIDE_STYLE('',(#10619));
#10619 = SURFACE_STYLE_FILL_AREA(#10620);
#10620 = FILL_AREA_STYLE('',(#10621));
#10621 = FILL_AREA_STYLE_COLOUR('',#8578);
#10622 = CURVE_STYLE('',#10623,POSITIVE_LENGTH_MEASURE(0.1),#8578);
#10623 = DRAUGHTING_PRE_DEFINED_CURVE_FONT('continuous');
#10624 = STYLED_ITEM('color',(#10625),#6039);
#10625 = PRESENTATION_STYLE_ASSIGNMENT((#10626,#10631));
#10626 = SURFACE_STYLE_USAGE(.BOTH.,#10627);
#10627 = SURFACE_SIDE_STYLE('',(#10628));
#10628 = SURFACE_STYLE_FILL_AREA(#10629);
#10629 = FILL_AREA_STYLE('',(#10630));
#10630 = FILL_AREA_STYLE_COLOUR('',#8402);
#10631 = CURVE_STYLE('',#10632,POSITIVE_LENGTH_MEASURE(0.1),#8402);
#10632 = DRAUGHTING_PRE_DEFINED_CURVE_FONT('continuous');
#10633 = OVER_RIDING_STYLED_ITEM('overriding color',(#10634),#6044,
  #10624);
#10634 = PRESENTATION_STYLE_ASSIGNMENT((#10635,#10640));
#10635 = SURFACE_STYLE_USAGE(.BOTH.,#10636);
#10636 = SURFACE_SIDE_STYLE('',(#10637));
#10637 = SURFACE_STYLE_FILL_AREA(#10638);
#10638 = FILL_AREA_STYLE('',(#10639));
#10639 = FILL_AREA_STYLE_COLOUR('',#8578);
#10640 = CURVE_STYLE('',#10641,POSITIVE_LENGTH_MEASURE(0.1),#8578);
#10641 = DRAUGHTING_PRE_DEFINED_CURVE_FONT('continuous');
#10642 = STYLED_ITEM('color',(#10643),#6056);
#10643 = PRESENTATION_STYLE_ASSIGNMENT((#10644,#10649));
#10644 = SURFACE_STYLE_USAGE(.BOTH.,#10645);
#10645 = SURFACE_SIDE_STYLE('',(#10646));
#10646 = SURFACE_STYLE_FILL_AREA(#10647);
#10647 = FILL_AREA_STYLE('',(#10648));
#10648 = FILL_AREA_STYLE_COLOUR('',#8578);
#10649 = CURVE_STYLE('',#10650,POSITIVE_LENGTH_MEASURE(0.1),#8578);
#10650 = DRAUGHTING_PRE_DEFINED_CURVE_FONT('continuous');
#10651 = STYLED_ITEM('color',(#10652),#6105);
#10652 = PRESENTATION_STYLE_ASSIGNMENT((#10653,#10658));
#10653 = SURFACE_STYLE_USAGE(.BOTH.,#10654);
#10654 = SURFACE_SIDE_STYLE('',(#10655));
#10655 = SURFACE_STYLE_FILL_AREA(#10656);
#10656 = FILL_AREA_STYLE('',(#10657));
#10657 = FILL_AREA_STYLE_COLOUR('',#8578);
#10658 = CURVE_STYLE('',#10659,POSITIVE_LENGTH_MEASURE(0.1),#8578);
#10659 = DRAUGHTING_PRE_DEFINED_CURVE_FONT('continuous');
#10660 = STYLED_ITEM('color',(#10661),#6129);
#10661 = PRESENTATION_STYLE_ASSIGNMENT((#10662,#10667));
#10662 = SURFACE_STYLE_USAGE(.BOTH.,#10663);
#10663 = SURFACE_SIDE_STYLE('',(#10664));
#10664 = SURFACE_STYLE_FILL_AREA(#10665);
#10665 = FILL_AREA_STYLE('',(#10666));
#10666 = FILL_AREA_STYLE_COLOUR('',#8578);
#10667 = CURVE_STYLE('',#10668,POSITIVE_LENGTH_MEASURE(0.1),#8578);
#10668 = DRAUGHTING_PRE_DEFINED_CURVE_FONT('continuous');
#10669 = STYLED_ITEM('color',(#10670),#6171);
#10670 = PRESENTATION_STYLE_ASSIGNMENT((#10671,#10676));
#10671 = SURFACE_STYLE_USAGE(.BOTH.,#10672);
#10672 = SURFACE_SIDE_STYLE('',(#10673));
#10673 = SURFACE_STYLE_FILL_AREA(#10674);
#10674 = FILL_AREA_STYLE('',(#10675));
#10675 = FILL_AREA_STYLE_COLOUR('',#8578);
#10676 = CURVE_STYLE('',#10677,POSITIVE_LENGTH_MEASURE(0.1),#8578);
#10677 = DRAUGHTING_PRE_DEFINED_CURVE_FONT('continuous');
#10678 = STYLED_ITEM('color',(#10679),#6188);
#10679 = PRESENTATION_STYLE_ASSIGNMENT((#10680,#10685));
#10680 = SURFACE_STYLE_USAGE(.BOTH.,#10681);
#10681 = SURFACE_SIDE_STYLE('',(#10682));
#10682 = SURFACE_STYLE_FILL_AREA(#10683);
#10683 = FILL_AREA_STYLE('',(#10684));
#10684 = FILL_AREA_STYLE_COLOUR('',#8402);
#10685 = CURVE_STYLE('',#10686,POSITIVE_LENGTH_MEASURE(0.1),#8402);
#10686 = DRAUGHTING_PRE_DEFINED_CURVE_FONT('continuous');
#10687 = OVER_RIDING_STYLED_ITEM('overriding color',(#10688),#6195,
  #10678);
#10688 = PRESENTATION_STYLE_ASSIGNMENT((#10689,#10694));
#10689 = SURFACE_STYLE_USAGE(.BOTH.,#10690);
#10690 = SURFACE_SIDE_STYLE('',(#10691));
#10691 = SURFACE_STYLE_FILL_AREA(#10692);
#10692 = FILL_AREA_STYLE('',(#10693));
#10693 = FILL_AREA_STYLE_COLOUR('',#8578);
#10694 = CURVE_STYLE('',#10695,POSITIVE_LENGTH_MEASURE(0.1),#8578);
#10695 = DRAUGHTING_PRE_DEFINED_CURVE_FONT('continuous');
#10696 = STYLED_ITEM('color',(#10697),#6205);
#10697 = PRESENTATION_STYLE_ASSIGNMENT((#10698,#10703));
#10698 = SURFACE_STYLE_USAGE(.BOTH.,#10699);
#10699 = SURFACE_SIDE_STYLE('',(#10700));
#10700 = SURFACE_STYLE_FILL_AREA(#10701);
#10701 = FILL_AREA_STYLE('',(#10702));
#10702 = FILL_AREA_STYLE_COLOUR('',#8402);
#10703 = CURVE_STYLE('',#10704,POSITIVE_LENGTH_MEASURE(0.1),#8402);
#10704 = DRAUGHTING_PRE_DEFINED_CURVE_FONT('continuous');
#10705 = OVER_RIDING_STYLED_ITEM('overriding color',(#10706),#6210,
  #10696);
#10706 = PRESENTATION_STYLE_ASSIGNMENT((#10707,#10712));
#10707 = SURFACE_STYLE_USAGE(.BOTH.,#10708);
#10708 = SURFACE_SIDE_STYLE('',(#10709));
#10709 = SURFACE_STYLE_FILL_AREA(#10710);
#10710 = FILL_AREA_STYLE('',(#10711));
#10711 = FILL_AREA_STYLE_COLOUR('',#8578);
#10712 = CURVE_STYLE('',#10713,POSITIVE_LENGTH_MEASURE(0.1),#8578);
#10713 = DRAUGHTING_PRE_DEFINED_CURVE_FONT('continuous');
#10714 = STYLED_ITEM('color',(#10715),#6222);
#10715 = PRESENTATION_STYLE_ASSIGNMENT((#10716,#10721));
#10716 = SURFACE_STYLE_USAGE(.BOTH.,#10717);
#10717 = SURFACE_SIDE_STYLE('',(#10718));
#10718 = SURFACE_STYLE_FILL_AREA(#10719);
#10719 = FILL_AREA_STYLE('',(#10720));
#10720 = FILL_AREA_STYLE_COLOUR('',#8578);
#10721 = CURVE_STYLE('',#10722,POSITIVE_LENGTH_MEASURE(0.1),#8578);
#10722 = DRAUGHTING_PRE_DEFINED_CURVE_FONT('continuous');
#10723 = STYLED_ITEM('color',(#10724),#6271);
#10724 = PRESENTATION_STYLE_ASSIGNMENT((#10725,#10730));
#10725 = SURFACE_STYLE_USAGE(.BOTH.,#10726);
#10726 = SURFACE_SIDE_STYLE('',(#10727));
#10727 = SURFACE_STYLE_FILL_AREA(#10728);
#10728 = FILL_AREA_STYLE('',(#10729));
#10729 = FILL_AREA_STYLE_COLOUR('',#8578);
#10730 = CURVE_STYLE('',#10731,POSITIVE_LENGTH_MEASURE(0.1),#8578);
#10731 = DRAUGHTING_PRE_DEFINED_CURVE_FONT('continuous');
#10732 = STYLED_ITEM('color',(#10733),#6295);
#10733 = PRESENTATION_STYLE_ASSIGNMENT((#10734,#10739));
#10734 = SURFACE_STYLE_USAGE(.BOTH.,#10735);
#10735 = SURFACE_SIDE_STYLE('',(#10736));
#10736 = SURFACE_STYLE_FILL_AREA(#10737);
#10737 = FILL_AREA_STYLE('',(#10738));
#10738 = FILL_AREA_STYLE_COLOUR('',#8578);
#10739 = CURVE_STYLE('',#10740,POSITIVE_LENGTH_MEASURE(0.1),#8578);
#10740 = DRAUGHTING_PRE_DEFINED_CURVE_FONT('continuous');
#10741 = STYLED_ITEM('color',(#10742),#6337);
#10742 = PRESENTATION_STYLE_ASSIGNMENT((#10743,#10748));
#10743 = SURFACE_STYLE_USAGE(.BOTH.,#10744);
#10744 = SURFACE_SIDE_STYLE('',(#10745));
#10745 = SURFACE_STYLE_FILL_AREA(#10746);
#10746 = FILL_AREA_STYLE('',(#10747));
#10747 = FILL_AREA_STYLE_COLOUR('',#8578);
#10748 = CURVE_STYLE('',#10749,POSITIVE_LENGTH_MEASURE(0.1),#8578);
#10749 = DRAUGHTING_PRE_DEFINED_CURVE_FONT('continuous');
#10750 = STYLED_ITEM('color',(#10751),#6354);
#10751 = PRESENTATION_STYLE_ASSIGNMENT((#10752,#10757));
#10752 = SURFACE_STYLE_USAGE(.BOTH.,#10753);
#10753 = SURFACE_SIDE_STYLE('',(#10754));
#10754 = SURFACE_STYLE_FILL_AREA(#10755);
#10755 = FILL_AREA_STYLE('',(#10756));
#10756 = FILL_AREA_STYLE_COLOUR('',#8402);
#10757 = CURVE_STYLE('',#10758,POSITIVE_LENGTH_MEASURE(0.1),#8402);
#10758 = DRAUGHTING_PRE_DEFINED_CURVE_FONT('continuous');
#10759 = OVER_RIDING_STYLED_ITEM('overriding color',(#10760),#6361,
  #10750);
#10760 = PRESENTATION_STYLE_ASSIGNMENT((#10761,#10766));
#10761 = SURFACE_STYLE_USAGE(.BOTH.,#10762);
#10762 = SURFACE_SIDE_STYLE('',(#10763));
#10763 = SURFACE_STYLE_FILL_AREA(#10764);
#10764 = FILL_AREA_STYLE('',(#10765));
#10765 = FILL_AREA_STYLE_COLOUR('',#8578);
#10766 = CURVE_STYLE('',#10767,POSITIVE_LENGTH_MEASURE(0.1),#8578);
#10767 = DRAUGHTING_PRE_DEFINED_CURVE_FONT('continuous');
#10768 = STYLED_ITEM('color',(#10769),#6371);
#10769 = PRESENTATION_STYLE_ASSIGNMENT((#10770,#10775));
#10770 = SURFACE_STYLE_USAGE(.BOTH.,#10771);
#10771 = SURFACE_SIDE_STYLE('',(#10772));
#10772 = SURFACE_STYLE_FILL_AREA(#10773);
#10773 = FILL_AREA_STYLE('',(#10774));
#10774 = FILL_AREA_STYLE_COLOUR('',#8402);
#10775 = CURVE_STYLE('',#10776,POSITIVE_LENGTH_MEASURE(0.1),#8402);
#10776 = DRAUGHTING_PRE_DEFINED_CURVE_FONT('continuous');
#10777 = OVER_RIDING_STYLED_ITEM('overriding color',(#10778),#6376,
  #10768);
#10778 = PRESENTATION_STYLE_ASSIGNMENT((#10779,#10784));
#10779 = SURFACE_STYLE_USAGE(.BOTH.,#10780);
#10780 = SURFACE_SIDE_STYLE('',(#10781));
#10781 = SURFACE_STYLE_FILL_AREA(#10782);
#10782 = FILL_AREA_STYLE('',(#10783));
#10783 = FILL_AREA_STYLE_COLOUR('',#8578);
#10784 = CURVE_STYLE('',#10785,POSITIVE_LENGTH_MEASURE(0.1),#8578);
#10785 = DRAUGHTING_PRE_DEFINED_CURVE_FONT('continuous');
#10786 = STYLED_ITEM('color',(#10787),#6388);
#10787 = PRESENTATION_STYLE_ASSIGNMENT((#10788,#10793));
#10788 = SURFACE_STYLE_USAGE(.BOTH.,#10789);
#10789 = SURFACE_SIDE_STYLE('',(#10790));
#10790 = SURFACE_STYLE_FILL_AREA(#10791);
#10791 = FILL_AREA_STYLE('',(#10792));
#10792 = FILL_AREA_STYLE_COLOUR('',#8578);
#10793 = CURVE_STYLE('',#10794,POSITIVE_LENGTH_MEASURE(0.1),#8578);
#10794 = DRAUGHTING_PRE_DEFINED_CURVE_FONT('continuous');
#10795 = STYLED_ITEM('color',(#10796),#6437);
#10796 = PRESENTATION_STYLE_ASSIGNMENT((#10797,#10802));
#10797 = SURFACE_STYLE_USAGE(.BOTH.,#10798);
#10798 = SURFACE_SIDE_STYLE('',(#10799));
#10799 = SURFACE_STYLE_FILL_AREA(#10800);
#10800 = FILL_AREA_STYLE('',(#10801));
#10801 = FILL_AREA_STYLE_COLOUR('',#8578);
#10802 = CURVE_STYLE('',#10803,POSITIVE_LENGTH_MEASURE(0.1),#8578);
#10803 = DRAUGHTING_PRE_DEFINED_CURVE_FONT('continuous');
#10804 = STYLED_ITEM('color',(#10805),#6461);
#10805 = PRESENTATION_STYLE_ASSIGNMENT((#10806,#10811));
#10806 = SURFACE_STYLE_USAGE(.BOTH.,#10807);
#10807 = SURFACE_SIDE_STYLE('',(#10808));
#10808 = SURFACE_STYLE_FILL_AREA(#10809);
#10809 = FILL_AREA_STYLE('',(#10810));
#10810 = FILL_AREA_STYLE_COLOUR('',#8578);
#10811 = CURVE_STYLE('',#10812,POSITIVE_LENGTH_MEASURE(0.1),#8578);
#10812 = DRAUGHTING_PRE_DEFINED_CURVE_FONT('continuous');
#10813 = STYLED_ITEM('color',(#10814),#6503);
#10814 = PRESENTATION_STYLE_ASSIGNMENT((#10815,#10820));
#10815 = SURFACE_STYLE_USAGE(.BOTH.,#10816);
#10816 = SURFACE_SIDE_STYLE('',(#10817));
#10817 = SURFACE_STYLE_FILL_AREA(#10818);
#10818 = FILL_AREA_STYLE('',(#10819));
#10819 = FILL_AREA_STYLE_COLOUR('',#8578);
#10820 = CURVE_STYLE('',#10821,POSITIVE_LENGTH_MEASURE(0.1),#8578);
#10821 = DRAUGHTING_PRE_DEFINED_CURVE_FONT('continuous');
#10822 = STYLED_ITEM('color',(#10823),#6520);
#10823 = PRESENTATION_STYLE_ASSIGNMENT((#10824,#10829));
#10824 = SURFACE_STYLE_USAGE(.BOTH.,#10825);
#10825 = SURFACE_SIDE_STYLE('',(#10826));
#10826 = SURFACE_STYLE_FILL_AREA(#10827);
#10827 = FILL_AREA_STYLE('',(#10828));
#10828 = FILL_AREA_STYLE_COLOUR('',#8578);
#10829 = CURVE_STYLE('',#10830,POSITIVE_LENGTH_MEASURE(0.1),#8578);
#10830 = DRAUGHTING_PRE_DEFINED_CURVE_FONT('continuous');
#10831 = STYLED_ITEM('color',(#10832),#6537);
#10832 = PRESENTATION_STYLE_ASSIGNMENT((#10833,#10838));
#10833 = SURFACE_STYLE_USAGE(.BOTH.,#10834);
#10834 = SURFACE_SIDE_STYLE('',(#10835));
#10835 = SURFACE_STYLE_FILL_AREA(#10836);
#10836 = FILL_AREA_STYLE('',(#10837));
#10837 = FILL_AREA_STYLE_COLOUR('',#8578);
#10838 = CURVE_STYLE('',#10839,POSITIVE_LENGTH_MEASURE(0.1),#8578);
#10839 = DRAUGHTING_PRE_DEFINED_CURVE_FONT('continuous');
#10840 = STYLED_ITEM('color',(#10841),#6554);
#10841 = PRESENTATION_STYLE_ASSIGNMENT((#10842,#10847));
#10842 = SURFACE_STYLE_USAGE(.BOTH.,#10843);
#10843 = SURFACE_SIDE_STYLE('',(#10844));
#10844 = SURFACE_STYLE_FILL_AREA(#10845);
#10845 = FILL_AREA_STYLE('',(#10846));
#10846 = FILL_AREA_STYLE_COLOUR('',#8578);
#10847 = CURVE_STYLE('',#10848,POSITIVE_LENGTH_MEASURE(0.1),#8578);
#10848 = DRAUGHTING_PRE_DEFINED_CURVE_FONT('continuous');
#10849 = STYLED_ITEM('color',(#10850),#6566);
#10850 = PRESENTATION_STYLE_ASSIGNMENT((#10851,#10856));
#10851 = SURFACE_STYLE_USAGE(.BOTH.,#10852);
#10852 = SURFACE_SIDE_STYLE('',(#10853));
#10853 = SURFACE_STYLE_FILL_AREA(#10854);
#10854 = FILL_AREA_STYLE('',(#10855));
#10855 = FILL_AREA_STYLE_COLOUR('',#8578);
#10856 = CURVE_STYLE('',#10857,POSITIVE_LENGTH_MEASURE(0.1),#8578);
#10857 = DRAUGHTING_PRE_DEFINED_CURVE_FONT('continuous');
#10858 = STYLED_ITEM('color',(#10859),#6583);
#10859 = PRESENTATION_STYLE_ASSIGNMENT((#10860,#10865));
#10860 = SURFACE_STYLE_USAGE(.BOTH.,#10861);
#10861 = SURFACE_SIDE_STYLE('',(#10862));
#10862 = SURFACE_STYLE_FILL_AREA(#10863);
#10863 = FILL_AREA_STYLE('',(#10864));
#10864 = FILL_AREA_STYLE_COLOUR('',#8578);
#10865 = CURVE_STYLE('',#10866,POSITIVE_LENGTH_MEASURE(0.1),#8578);
#10866 = DRAUGHTING_PRE_DEFINED_CURVE_FONT('continuous');
#10867 = STYLED_ITEM('color',(#10868),#6600);
#10868 = PRESENTATION_STYLE_ASSIGNMENT((#10869,#10874));
#10869 = SURFACE_STYLE_USAGE(.BOTH.,#10870);
#10870 = SURFACE_SIDE_STYLE('',(#10871));
#10871 = SURFACE_STYLE_FILL_AREA(#10872);
#10872 = FILL_AREA_STYLE('',(#10873));
#10873 = FILL_AREA_STYLE_COLOUR('',#8578);
#10874 = CURVE_STYLE('',#10875,POSITIVE_LENGTH_MEASURE(0.1),#8578);
#10875 = DRAUGHTING_PRE_DEFINED_CURVE_FONT('continuous');
#10876 = STYLED_ITEM('color',(#10877),#6612);
#10877 = PRESENTATION_STYLE_ASSIGNMENT((#10878,#10883));
#10878 = SURFACE_STYLE_USAGE(.BOTH.,#10879);
#10879 = SURFACE_SIDE_STYLE('',(#10880));
#10880 = SURFACE_STYLE_FILL_AREA(#10881);
#10881 = FILL_AREA_STYLE('',(#10882));
#10882 = FILL_AREA_STYLE_COLOUR('',#8578);
#10883 = CURVE_STYLE('',#10884,POSITIVE_LENGTH_MEASURE(0.1),#8578);
#10884 = DRAUGHTING_PRE_DEFINED_CURVE_FONT('continuous');
#10885 = STYLED_ITEM('color',(#10886),#6629);
#10886 = PRESENTATION_STYLE_ASSIGNMENT((#10887,#10892));
#10887 = SURFACE_STYLE_USAGE(.BOTH.,#10888);
#10888 = SURFACE_SIDE_STYLE('',(#10889));
#10889 = SURFACE_STYLE_FILL_AREA(#10890);
#10890 = FILL_AREA_STYLE('',(#10891));
#10891 = FILL_AREA_STYLE_COLOUR('',#8578);
#10892 = CURVE_STYLE('',#10893,POSITIVE_LENGTH_MEASURE(0.1),#8578);
#10893 = DRAUGHTING_PRE_DEFINED_CURVE_FONT('continuous');
#10894 = STYLED_ITEM('color',(#10895),#6646);
#10895 = PRESENTATION_STYLE_ASSIGNMENT((#10896,#10901));
#10896 = SURFACE_STYLE_USAGE(.BOTH.,#10897);
#10897 = SURFACE_SIDE_STYLE('',(#10898));
#10898 = SURFACE_STYLE_FILL_AREA(#10899);
#10899 = FILL_AREA_STYLE('',(#10900));
#10900 = FILL_AREA_STYLE_COLOUR('',#8578);
#10901 = CURVE_STYLE('',#10902,POSITIVE_LENGTH_MEASURE(0.1),#8578);
#10902 = DRAUGHTING_PRE_DEFINED_CURVE_FONT('continuous');
#10903 = STYLED_ITEM('color',(#10904),#6658);
#10904 = PRESENTATION_STYLE_ASSIGNMENT((#10905,#10910));
#10905 = SURFACE_STYLE_USAGE(.BOTH.,#10906);
#10906 = SURFACE_SIDE_STYLE('',(#10907));
#10907 = SURFACE_STYLE_FILL_AREA(#10908);
#10908 = FILL_AREA_STYLE('',(#10909));
#10909 = FILL_AREA_STYLE_COLOUR('',#8578);
#10910 = CURVE_STYLE('',#10911,POSITIVE_LENGTH_MEASURE(0.1),#8578);
#10911 = DRAUGHTING_PRE_DEFINED_CURVE_FONT('continuous');
#10912 = STYLED_ITEM('color',(#10913),#6675);
#10913 = PRESENTATION_STYLE_ASSIGNMENT((#10914,#10919));
#10914 = SURFACE_STYLE_USAGE(.BOTH.,#10915);
#10915 = SURFACE_SIDE_STYLE('',(#10916));
#10916 = SURFACE_STYLE_FILL_AREA(#10917);
#10917 = FILL_AREA_STYLE('',(#10918));
#10918 = FILL_AREA_STYLE_COLOUR('',#8578);
#10919 = CURVE_STYLE('',#10920,POSITIVE_LENGTH_MEASURE(0.1),#8578);
#10920 = DRAUGHTING_PRE_DEFINED_CURVE_FONT('continuous');
#10921 = STYLED_ITEM('color',(#10922),#6692);
#10922 = PRESENTATION_STYLE_ASSIGNMENT((#10923,#10928));
#10923 = SURFACE_STYLE_USAGE(.BOTH.,#10924);
#10924 = SURFACE_SIDE_STYLE('',(#10925));
#10925 = SURFACE_STYLE_FILL_AREA(#10926);
#10926 = FILL_AREA_STYLE('',(#10927));
#10927 = FILL_AREA_STYLE_COLOUR('',#8578);
#10928 = CURVE_STYLE('',#10929,POSITIVE_LENGTH_MEASURE(0.1),#8578);
#10929 = DRAUGHTING_PRE_DEFINED_CURVE_FONT('continuous');
#10930 = STYLED_ITEM('color',(#10931),#6704);
#10931 = PRESENTATION_STYLE_ASSIGNMENT((#10932,#10937));
#10932 = SURFACE_STYLE_USAGE(.BOTH.,#10933);
#10933 = SURFACE_SIDE_STYLE('',(#10934));
#10934 = SURFACE_STYLE_FILL_AREA(#10935);
#10935 = FILL_AREA_STYLE('',(#10936));
#10936 = FILL_AREA_STYLE_COLOUR('',#8578);
#10937 = CURVE_STYLE('',#10938,POSITIVE_LENGTH_MEASURE(0.1),#8578);
#10938 = DRAUGHTING_PRE_DEFINED_CURVE_FONT('continuous');
#10939 = STYLED_ITEM('color',(#10940),#6721);
#10940 = PRESENTATION_STYLE_ASSIGNMENT((#10941,#10946));
#10941 = SURFACE_STYLE_USAGE(.BOTH.,#10942);
#10942 = SURFACE_SIDE_STYLE('',(#10943));
#10943 = SURFACE_STYLE_FILL_AREA(#10944);
#10944 = FILL_AREA_STYLE('',(#10945));
#10945 = FILL_AREA_STYLE_COLOUR('',#8578);
#10946 = CURVE_STYLE('',#10947,POSITIVE_LENGTH_MEASURE(0.1),#8578);
#10947 = DRAUGHTING_PRE_DEFINED_CURVE_FONT('continuous');
#10948 = STYLED_ITEM('color',(#10949),#6738);
#10949 = PRESENTATION_STYLE_ASSIGNMENT((#10950,#10955));
#10950 = SURFACE_STYLE_USAGE(.BOTH.,#10951);
#10951 = SURFACE_SIDE_STYLE('',(#10952));
#10952 = SURFACE_STYLE_FILL_AREA(#10953);
#10953 = FILL_AREA_STYLE('',(#10954));
#10954 = FILL_AREA_STYLE_COLOUR('',#8578);
#10955 = CURVE_STYLE('',#10956,POSITIVE_LENGTH_MEASURE(0.1),#8578);
#10956 = DRAUGHTING_PRE_DEFINED_CURVE_FONT('continuous');
#10957 = STYLED_ITEM('color',(#10958),#6750);
#10958 = PRESENTATION_STYLE_ASSIGNMENT((#10959,#10964));
#10959 = SURFACE_STYLE_USAGE(.BOTH.,#10960);
#10960 = SURFACE_SIDE_STYLE('',(#10961));
#10961 = SURFACE_STYLE_FILL_AREA(#10962);
#10962 = FILL_AREA_STYLE('',(#10963));
#10963 = FILL_AREA_STYLE_COLOUR('',#8578);
#10964 = CURVE_STYLE('',#10965,POSITIVE_LENGTH_MEASURE(0.1),#8578);
#10965 = DRAUGHTING_PRE_DEFINED_CURVE_FONT('continuous');
#10966 = STYLED_ITEM('color',(#10967),#6767);
#10967 = PRESENTATION_STYLE_ASSIGNMENT((#10968,#10973));
#10968 = SURFACE_STYLE_USAGE(.BOTH.,#10969);
#10969 = SURFACE_SIDE_STYLE('',(#10970));
#10970 = SURFACE_STYLE_FILL_AREA(#10971);
#10971 = FILL_AREA_STYLE('',(#10972));
#10972 = FILL_AREA_STYLE_COLOUR('',#8578);
#10973 = CURVE_STYLE('',#10974,POSITIVE_LENGTH_MEASURE(0.1),#8578);
#10974 = DRAUGHTING_PRE_DEFINED_CURVE_FONT('continuous');
#10975 = STYLED_ITEM('color',(#10976),#6784);
#10976 = PRESENTATION_STYLE_ASSIGNMENT((#10977,#10982));
#10977 = SURFACE_STYLE_USAGE(.BOTH.,#10978);
#10978 = SURFACE_SIDE_STYLE('',(#10979));
#10979 = SURFACE_STYLE_FILL_AREA(#10980);
#10980 = FILL_AREA_STYLE('',(#10981));
#10981 = FILL_AREA_STYLE_COLOUR('',#8578);
#10982 = CURVE_STYLE('',#10983,POSITIVE_LENGTH_MEASURE(0.1),#8578);
#10983 = DRAUGHTING_PRE_DEFINED_CURVE_FONT('continuous');
#10984 = STYLED_ITEM('color',(#10985),#6796);
#10985 = PRESENTATION_STYLE_ASSIGNMENT((#10986,#10991));
#10986 = SURFACE_STYLE_USAGE(.BOTH.,#10987);
#10987 = SURFACE_SIDE_STYLE('',(#10988));
#10988 = SURFACE_STYLE_FILL_AREA(#10989);
#10989 = FILL_AREA_STYLE('',(#10990));
#10990 = FILL_AREA_STYLE_COLOUR('',#8578);
#10991 = CURVE_STYLE('',#10992,POSITIVE_LENGTH_MEASURE(0.1),#8578);
#10992 = DRAUGHTING_PRE_DEFINED_CURVE_FONT('continuous');
#10993 = STYLED_ITEM('color',(#10994),#6813);
#10994 = PRESENTATION_STYLE_ASSIGNMENT((#10995,#11000));
#10995 = SURFACE_STYLE_USAGE(.BOTH.,#10996);
#10996 = SURFACE_SIDE_STYLE('',(#10997));
#10997 = SURFACE_STYLE_FILL_AREA(#10998);
#10998 = FILL_AREA_STYLE('',(#10999));
#10999 = FILL_AREA_STYLE_COLOUR('',#8578);
#11000 = CURVE_STYLE('',#11001,POSITIVE_LENGTH_MEASURE(0.1),#8578);
#11001 = DRAUGHTING_PRE_DEFINED_CURVE_FONT('continuous');
#11002 = STYLED_ITEM('color',(#11003),#6830);
#11003 = PRESENTATION_STYLE_ASSIGNMENT((#11004,#11009));
#11004 = SURFACE_STYLE_USAGE(.BOTH.,#11005);
#11005 = SURFACE_SIDE_STYLE('',(#11006));
#11006 = SURFACE_STYLE_FILL_AREA(#11007);
#11007 = FILL_AREA_STYLE('',(#11008));
#11008 = FILL_AREA_STYLE_COLOUR('',#8578);
#11009 = CURVE_STYLE('',#11010,POSITIVE_LENGTH_MEASURE(0.1),#8578);
#11010 = DRAUGHTING_PRE_DEFINED_CURVE_FONT('continuous');
#11011 = STYLED_ITEM('color',(#11012),#6842);
#11012 = PRESENTATION_STYLE_ASSIGNMENT((#11013,#11018));
#11013 = SURFACE_STYLE_USAGE(.BOTH.,#11014);
#11014 = SURFACE_SIDE_STYLE('',(#11015));
#11015 = SURFACE_STYLE_FILL_AREA(#11016);
#11016 = FILL_AREA_STYLE('',(#11017));
#11017 = FILL_AREA_STYLE_COLOUR('',#8578);
#11018 = CURVE_STYLE('',#11019,POSITIVE_LENGTH_MEASURE(0.1),#8578);
#11019 = DRAUGHTING_PRE_DEFINED_CURVE_FONT('continuous');
#11020 = STYLED_ITEM('color',(#11021),#6859);
#11021 = PRESENTATION_STYLE_ASSIGNMENT((#11022,#11027));
#11022 = SURFACE_STYLE_USAGE(.BOTH.,#11023);
#11023 = SURFACE_SIDE_STYLE('',(#11024));
#11024 = SURFACE_STYLE_FILL_AREA(#11025);
#11025 = FILL_AREA_STYLE('',(#11026));
#11026 = FILL_AREA_STYLE_COLOUR('',#8578);
#11027 = CURVE_STYLE('',#11028,POSITIVE_LENGTH_MEASURE(0.1),#8578);
#11028 = DRAUGHTING_PRE_DEFINED_CURVE_FONT('continuous');
#11029 = STYLED_ITEM('color',(#11030),#6876);
#11030 = PRESENTATION_STYLE_ASSIGNMENT((#11031,#11036));
#11031 = SURFACE_STYLE_USAGE(.BOTH.,#11032);
#11032 = SURFACE_SIDE_STYLE('',(#11033));
#11033 = SURFACE_STYLE_FILL_AREA(#11034);
#11034 = FILL_AREA_STYLE('',(#11035));
#11035 = FILL_AREA_STYLE_COLOUR('',#8578);
#11036 = CURVE_STYLE('',#11037,POSITIVE_LENGTH_MEASURE(0.1),#8578);
#11037 = DRAUGHTING_PRE_DEFINED_CURVE_FONT('continuous');
ENDSEC;
END-ISO-10303-21;
